"vehicle_id","vehicle_brand","vehicle_model","vehicle_type","manufacturing_year","battery_manufacturer","battery_chemistry","battery_capacity_kwh","drive_type","odometer_km","vehicle_age_years","fleet_or_private","battery_serial","cycle_count","battery_health_percent","state_of_charge","depth_of_discharge","state_of_health","cell_voltage_avg","cell_voltage_std","pack_voltage","cell_temperature_avg","cell_temperature_max","internal_resistance","charge_efficiency","discharge_efficiency","remaining_capacity","capacity_loss_percent","charging_cycles_last_month","fast_charge_ratio","slow_charge_ratio","average_charge_power_kw","average_charging_time","overnight_charging_ratio","home_charging_ratio","charging_interruptions","overcharge_events","average_speed","average_trip_distance","aggressive_acceleration_score","hard_braking_score","regenerative_braking_usage","highway_driving_ratio","city_driving_ratio","daily_distance","average_ambient_temperature","maximum_temperature","minimum_temperature","humidity","altitude","terrain_type","dust_exposure","last_service_days","cooling_system_health","firmware_updates","previous_faults","maintenance_score","thermal_runaway_risk","voltage_imbalance","temperature_variance","sensor_fault_count","bms_warning_count","abnormal_voltage_events","battery_stress_index","aging_score","thermal_health_score","charging_quality_score","driving_stress_score","predicted_remaining_life_cycles","battery_failure"
"EV108597","Nissan","Ariya","SUV","2024","LG Energy Solution","NMC","119.47","RWD",,"2.42","Fleet","BAT-10008597","1116","90.77","87.33","54.54","90.14","3.536","0.0023",,"18.74","27.03","0.269","97.66","96.88","108.44","9.23","35","0.31","0.62","72.16","123.25",,"0.08","0","1","88.13","2.59","61.37","18.28","26.62","0.55","0.74",,"-18","-8.22","-34.41","12.76","1853.51","Coastal","47.6","1469.4","97.56","4","0","44.45","3.15","6.61","32.94","1","0","1","54.78","32.61","100","92.66","36.85","10421","0"
"EV104337","Ford","F-150 Lightning","Van","2021","LG Energy Solution","LMO","100.54","AWD","157156","5.13","Private","BAT-10004337",,"81.02","22.74","25.45","79.99","3.718","0.0031","386.67","24.98","42.29","0.339","95.78",,"81.46","18.98","11","0.58","0.18","29.95","218.61","0.81","0.65","2","0","75.76","23.75","41.97","9.4","99.71","0.26","0.04","11.19","13.43","27.32","-4.53","44.46","885.55","Mountainous","40.86","449.5","87.26","19","0","81.09","3.6","6.07","28.86","0","0","0","57.5","60.02","96.13","87.93","20","7771","0"
"EV100025","Renault","Megane E-Tech","Sedan","2021","Guoxuan","LFP","98.86","FWD","162381.9","4.98","Fleet","BAT-10000025","1532","81.96","47.39","48.92","80.25","3.634","0.031","287.09","28.19","48.98","0.543","95.76","94.76",,"18.04",,"0.33","0.57","26.73","180","0.68","0.34","1","0","51.9","4.77","92.88","63.46","53.69","0.29","0.26","3.28","27.75",,"22.32","63.63","380.21","Mountainous","19.77","528.9","88.59","28","1","69.07","20.86","43.11","21.23","1","1","0","44.29","62.18","75.96","89.46","46.81","7212","0"
"EV108688","Tata","Tiago EV","SUV","2018","Northvolt",,"89.29","RWD",,"8.28","Fleet","BAT-10008688","1164","75.94","13.99","63.75","77.47","3.392","0.0239","281.54","9.86","15.14","0.419","95.25","93.75","67.81","24.06","36","0.29","0.71","40.77","218.79","0.63","0.56","0","3","84.97","89.7","20.46","35.92","4.11","0.83","0.59",,"7.72","15.52","-8.96","61.93","1965.66","Mountainous","36.31","362.3",,"28","0","76.06","15.29","31.51","7.42","0","0","0","55.09","65.15","83.18","73.04","38.01","7202","0"
"EV104667","Volvo","XC40 Recharge","Van","2024","SK On","LMO","148","AWD","97857.6","1.82","Private","BAT-10004667","877","89.97","37.1","31.31","91.09","3.698","0.0209","384.59","38.38","49.13","0.317","97.69","95.57","133.16","10.03","40","0.28","0.57","36.19","355.14","0.57","0.04","0","1","62.73","1.96","40.7","78.83","44.11","0.81","0.28",,"-7.91","11.7","-22.18","29.4","365.5","Coastal","15.74","880.7","86.58","19","1","64.66","24.78","32.56","32.94","0",,"0","46.67","23.07","73.78","76.1","41.64","9226","0"
"EV116477","Rivian","R1S","Truck","2021",,"NMC","29.51","FWD","79166.8","5.23","Private","BAT-10016477","974","81.74","42.06","40.49","84.04","3.733","0.0002","365.83","38","46.75","0.352","96.2","95.06","24.12","18.26","22","0.34","0.45","30.44","65.44","0.78","0.67","0","0","60.43","121.46","91.18","67.17","11.92","0.02","0.96","55.38","7.51","22.55","4.29","45.86","259.38","Hilly","63.65","375.4","93.39","1","2","81.97","23.43","4.33","32.94","0","0","2","63.52","54.3","73.59","97.79","64.25","6239","0"
"EV107639","Mercedes-Benz","EQA","Hatchback","2019","CATL","LFP","127.99","RWD","102703.6","6.67","Private","BAT-10007639","1166","85.85","99.55","78.1","84.29","3.565","0.0041","299.46","25.62","41.86","0.505","96.7","94.39","109.88","14.15","19","0.47",,"98.76","96.32","0.71","0.8","0","1","17.61","17.27","17.91","26.85","39.94","0.12","0.59","14.12","10.94","22.48","-0.35","71.22","1440.25","Coastal","58.71","208.4","91.1","2","4","73.95","17.03","15.51","30.92","0","0","0","59.48","52.83","83.59","82.31","20.37","8180","0"
"EV110669","Mahindra","XUV400","Truck","2022","Envision AESC","NMC","141.94","RWD","56050.4","4.44","Fleet","BAT-10010669","569","83.93","56","58.41","85.5","3.743","0.0446",,"32.49","48.03","0.315","96.74","95.38","119.13","16.07","15","0.1","0.7","52.04","234.38","0.03","0.66","1",,"113.33","79.6","50.49",,"60.16","0.53","0.37","55.2","12.85","20.31","2.79","76.07",,"Desert",,"376.3","89.27","28","1","74.18","20.12",,"32.94","0","0",,"49.32","36.83","76.41","95.17","38.27","9207","0"
"EV101796","Porsche","Taycan","Crossover","2016","LG Energy Solution","LMO","132.02","AWD","98001.8","9.91","Fleet","BAT-10001796","1014","78.37","97.95","72.62","76.87","3.5","0.0047","259","25.03","34.72","0.57","96.4","93.5","103.46",,"41","0.13","0.82","18.01","406.07","0.91","0.33","0","1","94.34","63.53","12.31","1.42","66.33","0.49","0.91","49.73","32.15","49.81","18.43","50.83","66.01","Flat","74.58","721.7","86.92","29","0","62.95","8.25","8.25","2.57","1","1","0","38.35","66.71","94.28","88.32","19.36","8919","0"
"EV117611","BMW","iX1","Crossover","2017","Guoxuan","LMO","117.92","AWD","63194.3","8.92","Private","BAT-10017611","922","80.14","9.47","45.82","79.48","3.567","0.0049","360.27","38.13","57.24","0.402","96.99","95.15",,"19.86","27","0.15","0.69","113.7","104.14","0.14","0.98","0","0","88.14","29.65","18.91","62.78","71.69","0.45","0.82","18.56","8.52","26.33","3.91","61.44","189.38","Desert","99.71","1357.4","92.01","4","1","45.62","45.28","11.43","32.94","1","2","2","48.56","67.13","52.67",,"20.35","7221","0"
"EV105911","Kia","EV6","Crossover",,,"NMC","81.06","AWD","268063.4","9.84","Private","BAT-10005911","2384","63.7","93.73","82.55",,"3.641","0.0056","327.69","17.57","26.82","0.851","94.2","93.33","51.64","36.3","12","0.43","0.48","18.35","229.69","0.11","0.04","0","1","15.21","68.43","8.31","70.97","9.64","0.63","0.22","52.31","46.98","62.81","31.02","11.73","2386.82","Desert","34.22","315.5","62.92","30","0","86.39","22.17","10.12","0","0","3","0","49.19","100","77.48","82.88","33.58","5331","0"
"EV116362","Honda","Prologue","Crossover","2022","Envision AESC","NMC","85.02","FWD","85768","3.95","Private","BAT-10016362","639","89.37","49.6","54.48","89.47","3.566","0.0129","370.86","17.5","37.84","0.136","97.38","96.68","75.98","10.63","15","0.32","0.51","21.45","398","0.57","0.45","1","1","52.25","133.7","25.92","19.39","25.79","0.3","0.42","79.22","22.96","39.63","8.18","99.99","1802.77","Flat","12.31","755.1","89.5","6","2","55.82","3.32","22.49","14.88","2","1","0",,"33.51","100","86.83","30.05","10019","0"
"EV101415","Nissan","Leaf","Crossover","2016","LG Energy Solution","LFP","27.56","AWD","181380.4","9.86","Private","BAT-10001415","1168","73.66","42.73","55.3","71.87","3.676","0.0172","327.16","19.12","29.81","0.536","95.65","95.15","20.3","26.34","22","0.05","0.75","28",,"0.26","0.35","1","0","25.79","57.21","64.81","99.42","93.6","0.15","0.36","35.42","-2.17","13.57","-21.77","89.12","2251.19","Hilly","53.34","1301","84.08","18","0","47.67","10.9","24.16","31.98","1","2","0","54.56","84.04","88.74",,"53.67",,"0"
"EV113389","Mercedes-Benz",,"Hatchback",,"Panasonic","NCA","108.11","FWD","193407.7","7.66","Private","BAT-10013389","1446","79.36","14.24","55.04","80.91","3.656","0.011","292.48","24.08","37.33","0.657","95.3","94.74","85.8","20.64","18","0.39","0.39","73.18","129.58","0.4","0.25","0","0","40.21","85.5","20.49","44.29","20.57","0.14","0.92","39.87","-2.19","9.71","-20.08","39.78","1132.98","Hilly","48.81","891.2","96.18","14","2","63.85","15.57",,"32.94","1","2","1","54.22","76.44","87.6","80.51","26.36","7718","0"
"EV102875","Mercedes-Benz","EQE","Truck","2023","Northvolt","NMC","51.85","AWD","130621.2","3.12","Private","BAT-10002875","1033","84.65","56.79","25.61","84.43","3.492","0.0005","324.76","18.64","30.1","0.437","96.03",,"43.89","15.35","4","0.42","0.35","15.81","192.34","0.79","0.12","0","0","56.47","54.55","49.32","77.28","27","0.01","0.06","65.03","24.41","37.72","11.29","18.28","980.38","Mountainous","18.52","131.8","88.51","7","1","85.4","6.25","4.07","5.69","0","1","1","30.95","42.19","93.53","96.59","45.35","9111","0"
"EV104367","Volkswagen","ID.3","Van","2023","BYD Battery","NMC","78.88","AWD","86414.7","3.54","Fleet","BAT-10004367",,"91.49",,"59.09",,"3.586","0.0278","294.05","40.92","58.68","0.323","98.05","95.4","72.17","8.51","18","0.37","0.38","43.15","101.34","0.53","0.79","0","1","111.16","59.49","48.76","21.11","1.89","0.54","0.44","41.43","-4.59","1.71","-10.71","73.73","455.96","Flat","58.44",,"87.62","12","0","87.31","47.8","37.16","32.94","1","2","1","56","36.7","52.5",,"39.26","9215","0"
"EV116282","Volvo","XC40 Recharge","Hatchback","2018","CATL","NCA",,"RWD","100776.4","7.61","Private","BAT-10016282","1074","77.96","39.39","42.39","76.12","3.724","0.0243","323.99","17.88",,"0.638","96.11","93.93","31.96","22.04","15","0.43","0.39","19.58","120.04","0.74","0.78","0","3","115.38","81.82","46.55","61.7","26.53","0.79","0.15","76.11","42.22","48.19","38.15","60.05","1315.93","Coastal","96.04","336.7","84.65","29","1","89.43","21.63","34.19","0","1","2","0","53.04","69.23","80.09","76.15","50.64","7422","0"
"EV106809","Volvo","XC40 Recharge","Crossover","2022","Panasonic","LTO","41.37","AWD","127965.7","3.9","Private","BAT-10006809","901","95.91","98.44","69.24","96.82","3.829","0.0213","279.52","14.77","27.44","0.075","96.85","97.12","39.68","4.09","19","0.45",,"91.37","33.23","0.77","0.96","1","0","71.35","80.65","61.82","52.61","70.26","0.7","0.65","133.02","15.94","27.87","2.57","30.95","1065.3","Coastal","6.72","743.1","97.93","27","2","66.85","4.76","32.05","11.5","1","1","3","39.95","34.4","99.23","94.8","46.63","10024","0"
"EV112289","Mercedes-Benz","EQE","SUV","2018",,"LFP","114.21","FWD","298708.6","7.57","Fleet","BAT-10012289","1974",,"25.45","61.96","76.66","3.78","0.0014","321.3","21.73","40.95","0.469","95.34","93.62","86.32","24.42","11","0.27","0.58","15.57","399.13","0.74","0.42","1","0","20.5","42.13","87.88","41.57","38.11","0.78",,"24.34","-6.66","1.62","-20.59","97.83","625.35","Hilly","26.91","545.3","92.46","13","1","63.76","9.37","5.06",,"1","2","1","57.57","80.56","86.53","89.9","51.42","7299","0"
"EV108352","Mahindra","BE 6","Van","2016","Guoxuan","LFP","112.32","FWD","370107","9.82","Private","BAT-10008352","2337","76.47","87.68","46.53","76.26","3.85","0.0035","284.9","24.92","41.8","0.553","95.31","96.07","85.89","23.53","25","0.09","0.67","39.41","232.86","0.02","0.42","0","0","83.58","92.82","77.86","99.33",,"0.61",,"58.59","-19.84","-13.73","-38.34","9.47","1206.53","Coastal","16.15","1133.7","83.84","11","1","52.3","4.52","6.59","32.94","1","2","1","55.69","100","93.17","100","54.99",,"0"
"EV116611","Rivian","R1S","SUV","2017","Panasonic","NMC","67.42","RWD","245225.1","8.78","Private","BAT-10016611","1991","84.4","64.07","59.05","84.03","3.495","0.0047","307.56","22.7","32.59","0.415","96.09","96.79","56.9","15.6","23","0.2","0.67","128.67","37.44","0.71","0.98","0","1","33.4","75.72","0.55","26.89","4.72","0.56","0.27","89.08","42.7","55.67",,"97.74","1086.59","Coastal","43.53","276.4","75.48","20","0","84.86","13","7.94","0","0","1","0","26.85","77.82","88.43","97.26","27.46","7821","0"
"EV103840","Renault","Megane E-Tech","Crossover","2022","Guoxuan","NCA","78.08","RWD","145247.5","3.72","Fleet","BAT-10003840","868","89.26","34.79","23.31","89.06","3.514","0.0115","316.26","35.34",,"0.33","96.47","95.53","69.69","10.74","37","0.11","0.88","42.5","100.41","0.73","0.72","1","1","67.13","8.73","46.13","63.14","58.53","0.59","0.52","14.19","-12.89","3.04","-20.16","50.73","1807.87","Coastal","13.55","1207.4","95.43","23","0","53.59","32.57",,"32.94","1","3","1","49.11","42.43","67.9","86.39","31.76","8755","0"
"EV105747","Audi","e-tron GT","Crossover","2015","CATL","NMC","85.08","FWD","214024.6","11.27","Private","BAT-10005747","2271","82.84","55.23","64.5","83.21","3.498",,"360.29","18.97","34.87","0.414","95.56","95.52","70.48","17.16","27","0.38","0.57","48.7","130.24","0.8","0.33","0","2","108.53","80.83","27.28","95.14","59.93","0.08","0.52","67.27","10.13","17.52","5.93","75.48","2222.64","Flat","6.56","529.6","87.3","9","0","71.79","11.7","51.26","24.74","1","2","0","60.84","100","86.74","82.37","41.7","6251","0"
"EV113337","Volvo","EX30","Hatchback","2023","Guoxuan","NMC","80.7","AWD","109308","3.1","Private","BAT-10013337","750","91.57","81.15","47.17","92.88","3.639","0.002","334.79","18.19","38.79","0.367","97.79","97.69","73.9","8.43","11","0.41","0.58","63.66","121.82","0.81","0.11","2","0","34.24","75.32","11.28","49.7","40.36","0.7","0.49","58.21","10.17","29.47","-8.43","76.47","382.27","Flat","72.99","673.7","87.65","28","2","68.11","14.47","10.35","28.62","0","3","1","46.81","29.2","85.9","84.22","26.89","9385","0"
"EV108937","Audi","Q4 e-tron","Van","2023","Northvolt","NMC","113.55","AWD","169371.9","2.9","Private","BAT-10008937","1370","82.88","66.81","45.89","84.23","3.739","0.0011","310.34","0.41",,"0.453","96.1","96.13","94.11","17.12","2","0.1","0.89","39.61","156.42","0.7","0.75","3","0","12.26","42.11","40.64","65.25","81.65","0.91","0.81","23.8","29.28","39.4","22.5","29.52","707.69","Hilly","14.73","1372.2","88.6","28","2","40.63","15.68","5.97","0","1","3","2","19.74","45.57","80.28","95.16","33.95","8977","0"
"EV113806","Ford","Mustang Mach-E","SUV","2023","SK On","LMO","132.61","RWD","76736.5","3.23","Private","BAT-10013806","658","98.18","16.91","30.26",,"3.558","0.0086","277.52","16.08","21.85","0.073","98.14","96.91","130.2","1.82","18","0.09","0.7","45.43","255.28","0.35","0.57","2","1","34.68",,"21.59","26.42","53.27","0.44","0.58","134.87","-12.38","6.38","-28.76","94.03","2109.06","Mountainous","99.73","856.8","93.7","13","1","56.09","8.97","15.38","32.94","0","0","0","37.39","24.75","95.13","92.23","37.59","10927","0"
"EV106619","Renault","Zoe","Hatchback","2017","CATL","LMO","92.45","FWD","339150.9","9.19","Private","BAT-10006619","2370","70.27","6.74","56.07","71.11","3.463","0.0063","325.52","23.45","38.88","0.656","94.34","94.45","64.96","29.73","39","0.07","0.77","52.07","107.97",,"0.09","0","0","46.8","39.71","60.69","10.53","0.95","0.51","0.87","40.3","5.11","21.87","-10.29","97.14","1544.25","Mountainous","41.94","780.8","89.13","23","1","58.74","7.53","12.56","32.94","1","1","0","61.24",,"94.44",,"42.37","4910","0"
"EV108421","Ford","Mustang Mach-E","Crossover","2023","Panasonic","LMO","117.33","FWD","78219.1","2.55","Fleet","BAT-10008421",,"87.7","23.87","54.22","86.62","3.625","0.0029","355.25","24.4","38.77","0.475","97","95.16","102.9","12.3","17","0.41","0.46","24.16","456.55","0.23","0.95",,"0","53.34","140.95","65.65","49.62","26.5","0.95","0.79","97.45","40.44","52.08","31.69","44.49","1284.54","Mountainous","67.77","1276.1","81.41","0","0","46.79",,,"0","0","0","0","28.67","19.23","83.9","81.81","58.65","11148","0"
"EV114547","Ford","F-150 Lightning","Van","2016","CATL","NCA","67.59","AWD","278791.7","9.66","Fleet","BAT-10014547","2472","73.5","66.48","34.52","73.71","3.628","0.004","304.75","34.3","44.72","0.603","94.67","94.3","49.68","26.5","9","0.42","0.48","20.26","324.9","0.11","0.34","2","2","60.46","118.1","21.49","62.85","38.11","0.79","0.45","57.79","9.92","16.31","-5.4","15.41","1416.08","Desert","88.07","437.2","88.42","19","0","80.78","17.29","5.44","32.94","1","2","0","72.24","100","81.3","68.45","37.46","4798","0"
"EV115135","Tesla","Model S","Van","2016","Northvolt","LFP","112.64","RWD","217290.3","9.78","Fleet","BAT-10015135","1462","81.7","68.25","36.72","79.71","3.697","0.0071","377.09","15.84","23.4","0.492","95.56","94.46","92.03","18.3","20","0.74","0.12","105.48","78.86","0.26","0.27","0","0","79.39","90.93","90","96.6","26.61","0.49","0.79","36.64","3.88","17","0.16","36.62","2582.87","Desert","91.58","1133.4","88.93","14","1","47.36","4.46","12.2","19.52","0","0","1","60.93","78.66","96.41","68.83","57.97","7528","0"
"EV114949","Tesla","Model S","Van","2024","LG Energy Solution","NMC","59.61","RWD","131524.4","1.95","Private","BAT-10014949","944","92.77","41.06","43.85","92.62",,"0.0047","242.28","19.71","38.5","0.203","96.8","95.47","55.3","7.23","23","0.48","0.35","11.98","470.38","0.78","0.4","0","1","104.61","58.75","59.02","93.03","98.34","0.32","0.29","26.68","-17.38","-2.83","-31.45","99.69","1871.68",,"29.28","186.7","94.49","26","1","82.22","9.67",,"32.94",,"1","0","55.85","25.98","90.46",,"37.49",,"0"
"EV116184","Porsche","Macan Electric","Crossover","2021","LG Energy Solution","NMC","35.7","FWD","133604.4","4.9","Private","BAT-10016184","1063","95.51","75.6","40.77","95.35","3.623","0.0036","271.73","27.75","48.15","0.21","97.63","95.93","34.1",,"23","0.26","0.71","44.32","48.18","0.62","0.67","0","1","52.6","57.84","8.67","92.19","23.74","0.15","0.12","48.37","-21.77","-10.92","-34.14","41.47","881.09","Flat","55.22","672.5",,"25","2",,"21.66","11.62",,"0","2","2","42.18","38.39","79.86","92.28","35.57","10491","0"
"EV119664","Audi","e-tron GT","Sedan","2021","Envision AESC","LMO","97.25","AWD","399759.3","5.24","Private","BAT-10019664","2705","84.8","41.9","19.52","85.67","3.664","0.0195","351.74","27.3","36.97","0.301","95.84","94.8","82.47","15.2","38","0.3","0.63","29.85","289.51","0.26","0.15","2","0","81.34","96.48","84.35","2.22","47.46","0.93","0.01","61.79","-19.24","-3.21","-38.42",,"2597.1","Mountainous","47.39",,"88.78","14","1","88.69","0.55","28.24","32.94","0","0","0",,"74.48","100","84.79","36.83","7190","0"
"EV109800","Audi","e-tron GT","Truck","2016","Panasonic","NMC","49.1","FWD","169067.3","10.03","Private","BAT-10009800","1633","75.78","81.66","30.46","75.62","3.579","0.0116","297.06","30.67","35.75","0.587","95.12","94.55","37.21","24.22","28","0.07","0.83","15.96","302.24","0.89","0.83","3","2","62.64","34.97",,"33.6","90.09","0.21","0.45","64.34","5.09","10.41","-12.25","61.47","1223.23","Desert","99.12","1433.7",,"2",,,"11","19.22","30.66","0","0","0","62.59","86.89","88.77","80.65","37.16","6308","0"
"EV115459","Honda","e:N1","Van","2024","CATL","LFP","102.8","FWD","101910.9","1.43","Private","BAT-10015459","852","94.55","80.09","56.42","96.13","3.461","0.005","325.33","22.89","36.33","0.219","98.3","97.17","97.2","5.45","33","0.38","0.4","29.27","206.78","0.79","0.99","1","1","31.36","35.35","56.3","62.77","3.59","0.53","0.66","31.87","27.73","37.19","14.32","80.97","934.53","Coastal","98.78","464.6","87.64","23","0","83.05",,"7.43","8.6","0","1","0","31.49","20.8","84.66","89.8","50.49","10155","0"
"EV118965","GM","Chevrolet Bolt","Hatchback",,"LG Energy Solution","LFP","29.71","AWD","83224.1","6.95","Private","BAT-10018965","961","75.9","32.21","51.4","74.39","3.532","0.0056","303.75","28.66","49.66","0.456","95.12","94.33","22.55","24.1","19","0.34",,"14.46","100.97","0.31","0.94","1","0","28.75",,"48.09","48.18","35.81","0.85","0.05","144.72","10.62","30.08","5.27","82.6","41.6","Mountainous","19.08","588.1","87.14","14","1","73.9","29.93","9.8","32.94","1","3","0","58.9","61.88","74.47","98.53","46.35","7105","0"
"EV103583","GM","Cadillac Lyriq","SUV","2019","BYD Battery","LMO","121.29","AWD","298656.9","7.27","Private","BAT-10003583","2405","76.9","58.29","24.54","74.19","3.56","0","363.12","40.23","60.98","0.682","94.8","95.22","93.27","23.1","30","0.42","0.52","66.25","179.17","0.8","0.77","0","0","85.55","72.27","96.2","62.87","89.59","0.46","0.31","117.7","-15.52","-5.09","-26.35","99.79","1020.32","Flat","93.42","1251.2","89.05","23","0","43.52","52.93","0.02",,"0","1","0",,"80.69","44.93","90.39","56.23","6179","0"
"EV113922","Nissan","Ariya","Hatchback","2017","Panasonic","LFP","54.17","FWD","217303.9","8.48","Fleet","BAT-10013922","2071","74.32","89.32","59.83","73.51","3.488","0.0094","331.36","24.54","42.06","0.664","95.1","95.36","40.26","25.68","4","0.36","0.42","21.23","146.01","0.17","0.39","1","0","108.31","47.02","93.83","86.89","10.66","0.06","0.88","45.15","-4.24","7.2","-17.98","15.49","827.65","Coastal","45.83","326.1","92.18","4","0","83.48","3.93","12.48","32.94","2","0","0","60.74",,"98.03","94.27","71.95",,"0"
"EV106129","Ford","Mustang Mach-E","Crossover","2015","Panasonic","LFP","102.75","FWD","206158.4","10.88","Fleet","BAT-10006129","1753","78.16","70.22","81.29","79.95","3.59","0.0071","315.92","24.35","45.07","0.447","96.22","94.83","80.31","21.84","41","0.39","0.39","46.74","199.7","0.29","0.05","1","0","76.1","38.43","70.03","11.36","26.19","0.22","0.45","37.62","18.62","23.83","2.39","93.81","1589.22","Coastal","19.39","1073.5","86.35","18","1","57.92","22.68","15.13","26.45","0","1","0","67.43","92.8","76.91","86.69","32.92","5204","0"
"EV112981","Tata","Nexon EV","Sedan","2017","Northvolt","NMC","68.96","FWD","233831.2","9.24","Fleet","BAT-10012981","1398","67.8","18.62","32.84","67.97","3.375","0.0118","263.25","18.93","36.42","0.631","94.54","92.88","46.75","32.2","40","0.19","0.68","30.75","167.57","0.27","0.52","1","0","75.01","140.35","26.65","14.19","92.65","0.95","0.18","182.06","21.09","38.5","11.48","12.65","176.99","Coastal","31.9","438.7","84.12","30","1","84.14",,"18.04","15.33","1","1","1","39.06","83.39","87.19","99.82","40.46","6332","0"
"EV118269","Volkswagen","ID.4","Hatchback","2018","BYD Battery","NMC","73.38","FWD","226396.9","8.36","Private","BAT-10018269","1574","86.4","69.29","46.5","87.38","3.652","0.0069","372.5",,"32.85",,"96.21","95.4","63.4","13.6","24","0.48","0.5","16.95","386.31","0.7","0.15","1","0","85.55",,"43.95","93.39","31.64","0.75","0.33",,"32.42","51.24","28.15","41.14","814.84","Mountainous","15.48","1432.7","85.46","16","1","36.91","11.03","12.86","0.43","3",,"0","25.13",,"92.86",,"58.07","9134","0"
"EV104422","Tata","Tiago EV","SUV","2021","LG Energy Solution","NMC","109.17","FWD","209397.5","5.52","Private","BAT-10004422","1804","87.26","63.66","59.22","88.26","3.677","0.0055","360.35","38.1","49.33","0.405","96.44","96.67","95.26","12.74","22","0.28","0.59","19.53","377.93","0.32","0.29","1","0","46.62","31.94","84.11",,"78.29","0.31","0.56","24.21","25.17","39.78","13.53","78.47",,"Hilly","51.73","288.9","85.88","18","1","84.53","32.46","9.31","24.16","3","3","1","46.62","57.82","64.08","93.35","31.57","7632","0"
"EV116284","Mercedes-Benz","EQE","Sedan","2016","LG Energy Solution","NMC","91.55","AWD","117414","9.49","Private","BAT-10016284","858","66.67","84.32","43.47","66.59","3.611","0.0123","335.82","38.42","59.42","0.712","95.02","93.15","61.04","33.33","37","0.4","0.42","63.36","119.76",,"0.02","1","0","84.09","136.84","99.28","59.37","12.62","0.3","0.39","205.3",,"33.03","7.53","63.01","3.84","Flat","33.92","755.2","89.09","5","0","66.08","47.54","17.96","32.94","2","2","1","65.95","72.09","54.46","80.51","81.04","6045","1"
"EV103563","Volvo","EX30","Hatchback","2018","Guoxuan","NCA",,"AWD","207064.5","8.44","Private","BAT-10003563","1365","68.44","95.52","41.03","66.92","3.371","0.0015","289.91","22.31","31.43",,"94.3","92.98","74.84","31.56","21","0.14","0.81","40.48","131.33","0.63","0",,"0","41.21","129.88","51.12",,"95.61","0.6","0.37","72.21","-14.98","-4.56","-22.17","19.91","2293.16","Hilly","93.76","206.8","89.22","30","0","93.52","9.89","5.23","32.94","1","1","1","63.17","75.3","92.91","91.51","29.68","5670","0"
"EV115860","Hyundai","Ioniq 5","Hatchback","2024","SK On","NMC","145.27","AWD","152062.1","1.92","Fleet","BAT-10015860","1278","92.92","84.5","85.83","93.87","3.731","0.0001",,,"49.47","0.337","96.79","95.31","134.98","7.08","34","0.4","0.42","11.05","600","0.3","0.11","1","0","95.13","4.34","41.56","75.04","11.05","0.21","0.81","3.23","-15.3","3.35","-24.32","67.82","1773.19","Hilly","93.5","1288.9",,"9","2","32.1","29.07","7.18","32.94","1","0","0","57.87",,"73.05","80.55","40.27","9471","0"
"EV116271","Volkswagen",,"Hatchback","2018","BYD Battery","NMC","123.77","RWD","336351.1","8.45","Private","BAT-10016271","2069","76.56","45.37","42.47","76.22","3.604","0.0265","263.09","30.52","50.51","0.549","95.27","94.24","94.76","23.44","16","0.24","0.56","11.62","600","0.23","0.36","0","4","10.48","119.55","72.07","0.01","40.76","0.06","0.96","60.11","14.81","20.45","1.27","24.36","983.85","Coastal","49.31","953.2","86.84","27","0","64.37","33.43","36.58","32.94",,"1","0","74.55","77.42","68.04","76.62","38.41","5581","0"
"EV103753","Kia","EV6","Truck","2018","BYD Battery","LFP","89.28","FWD","316808.8","7.67","Fleet","BAT-10003753","2094","82.44","3.61","41.96","82.07","3.834","0.0058","299.05","48.99",,"0.365","96.85","96.19","73.6","17.56","31","0.06","0.88","102.8","82.02","0.94","0.23","0","0","76.85","54.2","79.87","15.78","30","0.78","0.02","65.9",,"34.72","13.05","39.55","1340.85","Desert","4.63","1382.4","87.78","30","0",,"67.29","8.12","32.94","0","3","0","52.96","81.27","28.09","99.57","46.49","6949","1"
"EV114515","BMW","i4","Hatchback","2018","Guoxuan","NMC","137.07","FWD","443290.4","7.78","Fleet","BAT-10014515","2708","80.35","63.27","36.65","81.14","3.64","0.0135","338.52","15.86","28.3","0.485","97.03","94.91","110.14","19.65","18","0.69","0.27","43.06","281.8","0.76","0.08","1","1","19.05","45.14","43.56","78.15","54.79","0.68","0.81","24.34","-1.84","3.26","-12.37","72.25","2062.9","Flat","22.06","1426.6","88.66","23","1","35.36","7.23","21.11","30.14","1","1","1","58.63","89.5","88.43","69.29","39.25","6444","0"
"EV119021","Tesla","Model S","Hatchback","2020","Northvolt","NMC","133.57","FWD","92172.6","6.35","Fleet","BAT-10019021","860","75.63","53.07","58.86","75.09","3.546","0.0396","273.04","23.43","28.63","0.534","95.87","94.8","101.02",,"3","0.48","0.31","19.13","586.52","0.14","0.75","0","1","30.36","98.9","24.93","63.66","31.26","0.91","0.72","75.6","38.2","46.87","20.4","54.72","918.49","Desert","14.68","108.4","91.8","23","2","81.98","1.38","56.43","0","1","0","2","39.43","55.47","96.85","84.97","43.4",,"0"
"EV104635","Renault","Megane E-Tech","Van",,"LG Energy Solution","LFP","144.76","AWD",,"6.04","Private","BAT-10004635","1100","90.81","81.53","57.54","91.17","3.529","0.0121","282.32","9.82","27.45","0.335","96.66","97.51","131.46","9.19","15","0.45","0.41","19.14","374.31","0.09","0.78","1","2","73.03","76.05","70.94","43.15","32.44","0.32","0.55","88.52","-2.26","10.1","-14.57","88.66","311.75","Coastal","13.66","879.7","86.49","7","1","69.51","14.69","21.53","29.71","1","3","2","63.16","53.95","82.36","82.17","51.72","7755","0"
"EV118164","Hyundai","Kona Electric","SUV","2017","CATL","NMC","36.5","AWD","158816.7","9.22","Fleet","BAT-10018164","1478","70.71","9.39",,,"3.519","0.0006","295.6","24.47",,"0.742","94.15","95.1","25.81","29.29","13","0.49","0.5","64.55","46.45",,"0.36","1","2","79.8","80.71","71.51","0.94","19.14","0.6","0.57","57.15","0.41","12.28","-17.68","14.95","765.46","Desert","30.96","483","92.78","29","0","81.7","15.63","4.68","32.94","0","2","1","67.94","78.93","84.62","69.74","30.02","5383","0"
"EV116471","BMW","i4","SUV","2019","Northvolt","NCA","92.82","FWD","171902.2","6.71","Private","BAT-10016471","1440","84.67",,,"84.07","3.586","0.0061","276.12","53.11","65.6","0.532","95.86","94.43","78.59","15.33","4","0.32",,"63.89","85.43","0.48","0.3","1","1","89.3","9.54","74.4","73.62","92.09","0.6","0.94","4.07","26.06","45.69","6.75","79.95","1552.25","Flat","44.4","195.9","84.7","19","2","86.13","54.16","14.2","32.94","0","0","1","57.93","54.54","47.14","80.02","47.73","7738","0"
"EV109528","Porsche",,"Hatchback","2018","SK On","NMC","30.37","RWD","326790.6","7.81","Fleet","BAT-10009528","2201","71.82","66.08","11.54",,"3.759","0.0003","357.1","30.01","37.28","0.626","95.39","93.41","21.81","28.18","32","0.5","0.32",,"48.65","0.18","0.97",,"1","73.3","112.39","81.92","89.27","36.15","0.93","0.11","150.29","18","25.5","5.08","71.27","1800.32","Flat","4.36","618.2","94.55","13","0","68.85",,"3.15","19.28","1","1","2","53.55","90.44","92.69","83.83","65.98",,"0"
"EV107964","Audi","Q4 e-tron","SUV",,"Guoxuan","NMC","84.54","AWD","140138.5","7.2","Fleet","BAT-10007964","959","81.17","36.64","71.34","81.88","3.538","0.0315","251.2","18.83","29.24","0.359","95.99","96.45","68.62","18.83","31","0.27","0.54","38.14","118.59","0.46","0.48","2","0","63.52","44.51","97.19","27.16","97.61","0.97","0.22","30.99","43.79",,"28.37","38.77","349.68","Hilly","88.6","1295.3","74.53","13","2","42.72","13.46","48.77","0","0","1","1","35.96","60.73","85.9","89.15","38.69","8008","0"
"EV118324","Lucid","Air","Hatchback","2023","LG Energy Solution","LFP","93.54","AWD","83956.2","2.92",,"BAT-10018324","973","82.63","48.27","14.44","81.66","3.674","0.003","374.75","32.08","38.92","0.416","96.62","95.43","77.29","17.37","28","0.15","0.76","30.04","197.5","0.21","0.4","0","0","78.95","66.4","74.94","52.34","93.38","0.6","0.81","94.3","26.01","36.03","9.11","99.18","1213.07","Coastal","89.6","837.9","89.56","3","4","46.96","7.99","13.81","12.91","0","1","0","26.28","35.15","92.32","100","44.81","8883","0"
"EV113063","Audi","e-tron GT","Crossover","2018","SK On","LFP","103.51","FWD","113580.9","8.17","Private","BAT-10013063",,"70.4","47.61","63.29","70.44","3.648","0.0085","284.54","4.55","10.61","0.671","95.07","94.38","72.87","29.6","2","0.63","0.35","57.95","123.95","0.9","0.14","1","1","60.88",,"85.62","43.61","55.55","0.3","0.87","15.08","-23.82","-16.59","-35.3","84","494.02","Hilly","86.01","259.9","92.92","7","2",,"14.07","16.42","32.94","0",,"1","78.94","78.24","84.17","69.16","40.19","4740","1"
"EV115468","Hyundai","Ioniq 5","Hatchback","2024","SK On","LFP","58.77","FWD","73235.7","1.89","Private","BAT-10015468","531",,"44.07","53.24","94.48","3.616","0.0006","347.14","17.81","31.67","0.178","96.73","96.23",,,"20","0.57","0.22","39.7","116.56","0.09","0.81","0","0","42.73","99.3","30.7","99.44","41.4","0.64","0.42","142.52","-7.94","0.21","-13.08","42.11",,"Flat","16.96","1196.8","87.22","28","1","51.89","7.29","3.22","32.94","1","3","0","51.46","22.59","93","86.26","56.8","10380","0"
"EV118641","Kia","EV6","Sedan","2021","CATL","NMC","80.95","RWD","109247.8","5.65",,"BAT-10018641","1100","86.99","25.77","55.05","87.93","3.428","0.0337","339.37","41.44","58.11","0.254","95.74","94.99","70.42","13.01","28","0.29","0.66","215.31","36.61","0.71",,"0","0","67.86","122.84","98.65","46.17","77.48","0.84","0.33","87.74","21.65","40.85","16.9","58.98","826.32","Coastal","80.68","1464.8","92.6","11","2","41.28","44.16","49.43","32.94","0","1","1","49.98","53.96","54.91","96.17","56.11","8918","0"
"EV101954","GM","Cadillac Lyriq","Hatchback","2017","LG Energy Solution","LFP","132.74","RWD","152707.7","9.27","Private","BAT-10001954","1357","78.59","50.22","38.99","79.13","3.716","0.0049","327.01","10.87",,"0.396","95.1","94.62","104.32","21.41","17","0.22","0.75","25.76","382.3","0.83","0.01","0","0","22.14","92.35","23.79","46.18","44.15","0.1","0.54","80.54","6.31","20.7","-8.96","87.01","563.64","Mountainous","54.34","1242.1",,"10","1","44.33","5.05","9.04","14.77","2","0","2","37.58","72.44","96.99","91.92","34.78","7272","0"
"EV100110","Hyundai","Ioniq 5","Sedan","2019","Northvolt","LFP","25.67","FWD","205054.2","6.76","Private","BAT-10000110","1325","90","39.13","57.26","90.19","3.684","0.0268","302.09","26.25","32.79","0.282","97","95.04","23.1","10","34","0.55","0.23","63.94","34.26","0.42","0.75","2","0","73.33","119.77","22.61","95.44","47.45","0.34","0.63",,"-21.61","-12.55","-29.24",,"1377.79","Desert","63.79","197.4","95.4","24","2","84.82","8.16","40.63","32.94","0","3","1","56.29","53.91","91.18","80.28","45.32","8204","0"
"EV110042","Volvo","EX30","SUV","2024","SK On","LFP","127.91","RWD","79984","2.17","Private","BAT-10010042","821","95.24","70.66","81.45","94.82","3.503","0.0067","329.28","23.1","36.09","0.249","96.81","96.6","121.82","4.76","15","0.29","0.62","42.63","218.91","0","0.75","0","1","101.11","24.13","98.67","69.23","22.88","0.42","0.77","14.58","-23.41","-6.8","-31.21","24.99","793.45","Hilly","32.16","1220","96.08","20","1","45.3","5.76","14.41","32.94","0","2",,"56.56","30.47",,"89.64","56.15","9173","0"
"EV102855","Ford","Mustang Mach-E","SUV","2022","Envision AESC","NMC","110.61","AWD","215896.3","4.02","Private","BAT-10002855","1376","83.86","29.38","46.49","84.26","3.85","0.0077","300.3","30.19","42.14","0.411","97.29","94.32","92.76","16.14","10","0.33","0.58","47.34","204.16","0.7","0.64","2","0","18.86","68.77","16.07","17.67",,"0.89","0.57","59.97","-19.66","-14.04","-27.53","8.2","1019.22","Hilly","2.75","330.3","96.15","27","1","75.67","7.64","12.62","32.94","1","1","0","48.88","48.71","85.82","91.34","24.44","9090","0"
"EV116322","Mercedes-Benz","EQA","Van","2020","CATL","NMC","87.75","AWD","163398.2","5.5","Private","BAT-10016322","1301","81.7","88.55","47.19","80.26","3.774","0.0122","305.69","16.71","35.39","0.552","97.02",,"71.69","18.3",,"0.51","0.43","36.36","183.06","0.82","0.84","2","0","80.03","112.78","96.39","9.82","29.37","0.05","0.11","55.68","18.95","25.59","5.26",,"1357.39","Coastal","45.38","168.8","94.17","5","1","94.88","7.06","19.43","16.44","1","3","0","44.02","57.48","95.73","84.41","43.2","7378","0"
"EV103322","Tata","Nexon EV","Truck","2024","BYD Battery","NMC","38.98","AWD","126197","1.92","Private","BAT-10003322","1268","95.28","92.28","14.92","93.96","3.698","0.0051","299.54","63.46","73.25","0.238","96.91","96.17","37.14","4.72","30","0.52","0.25","15.55","162.31","0.77","0.14",,"0","112.12","139.79","55.85","50.94","86.62","0.47","0.52","140.46","25.55","45.02","6.33","47.75","2185.69","Coastal","69.6","1373.6","94.58","14","2","39.82","78.8","14.62","32.94","0","2","0","43.09",,"20.85","80.63","45.16","9779","1"
"EV114105","BYD","Atto 3","Sedan","2024","Envision AESC","NMC","97.69","FWD",,"1.71","Private","BAT-10014105","678","95.7","26.99","37.57","94.47","3.667","0.0035","289.69","35.13","45.81","0.271","97.92","97.07","93.49","4.3","40","0.51","0.29","33.33","216.78","0.06","0.92","0","0","12.01","102.19","83.67","83.08",,"0.09","0.49","48.17","0.52","5.96","-10.62","32.84","420.37","Hilly","82.83","1115.8","88.89","25","0","40.36","21.45","6.51","32.94","1","1","0","46.55","22.83","77.58","94.24","58.3","10359","0"
"EV115030","MG","ZS EV","Sedan",,"BYD Battery","NCA","72.14","AWD","93315.1","2.98","Fleet","BAT-10015030","945","87.62","90.81","61.82","88.24","3.507","0.0016","294.59","15.31","31.02","0.287","97.61","96.92","63.21","12.38","15","0.22","0.62",,"93.26","0.59","0.45","1","1","85.75","44.03","84.22","30.03","20.35","0.18","0.01","51.72","16.87","21.99","13.73","59.01","2438.97","Hilly","23.87","995.8","91.95","19","1","52.95","4.68","5.15","14.15","0","1",,"50.66","28.95","96.81","79.56","46.33","8962","0"
"EV108332","BMW","iX","Truck","2018","Envision AESC","LFP","146.42","RWD","125142.7","8.63","Private","BAT-10008332","1038","85.08","11.2","56.47","85.9","3.321","0.0053","312.17","34.56","45.25","0.41","97.08","96.74","124.57","14.92","8","0.15","0.85","27","337.66","0.63","0.66","1","3","67.22","140.75","84.17","66.03","43.22","0.32","0.58","125.41","14.62","24.44","7.76","93.11","1871.4","Hilly","49.18","1410.8","88.33","6","2","38.8","23.41","12.06",,"0","2","0","58.97","63.95","76.19","78.07","53.46","7790","0"
"EV112920","Audi","Q4 e-tron","SUV","2015",,"NMC","68.32","RWD","267276.7","11.01","Private","BAT-10012920","2007","75.55",,"33.84","73.03","3.411","0.0098","300.17","39.76","45.06","0.672","94.64","95.67","51.62","24.45","8","0.39","0.59","53.77","128.51","0.03","0.97","0","1","47.68","142.37","90.59","4.29","45.65","0.35","0.26","90.64","26.48","32.73","19.01","16.7","1485.55","Coastal","81.31","1368.5","87.3","23","0","48.53","27.54","14.77","18.58","2",,"1","51.03","100","66.76","86.36","44.31","6027","0"
"EV113245","BYD","Atto 3","Hatchback","2021","BYD Battery","NMC","92.02","AWD","132690.2","5.49","Private","BAT-10013245","1145","78.61","76.08","21.07","79.29","3.582","0.0078","340.29","34.27","50.65","0.544",,"94.31","72.34","21.39","2","0.36","0.41","37.04","237.83","0.01","0.45","3","1","83.3","110.79","53.51","97.54","59.68","0.47","0.29","98.38","41.54","47.67","25.75","57.6","2005.09","Flat","21.15","600.6","86.2","29","1","72.61","25.92","12.31","9.11","0","1","1","37.39","53.97","69.51","74.82","53.56","7851","0"
"EV102991","Ford","Mustang Mach-E","SUV","2024","Northvolt","LFP","34.22","FWD","161252.6","2.19","Private","BAT-10002991","1513","94.55","71.86","65.43","93.98","3.696","0.0136","321.55","29.81","38.6","0.187","98.2","97.47","32.36","5.45","20","0.12","0.65","40.91","55.59","0.08","0.74","0","0","40.23","8.99","64","4.76","1.77","0.57","0.23","16.99","24.6","37.41","14.96","93.1","963.88","Mountainous","7.08","760.3","93.94","15","0","73.9","9.4","18.47","14","2","1","0","37.38","42.3","88.95","100","31.06","9576","0"
"EV113523","Mahindra","XUV400","Hatchback","2020","Envision AESC","LTO","60.9","AWD","228781.8","6.02","Fleet","BAT-10013523","2167","77.92","12.19","40.83","78.66","3.592","0.0282","280.18","28.63","41.8","0.438","95.75","93.79","47.45","22.08","24","0.19","0.56","10.16","360.94","0.15","0.8","0","1","21.7","65.87","46.5","72.21","12.44","0.1","0.8","68.92","31.69","49.65","15.21","87.95","1014.01","Desert","46.21","473","83.25","25","1",,"13.66","41.98","10.11","0","0","0","36.41","75.37","85.42","96.27","50.61","7555","0"
"EV100997","Tata","Nexon EV","SUV","2024","SK On","NCA","113.55","FWD","160230.7","1.55","Private","BAT-10000997","1116","90.22","99.54","65.18","92.51","3.675","0.0078","330.75","30.41","47.08","0.193","96.94","96.67","102.44","9.78","38","0.31","0.67","33.93","259.05","0.87","0.91","0","0","41.02","113.93","66.2","33.31","95.5","0.2","0.14","101.8","-7.02","3.98","-16.68","42.06","2490.19","Hilly","35.08","478","93.73","25","0","81.88","23.56","11.24","32.94","1","2","2","49.81","33.99","73.37","94.31","41.39","9859","0"
"EV100488","Kia","EV6","SUV","2018","BYD Battery","LMO","73.87","AWD","152288.3","8.29","Private","BAT-10000488","1383","86.54","6.78","54.74","88.14","3.401","0.0033","248.27","18.63","38.54","0.295","96.72","95.86","63.93","13.46","30","0.15","0.7","35.88","205.9","0.89","0.73","0","0","65.85","52.09","47.86","31.42","2.33","0.43","0.55","41.64","-10.51","7.84","-27.86","5.08","1081.27",,"83.69","291","87.45","26","1","86","14.87","6.83","32.94","0","0","1","45.7","64.37","83.85","100","47.37","8326","0"
"EV101844","Porsche","Macan Electric","Crossover","2016","Envision AESC","LFP","77.93","RWD","287861.8","9.76",,"BAT-10001844","2381","72.13","43.63","24.31","72.43","3.527","0.0172",,"25.12","46.72","0.62","96.14","94.86","56.21","27.87","32","0.17","0.77","34.81","178.79","0.83","0.85","2","0","47.82","17.56",,"4.96","26.55","0.93","0.87","6.37","7.93","20.74","-3.14","65.34","2519.51","Mountainous","7.7","687.5",,"1","0","71.64","20.8","25.29","32.94","1","2","1",,"96.41","80.78","100","37.02","6363","0"
"EV105491",,"Ariya","Van","2024","Northvolt","LFP","88.89","FWD","108066.3","1.96","Private","BAT-10005491","913","96.29","6.09","50.76",,"3.686","0.0042","335.43","38.05","52.57","0.219","98.58","98.53","85.59","3.71","4","0.14","0.73","11.13","457.89","0.85","0.57","1","0","86.79","113.25","44.65","26.91","38.07","0.37","0.57","86.63","-24.52","-17.64","-29.25","17.66","991.87","Flat","43.4","1470.3","88.91","18","0","38.86","34.39","9.23","32.94","0","3","0","43.22","26.1","67.87",,"37.12","10489","0"
"EV108921","Tata","Nexon EV","Sedan","2021","Panasonic","NMC","57.07","RWD","112878.1","5.08","Private","BAT-10008921","1099","77.97","73.04","42.1","77.27","3.585","0.0161","347.74","30.94","36.39","0.459","96.76","94.9",,"22.03","29","0.57","0.42","42.2","83.76","0.1","0.99","0","0","59.35","58.65","42.01",,"49.89","0.52","0.61","65.1","7.21","14.85","1.14","85.36","1604.25","Mountainous","35.57","259","94.28","18","1","86.97","2.64","24.98","29.18","1","1","0","52.13","52.62","98.8","92.02","43.86","7950","0"
"EV106116","Lucid","Air","Truck","2015","Northvolt","NMC","59.92",,"173336.9","11.23","Fleet","BAT-10006116","1159","77.9","89.51","26.38","76.81","3.504","0.0013","357.41","19.51","38.13","0.509","95.76","95.14","46.68","22.1","34","0.45","0.5","38.24","138.08","0.13","0.88","2","1","22.64","32.77","48.66","11.99","47.55",,"0.69","19.15","-21.96","-9.78","-41.39","63.1","1432.95","Mountainous","16.13","573.6","93.99",,"0","76.35","8.35","2.95","32.94","1","1","3","57.43","80.62","91.9","70.24","27.06","6886","0"
"EV100471","Kia",,"Van","2019",,"LFP","105.09","RWD","172877.8","7.25","Private","BAT-10000471","1865","84.21","30.84","34.87","84.08","3.441","0.0087","320.01","21.93","39.5","0.471","95.47","96.71","88.5","15.79","37","0.42","0.56","28.29","315.3","0.56","0.89","2","1","85.67","136.93","57.26","24.32","1.28","0.47","0.09","101.7","15.3","28.46","7.68","41.78","590.89",,"28.62","371.8","91.35","6","2","79.76","11.06","17.13","24.2","0","3","2","56.19","74.59","88.18","89.4","44.17","7155","0"
"EV107761","Volvo","EX30","Hatchback","2024","BYD Battery","NMC","77.18","FWD","159209.1","2.32","Fleet","BAT-10007761","1537","95.72","6.07","53.72","95.99","3.682","0.0031","324.02","36.7","50.72","0.185","97.92","96.32","73.88","4.28","6","0.53","0.38","29.8","191.2","0.61","0.94","0","0","96.92","32.26","72.67","89.26","24.64","0.9","0.53","37.74","4.52","24.01","-1.06","43.03","2488.46","Hilly","91.42","660.6","91.78","13","0","89.7","29.94","7.93","32.94","0","1","0","54.56","41","69.02","91.97","59.93","8740","0"
"EV108468","Volkswagen","ID.4","Sedan","2023","Panasonic","LFP","60.88","AWD","89457.8","2.89","Fleet","BAT-10008468",,"95.04","42.98","44.47","93.42","3.568","0.0143","278.3","25.25","40.53","0.204","98.29","97","57.86","4.96","19","0.44","0.34","24.05","160","0.6","0.21","1","1","113.5","78.92","51.02",,"79.63","0.84","0.29","125.23","-0.27","6.7","-14.38","72.01","1376.91","Desert","20.48","1076.5","95.46","2","0","55.32","3.41","19.27","32.94","2","0","1","55.17","29.46","95.62","79.11","52.65","10251","0"
"EV117791","Mercedes-Benz","EQA","Van","2020","LG Energy Solution","LMO","97.27","FWD","316867","5.95","Private","BAT-10017791","2065","77.43",,"35.96","76.3","3.567","0.0118","256.82","16.59","24.83","0.484","95.02","93.32","75.32","22.57","16","0.31","0.5","41.63","182.92","0.55","0.53","0","2","75.39","126.11","9.09","64.46","71.35","0.41","0.57","111.87","19.76","33.86","16.44","88.17","2459.18","Coastal","95.43","1113.3","89.08","28","2","47.21","16.46","20.43","5.07","1","2","3","40.24","71.95","85.03","89.21","41.32","7642","0"
"EV103592","Lucid","Air","Crossover","2024",,"LFP","68.68","RWD","70603.4","1.87","Private","BAT-10003592","716","92.57","38.44","68.27","91.17","3.341","0.0193","290.67","29.94","42.89","0.157","97.06","97.37","63.58","7.43","36","0.4","0.42","64.23","79.16","0.55","0.17","2","0","37.57","16.07","80.64","56.53","93.89","0.75","0.98","17.81","16.03","27.04","0.55","51.3","577.02","Mountainous","31.85","807.7","93.33","28","2","54.98","10.64","31.82","26.86","1","1","1","53.57",,"90.5","84.29","41.79","10265","0"
"EV112909","Mahindra","XUV400","SUV","2016","BYD Battery","LFP","41.69","FWD","128357","9.41","Fleet","BAT-10012909","882",,"78.64","50.4","81.46","3.764","0.0034","338.76","38.82","50.91","0.375","96.55","95","34.05","18.32","11","0.2","0.77","21.31","130.54","0.88","0.53","1","1","39.24","42.54","63.53","55.12","49.52","0.35","0.43","14.76","-2.63","16","-10.41","62.99","2288.39","Desert","75.49","954.8","95.4","21","0","58.92","23.43","8.32",,"1","0","1","55.25","60.3","76.86","89.97",,"7392","0"
"EV102451","Kia","EV6","SUV","2020","BYD Battery","LFP","143.77","AWD","117000.4","5.99","Private","BAT-10002451","1345","77.18","79.48","47.88","77.26","3.374","0.0033","327.28","32.08","46.63","0.603","95.13","93.64","110.96","22.82","10","0.51","0.42",,"460.58",,"0.8","1","0","107.03","120.54","34.38","28.77","40.52","0.87","0.81","155.12","37.97","46.27","26.12","69.74","1189.2","Mountainous","73.01","649.2","84.04","7","1","68.71","26.26","9.5","8.66","0","1","1","40.18","59.96","72.75","89.73","39.69","7029","0"
"EV106291","Tata","Nexon EV","Hatchback","2015","LG Energy Solution","LTO","97.72","AWD","129602.5","11.52","Private","BAT-10006291","1202","64.69",,"20.52","62.66","3.639","0.0099","349.34","1.47","11.3","0.833","94.34","91.96","63.22","35.31","24","0.37","0.49","57.54","132.54","0.31","0.09","0","0","60.16","13.23","6.07","80.71","20.16","0.93","0.33","20.2","11.5","28.63","-3.48","80.56","828.06","Desert","74.1","1283.9","93.21","23","4","23.93","1.51","23.04","0","1","0","0","32.37","95.33","95.2","89.99","35.3",,"0"
"EV101566","GM","Cadillac Lyriq","Crossover","2022","LG Energy Solution","NMC","120.76","AWD","104279.2",,,"BAT-10001566","1121","87.44","38.49","30.47","87.42","3.675","0.0242","363.82","27.46","45.82","0.374","97.2","96","105.59","12.56","35","0.16","0.64","18.61","337.18","0.86",,"0","1","99.21","120.11","81.15","24.09","51.52","0.38","0.5","123.95","44.22",,"25.86","55.78","2322.58","Flat","46.34","463.2","68.79","15","1","76.83","32.07","34.66","1.6","1","2","1","29.54","36.96","69.46","99.26","54.61","10119","0"
"EV100383","Kia","EV9","Sedan","2019","Guoxuan","LFP","68.4","FWD","203419.4","7.08","Fleet","BAT-10000383","1324","91.03","8.73","11.8","90.31","3.629","0.003","261.29","28.03","45.13","0.324","97.11","96.21","62.26","8.97","32","0.66","0.27","32.15","151.68","0.44","0.03",,"1","18.72","82.03","70.91","78.69","70.3","0.95","0.45","69.62",,"56.9","21.89",,"1576.89","Mountainous","93.64","72.8","72.84","3","3","80.72",,"11.31","7.7","2","3","2","36.29","62.12","66.23","78.25","54.15","8578","0"
"EV114504","Honda","Prologue","Crossover","2015","BYD Battery","LFP","148.71","RWD","227324.8","10.98","Private","BAT-10014504","1664","64.15","75.63","66.8","63.75","3.622","0.0006","354.96","7.49","28.2","0.718","94.44","92.97","95.4","35.85","6","0.13","0.65","16.88","600","0.08","0.46","1","0","102.5","38.57","11.4","67.54","67.65","0.59","0.42","24.65","46.75","60.49","27.38","50.13",,"Coastal","51.01","541.8","64.55","21","1","71.64","19","4.42","0","1","2","0","34.66","92.64","78.62","94.61","21.06","6450","0"
"EV106490","BYD","Atto 3","Crossover","2021","LG Energy Solution","LFP","84.01","RWD","96485","5.09","Private","BAT-10006490","1000","86.79","71.76","73.94","85.54","3.539","0.0069","311.43","40.31","57.42","0.41","96.68","97.08","72.91","13.21","8","0.28","0.67","23.49","233.12","0.46","0.03","1","1","106.7","89.6","23.28","2.11","57.23","0.72","0.56","107.65","-9.64","-3.37","-27.84","76.61","2294.48","Desert","32.85","1099.7","91.51","22","2","44.63","41.52","16.47","32.94","0","2","1","49.54","49.74","58.13","78.35","25.14","8528","0"
"EV112137","BYD","Seal","Crossover","2016","Envision AESC","NMC","46.17","AWD","128435.5","9.89","Private","BAT-10012137","1143",,"28.25","35.66",,"3.479",,"358.34","16.07","29.56","0.474","96.48",,"36.66","20.6","15","0.54","0.36",,"299.29","0.65","0.53","2","0","34.83","127.27","78.23","49.74","18.87","0.17","0.83","62.33","15.35","25.1","-3.8","22.87","85.33","Mountainous","27.07","343","91.71","20","1","80.7","7.01","6.59","14.21","0","1","1","47.85","73.03","97.68","86.46","51.84","7885","0"
"EV101542","BMW",,,"2016","SK On","NMC","125.89","AWD","328529.9","10.08","Private","BAT-10001542","1939","70.11","98.44","18.54","69.82","3.52",,"348.48","42.33","56.62","0.697","94.6","92.84","88.26","29.89","21","0.2","0.75","10.67","600","0.46","0.98","3","1","92.68","3.98",,"66.14","63.19","0.74","0.24","3","12.79","30.74","-0.45","44.19","2259.65","Desert","10.28","641.9",,"22","2","65.77","51.68","24.07","32.94","0","5","1","57.43","88.54","51.42",,"45.9","5685","1"
"EV110074","BYD","Seal","Truck","2017","Panasonic","NMC",,"FWD","230406.6","8.99","Fleet","BAT-10010074","1634","65.65","57.35","25.69","65.08","3.489","0.0095","320.99","35.43","48.64","0.706","93.98","93.98",,"34.35","23","0.35","0.43","28.83","414.67","0.49","0.08","0","1","28.14","47.18","65.06","54.5","33.86","0.16","0.57","18.88","12.03","24.54","1.88","93.72","2142.17","Desert","14.86","437.8","87.73","29","2","78.99","29.75","17.49","32.94","3","1","0","55.78","85.66","71.2","87.19","40.11","5938","1"
"EV117929","Hyundai","Kona Electric","Hatchback","2018","Northvolt","LFP","123.98","RWD","267357.8","7.73","Private","BAT-10017929","1805","79.08","78.47","49.81","77.2","3.497","0.0075",,,"26.45","0.5","96.15","96.29","98.04","20.92","38","0.33","0.65","9.15","600","0.61","0.51",,,"115.99","40.87","71.89","0.52","50.63","0.5",,"21.77","15.84","33.76","11.01","42","1426.85","Hilly","62.1","562.9","90.72","7","1","74.07","15.67","13.64","10.61",,"1","1","36.7","73.91","84.15","90.56","31.01","6789","0"
"EV115594","Kia","EV9","Van","2022","SK On","NMC","114.07","FWD","410528.1","4","Fleet","BAT-10015594","2598","82.19","65.69","60.27","83.51","3.711","0.0214","319.15","32.51","42.69","0.491","95.87","96.35","93.75","17.81","41","0.13","0.69","14.24","497.97","0.33",,"0","0","44.35","140.74","2.39","27.43","50.74","0.05","0.32","130.01","-10.68","7.95","-19.12","23.65","1309.87","Desert","94.45","1416.1","84.9","9","2","32.96","19.85","32.04","32.94","1","1","0","54.86","74.68","78.64","99.19","26.21","7798","0"
"EV104187","Rivian","R1S","Hatchback","2024","Northvolt","NCA","105.86","AWD","42141.3","2.31",,"BAT-10004187","506","90.87","33.58","73.27","89.3","3.491","0.0037","254.84","19.85","37.85","0.305",,"96.76","96.19","9.13","18","0.09","0.81","35.78","186.78","0.56","0.31","0","1",,"117.46","84.21","37.17","76.01","0.04","0.47","205.3","0.27","18.65","-19.23","57.55","617.5","Desert","78.87","208.1","87.06","13","1","85.26","14.34","7.6","32.94","2","0","1","61.19","25.87","90.28","99.39",,"8930","0"
"EV106251","Mahindra","BE 6","SUV","2019","Guoxuan","LFP","82.78","FWD","246523.5","6.69","Private","BAT-10006251","1664","85.49","56.64","25.69","82.64","3.681","0.0114","294.48","25.31",,"0.338","97.38","95.29","70.77","14.51","23","0.29","0.55","23.31","285.08","0.22","0.34","0","0","70.24","19.52","39.69","12.97","13.15","0.06","0.62","12.81","11.73","22.25","0.82","52.8","1805.88","Coastal","49.48","1091.4","96.03","9","0","63.96","6.86","17.34","22.03","0",,"0","35.42","70.52","94.56","91.45","31.77","7894","0"
"EV105787","GM","Chevrolet Bolt",,"2015","CATL","LFP","125.4","FWD","187470.8","11.55","Private","BAT-10005787",,"55.74","22.99","41.96","55.33","3.509","0.0073","326.34","32.04","51.74","0.892","94.38","92.91","69.9","44.26","2","0.25","0.55","50.06","218.53","0.24","0.81","1","0","65.12","91.31","69.3","90.44","1.86","0.96",,"43.47","-11.07","0.64","-25.5","88.01","1529.53","Hilly","35.33","1492.7","84.95","11","1","40.19","42.02","15.22",,"2","0","2","71.18","100","59.49","100","56.05","3953","1"
"EV106241","Rivian","R1T","Crossover","2021","Panasonic","NCA","122.72","AWD","222662","4.62","Private","BAT-10006241","1711","84.41","51.62","46.71","83.51","3.369","0.0067","347.01","12.56","32.49","0.436","96.91","95.97","103.59","15.59","31","0.39","0.57","16.54","490.28","0.16","0.98","1","3","36.01","141.44","88.76","95.13",,"0.77","0.44","83.86","0.05","14.28","-18.38","49.41","769.49","Flat",,"1021.9","96.33","19","3","52.35","6.32","16.76","32.44","0","2","1","66.29","55.62","93.91","72.48","61.1","7276","0"
"EV117258","Mercedes-Benz","EQE",,"2022","SK On","NMC","77.23","RWD","43784.4","3.99","Private","BAT-10017258","429","99.8","26.76","68.42","99.2","3.516","0.0127","246.12",,"22.25","0.091","98.18",,"77.08",,"17","0.28","0.7","21.41","185.64","0.68","0.67","0",,"17.13","40.39","48.24","99.57","87.68","0.45","0.02","67.58","18.23","27.96","8.32",,"2054.35",,"20.88","292.3","92.64","4","4","76.61","6.12","27.89","4.02","0","0","0","19.76","31.34","96.54","100","47.35","11182","0"
"EV105198","Hyundai","Kona Electric","Hatchback",,"LG Energy Solution","NMC","79.87","AWD","169315.7","11",,"BAT-10005198","1590","72.36","61.57","43.15","74.34","3.46","0.0066","304.48","21.45","33.35","0.605","96.19","94.95","57.79","27.64","41","0.13","0.81","144.96","37.53","0.17","0.83","1","0","14.24","13.38","71.23","67.99","86.06","0.16","0.52","31.66","17.11","25.81","2.8","23.1","2303.5","Hilly","27.3","364.8","90.53","19","2","81.63","0","15.44","16.24","0","2",,"40.93","89.91","100","97.72","46.43","5887","0"
"EV112443","Hyundai","Ioniq 5","Truck","2016","Panasonic","LFP","143.59","RWD","252023.1","10.07","Private","BAT-10012443","1679","66.83","70.64","31.18",,"3.592","0.0382","294.54","19.45","28.86","0.785","95.46","93.33","95.96","33.17","4","0.57","0.34","17.57","434.41","0.68","0.62","2","0","27.64","28.48","0.56","49.1","69.13","0.9","0.88","18.78","45.61","61.47","32.48","30.08","1789","Desert","3.51","607.2","69.28","14","0","87.83","19.75","52.73","0","3","2",,"31.79","89.51","83.6","78.02","20.56","6401","0"
"EV101446","Mercedes-Benz","EQA","Crossover","2015","Northvolt","LFP","62.7","RWD","149773.4","11.12","Private","BAT-10001446","1481","80.55","16.66","47.44","81.67","3.659","0.0308","314.67",,,"0.486","95.89","94.62","50.5","19.45","27","0.46","0.47","13.25","265.37","0.37","0.99","2","0","64.83","57.31","58.74","33.31","6.49","0.74","0.15","69.05","24.96","33.44","9","46.3","2589.27","Mountainous","89.28","1414.1","88.61","3","3","31.86","15.82","48.28","13.23","1","3","0","42.08","87.94","85.38","85.68","46.39","7150","0"
"EV104220","Mercedes-Benz","EQA","Van","2018","CATL","LTO","122.71","RWD","320427.2","7.45","Private","BAT-10004220","2689","77.09","57.42","39.12","76.22","3.593","0.0004","255.1","38.21","53.74","0.489","96.09","95.83","94.6","22.91","34","0.16","0.59","36.71","205.47","0.87","0.94","3","0","67.19","80.18","40.47","84.87","38.37","0.08","0.79","69.64","46.22","55.46","26.47","30.86","1685.09","Flat","41.94","428.7","82.58","22","2","65.89","31.11","5.73","7.52","0","0","1","33","93.9","63.57","96.73","38.34","6783","0"
"EV109937","BMW","iX1","Van","2021","Northvolt","LMO","113.47","AWD","115599.7","4.9","Private","BAT-10009937","929","80.53","38.74","67.1","78.8","3.714","0.0034","363.97","42.28","57.45",,"95.54","96","91.38","19.47","4","0.51","0.42",,"226.15","0.56","0.56","0","0","11.79","101.01","85.83","93.01","1.06","0.91","0.25","67.37","24.24","40.68","18.54","29.75","898.47","Desert","49.06","436.6","84.75","26","1","78.2","53.81","7.22","32.94","0","0","0","61.16","46.74","48.36","90.88","66.62","7370","0"
"EV110061","Volvo","EX30","Truck","2015","Panasonic","NMC","33.15","AWD","263189.8","11.2",,"BAT-10010061","1793","78.73","39.71","74.19","80.65","3.525","0.0093","296.1","23.07","32.93","0.549","96.59","95.84","26.1","21.27","40","0.53",,"26.6","108.02","0.93","0.56","1","1","107.35","9.18","52.99","63.32","85.01","0.37","0.13","3.49","33.11","44.95","13.29","79.81","1009.41","Desert","74.59",,"85.07","21","4","49.24","10.75","20.85","0","2","2","0","48.71","97.71","88.51","85.85","26.79","7338","0"
"EV107518","Honda","e:N1","Truck","2019","SK On","NMC","116.39","RWD","114087","7.22","Fleet","BAT-10007518","954","73","85.85","81.73","70.24","3.715",,"338.06","34.34","54.69","0.535","96.29","92.89","84.96","27","33","0.51","0.32","30.91","294.36","0.48","0.89",,"0","10.24","130.93","57.51","3.22","12.83","0.47","0.72","110.08","25.42","43.46","15.53","73.95","1474.06","Mountainous","31.56","664.6","95.05","2","0","73.17","33.79","6.44","29.27","1","1","0","63.75","63.13","65.44","82.32","44.26","7117","0"
"EV117925","Renault","Zoe","SUV","2022","SK On","LMO","31.3","FWD","83721.3","4.04","Fleet","BAT-10017925","791",,"86.26","48.52","89.37","3.774","0.0152","347.21","35.39","45.14","0.338","96.68","96.87","28.17","10.01","31","0.4","0.4","24.27","83.08","0","0.75","4","0","118.4","98.18","14.69","8.47","29.23","0.7","0.9","171.42","6.41","22.74","-9.13","56.78","927.24","Hilly","40.89","835.7","95.2","16","0","70.62","14.45","21.8","32.94","2","0","0","47.68","36.94","87.67","77.76","41.24","9170","0"
"EV104530","MG","ZS EV","Van","2020","Envision AESC","NMC","78.65","AWD","88697.1",,"Fleet","BAT-10004530","707","86.23","83.18","64.11","86.17","3.748","0.002","299.84","8.91","16.3","0.443","97.26",,"67.82","13.77","41","0.63","0.27","20.3","321.97","0.72","0.9","1","0","63.11","105.2","83.24","27.97",,"0.95","0.54","80.98","-10.46","-4.28","-25.9","5.04","168.42",,"6.85","382.1","86.09","10","0",,"5.58","3.57","26.76","1","1","1",,"45.22","94.62","81.79","53.81","7752","0"
"EV110133","GM","Cadillac Lyriq","Van","2018","Guoxuan","LFP","108.93","AWD","149364.7","7.86","Private","BAT-10010133","1070","86.43","95.93","20.97","87.18","3.545","0.0309","315.5","37.4","57.24","0.257","95.94","96.36","94.15","13.57","15","0.18","0.59","33.6","203.8","0.66","0.28","1","1","57.65","106.82","70.13","80.04","58.14","0.68","0.86","152.96","-9","7.95","-28.3","74.92","1298.4","Coastal","34.02","642.3","85.56","18","1","67.44","35.84","43.28","32.94","1","2",,"44.56","62.34","65.44","85.7","60.46","8190","0"
"EV102628","Audi","e-tron GT","SUV","2020","SK On","NMC","34.15","RWD","206251.8","6.26","Private","BAT-10002628","1427","79.78","21.72","28.93","80.57","3.439","0.0037","347.34","32.73","46.06","0.465","96.38","94.15","27.24","20.22","20","0.09","0.9","13.47","146.5","0.26","0.38","0","0","62.27","105.94","33.02","52.39","15.14","0.71","0.24","86.15","30.74","48.62","24.52","77.66","2555.6","Flat","3.41","828.8","83.81","26","0","69.39","18.59","6.02","15.32","1","1","1","35.83","58.26","78.34","100","46.66","8786","0"
"EV117424","BYD","Atto 3",,"2016","BYD Battery","LTO","110.7","AWD","178418.2","10.63","Fleet","BAT-10017424","1660","67.82","58.9","57.12","67.99","3.501","0.0004","280.08","10.01","18.98","0.625","95.07",,"75.08",,"29","0.46","0.3","121.77","44.62",,"0.11","0","0","70.63","116.38","32.1","85.52","5.2","0.51","0.88","48.35","6.19","20.52","-3.06","15.3","502.84","Hilly","38.79","1398.9","88.8",,"1","36.61","5.7","5.27","12.79","1","2","1","51.69","89.12","93.06","89.34","47.05","6393","0"
"EV118806","Volvo","EX30","SUV","2021","Guoxuan",,"44.09","FWD","147951.1","4.82","Private","BAT-10018806","1042","85.42","73.28","26.04","84.53","3.348","0.0029","311.36","31.98","40.59","0.36","96.18","94.42","37.66","14.58","8",,"0.78","8.96","500.48","0.65","0.68","0","1","49.12","26.47","99.63","59.5","66.33","0.33","0.38","33.25","27.51","32.98","7.86","71.66","1040.25","Hilly","65.83","1010.8","85.78","5","1","50.32","9.45","8.86","13.08","0","1","0","41.63","50.19","91.88","88","43.02","8863","0"
"EV101838","Mahindra","BE 6","Truck","2018","Guoxuan","LMO","31.29","AWD",,"8.32","Fleet","BAT-10001838","963","84.74","88.3","40.93","87.29","3.494","0.007",,"6.56","15.67","0.448","95.97","95.46",,"15.26","36","0.44","0.56","46.15","67.61","0.58","0.07","0","0","110.42","14.27","1.77","43.59","36.02","0.28","0.99","5.49","46.34","56.53","28.47","56.72","1082.61","Hilly","78.25","1308.6","71.01","4","0","47.51","20.25","11.45","0","0","2","1","26.35","56.9","79.27","86.8","21.87",,"0"
"EV118963","Volkswagen","ID.3","Truck","2019",,"LMO","96.26","RWD","151933.7","6.75","Private","BAT-10018963","1280","76.22","75.74","34.29","75.8","3.558","0.0025",,"40.96","59.83","0.53","95.34","94.27","73.37","23.78","26","0.25","0.65","23.38","334.45","0.45","0.37","0","0","38.24","9.71","88.02","9.91","17.79","0.36","0.65","11.57","6.34","25.77","-10.96","75.47","1993.36","Flat","17.96","1082.1","94.37","26","2","46","44.71","11.08","32.94","1","1","0","57.71","61.59","56.1","94.97","44.78","7635","1"
"EV105560","Lucid","Air","Sedan","2024","Panasonic","NCA","119.54","AWD","63856.2","2.25","Private","BAT-10005560","707","94.75","30.25","52.42","97.76","3.803","0.0017","281.42","12.55","18.03","0.344","96.51","98.1","113.26","5.25","12","0.32","0.6","46.53","151.14","0.54","0.59","0","1","80.63","84.43","7.49","31.16","36.22","0.86","0.61","50.87","22.19","37.86","12.73","73.14","772.17","Mountainous","57.46","118.3","97.41","9","1","86.36","13.25","5.58","0","0","1","2","22.96","25.15","89.79","89.37","19.59","11247","0"
"EV117466","Hyundai","Kona Electric","Truck","2020","SK On","LFP","27.78",,,"6.31","Private","BAT-10017466","1895",,"41.66","27.52","81.4","3.74",,"321.64","26.96","43.13","0.462","96.57","96.3","22.67",,"4","0.5","0.46","12.37","149.64","0.53","0.01","1","0","26.19","119.7","7.54","75.1","87.15","0.81",,"118.26",,"8.58","-24.12","71.86","1836.94","Flat","59.55","936.2","86.02","14","1","57.66","22.81","7.31","32.94","0","2","0","48.57","68","77.48","79.3","38.93","8183","0"
"EV113723","MG","Comet EV","Truck","2017","Northvolt","NMC","99.23","RWD","184379.1",,"Fleet","BAT-10013723","2026","77.94","65.8","51.55","78.74","3.813","0.0006","266.91","24.86","30.34","0.628","96.53","95.68","77.34","22.06","7","0.2","0.71","70.71","92.25","0.17",,"3","1","81.37","87.96","75.44",,"29.38","0.23","0.7","49.72","2.15","8.64","-17.05","37.63","811.28","Flat","32.24","742.9","87.98","10","0","67.96","10.1","2.59","28.19","0","2","1","55.81","83.35","90.83","77.45","47.43","5754","0"
"EV115737","Mercedes-Benz","EQE","SUV","2024","CATL","NMC","147.18",,"127875.4","2.51","Private","BAT-10015737","960","92.99","36.96","43.06",,"3.572","0.0334","328.62","6.04","11.31","0.209","97.32","96.57","136.86","7.01","5","0.31","0.49","38.93","197.2","0.42","0.39","1","2","73.51","53.48",,"79.9","33.22","0.89","0.57","36.93","25.13","40.25","18.66","84.43","256.59","Mountainous","96.53","756","93.86","0","1","62.91","10.98","47.5",,"2","0","0","35.62","30.55","86.54","82.48","37.21","9688","0"
"EV118183","Porsche","Macan Electric","Van","2020","BYD Battery","LMO","98.34","AWD","172100.4","5.65","Fleet","BAT-10018183","963","91.07","55.51","62.52","92.25","3.558","0.0038","270.41","33.07","42.78","0.403","96.69","95.43","89.56","8.93","15","0.23","0.67","85.6","78.72","0.2","0.96","1","2","114.65","20.22","13.04","53.61","40.21","0.46","0.65","22.25","-19.01","-6.56","-23.01","22.72","1265.64","Desert","81.89","679.8","96.47","14","1","76.58","16.68","7.72","32.94","2","3","0","55.84","46.69","84.19","82.26","28.73","9284","0"
"EV118387","Volkswagen","ID.4","SUV","2024","Envision AESC","NMC","104.42","RWD","106228.7","1.94","Fleet","BAT-10018387","1350","92.7","84.23","13.5","91.11","3.657","0.0004","274.27","34.81","41.41","0.215","97.41","97","96.8","7.3","1","0.63",,"34.81","264.99","0.62","0.06","0","0","24.2","18.68","5.5","53.82","86.36","0.07","0.64","9.68","3.4","9.25","-8.28","94.3","1990.53","Coastal","85.59","367.9","98.07","29","1","86.02","9.31","2.96","32.94",,"0",,"47.28","45.58","88.89","86.85","17.94","9322","0"
"EV105347",,,"Hatchback","2015","CATL","LFP","122.81","FWD","99651.1","11.01","Private","BAT-10005347","1114","81.79","86.63","22.84","82.42",,"0.0187","368.78","28.04",,"0.513","96.69","95.74","100.45","18.21","9","0.29","0.67","67.54","170.51","0.62","0.61","1","0","79.71","32.76","57.58","39.02","98.04","0.91","0.4","45.33","36.33","49","16.53","56.92","959.14","Flat","38.81","38.2","86.41","10","0","97.92","2.59","26.76","5.25","1","0","0","24.05","77.99","100","92.05","29.48","7873","0"
"EV103308","Mahindra","XUV400","Sedan","2022","Guoxuan","LFP","45.68","AWD","253639.4","4.03","Fleet","BAT-10003308","1566","82.26","9.5","65.71","82.89","3.33","0.0115","233.1","20.17","37.97","0.454","95.79","95.43","37.58","17.74","25","0.19","0.7","21.03","182.29","0.15","0.89","0","0","114.87","57.88","13.13","82.17",,,"0.61","58.95","3.38","12.2","-1.45","82.64","2511.66","Mountainous","92.43","1189.6","87.75","12","0","57.39","16.16","16.44","32.94","3","1","2","55.07","48.49","86.9","94.02","32.88","7975","0"
"EV104397","Rivian","R1T","Truck","2023","LG Energy Solution","NCA","108.65","FWD","154966.5","3.44","Fleet","BAT-10004397","1032","87.52","78.1","52.05","86.76","3.737","0.0089","358.75",,"44.57","0.322","96.22","96.95","95.09",,"28","0.37","0.38","15.75","452.4","0.76","0.9","0","1","23.53","64.2","89.88","17.42","20.92","0.69","0.09","73.37","21.41",,"11.09","77.44","2568.33","Coastal","16.51","39.1","95.61","21","0","94.43","17.35",,"23.16","0","1","0","58.22","31.34","82.94","90.65","48.21","8289","0"
"EV114839","Ford",,"SUV","2017","Guoxuan","NMC","129.01","RWD","118281.7","9.1","Fleet","BAT-10014839","1190","75.63","71.85","31.49","77.93","3.524","0.0236","253.73","15.28","31.33",,"96.08","94.3","97.57","24.37","31","0.5","0.37","19.38","478.05","0.87","0.65","1","0","65.18","105.54","65.58","50.72","61.65","0.45","0.34","83.58","-14.16","4.95","-23.75","88.61","2526.84","Desert","40.03","549.8","85.68","0","2","81.4","11.92","35.57","32.94","1","2","0","54.52","74.76","88.95","91.36","42.4","7860","0"
"EV101815","Tesla","Model 3","SUV","2016","LG Energy Solution","LFP","140.04","RWD","241603.6","10.25","Fleet","BAT-10001815","1893","69.59","79.29","77.66","67.69","3.613","0.015","357.69","36.8","48.56",,"94.04","94.74","97.45","30.41","13","0.25","0.52","21.85","495.08","0.78","0.23","1","2","27.21","112.36","22.98","25.82","95.13","0.43","0.82",,"44.62","63.72","39.67","53.55","2217.58","Coastal","76.1","1283.7",,,"1","42.67","33.4","21.56","3.94","1","0","2","48.86","92.82","64.85","71.15","26.85","5975","0"
"EV119012","Nissan","Leaf","Sedan","2022","LG Energy Solution",,"38.1","AWD","223476.8","3.79","Private","BAT-10019012","1945","84.91","87.32","70.78","83.26","3.594","0.06","362.99","31.49","36.76",,"97.09","94.99","32.35","15.09","19","0.57","0.26","21.79","138.89","0.79","0.99","1","0","52.48","42.25","62.14","45.01","54.07","0.65",,"25.52","12.12","21.82","-6.3","38.32","2415.3","Flat","70.19","1147.5","86.78","17","0","56","3.31","79.3","24.64",,"1","0","60.85","57.8","96.88","89.84","39.19","7301","0"
"EV116930","Kia","EV6","Hatchback","2018","Northvolt","LFP","116.61","AWD","285556.3","7.87","Private","BAT-10016930","2123","75.81","47.02","30.02","74.19","3.592","0.0072","369.98","24.61",,"0.604",,"93.64","88.4","24.19","27","0.03","0.86","59.64","121.62","0.43","0.17","3","0","22.37","25.31","61.42","66.85","61.73","0.22","0.89","25.19","-8.12","7.03","-20.26","8.46","525.83","Mountainous",,"1171.1","91","28","0","56.27","12.87","9.41","32.94","1","3","0","48.26","77.92","87.57","88.72","37.49","6950","0"
"EV112306","Renault","Zoe","Hatchback","2022","Guoxuan","NMC","69.82","AWD","305702.1","4.01","Private","BAT-10012306","2213","87.81","94.15","60.76","87.62","3.518",,"309.58","23.4","41.61","0.34","97.72","97.21","61.31","12.19","25","0.29","0.66",,"131.7","0.32","0.47",,"1","48.33","121.66","55.1","97.92","3.2","0.35","0.93","118.09","6.7","16.45","-6.4","49.29","2256.61","Coastal","85.77","680.5","88.91","12","1",,"9.95","22.69","32.94","1","2","2","58.77","64.2","92.5",,"68.47","7774","0"
"EV109784","BMW","iX1","Van","2019","BYD Battery","LFP","125.4","FWD","104799.7","6.87","Private","BAT-10009784","834",,"38.45","64","80.59","3.533","0.019","275.57","38.19","47.13","0.49","95.19","94.65","100.56","19.81","30","0.02","0.81","46.14","196.01","0.26","1","0","0",,"19.43","40.96","90.84","64.33","0.92","0.02","14.68","5.9","19.13","-2.71","74.08","757.78","Mountainous","98.25","215.1","86.47","15","0","89.86","28.23","26.25","32.94","1","1",,"50.79","54.53","70.58","100","39.94","7173","0"
"EV101049","Ford","F-150 Lightning","Crossover","2020","LG Energy Solution","LMO","74.24","FWD",,"6.1","Private","BAT-10001049","1049","76.12","46.61","50.66","75.63",,"0.003","284.42","12.49","29.87","0.606","95.04","93.71","56.51","23.88","7","0.33","0.64","49.2","92.07","0.29","0.65","0",,"86.17","21.04","36.83","69.91","10.12","0.89","0.51","26.17","47.6","57.88","40.36","26.34","681.01","Hilly","7.93","428.5","73.75","0","2","71.59","11.27",,"0","1","2","1","30.67","55.68","91.21","94.92","42.84","8544","0"
"EV118840","Mercedes-Benz","EQA","Crossover","2017","SK On","NMC","99.13","RWD","158431.3","8.24","Fleet","BAT-10018840","1116","76.33","2.07","22.19","77.15","3.566","0.0117","356.6","37.14","48.79","0.549","95.07","93.16",,"23.67","10","0.23","0.72","20.62","468.21","0.53",,,"0","52.59","82.91","53.51","26.63","44.31","0.03","0.69","42.65","-15.29","1.24","-19.48","58.81","1434.24","Coastal","26.68","1284.1","83.75","8","2","36.15","33.6",,"32.94","0","0","0","45.34","63.29","70.18","95.59","38.44","8013","0"
"EV108518","Volvo","EX30","Truck","2015","Envision AESC","NMC","134.6","FWD","237598.8","10.97","Private","BAT-10008518","1716","68.17","76.15","38.67","69.53","3.703","0.0124","266.62","43.99","49.77","0.645","94.95","94.12","91.76","31.83",,"0.86","0","36.48","192.72","0.82","0.38","0","0","34.5","85.42","99.31","70.62","98.03","0.64","0.84","60.12","-18.81","-3.16","-29.37","52.02",,"Desert","63.1","929.6","88.37","29","0",,"29.07","16.27","32.94","1","2","0","75.05","96.97","69.04","72.24","56.06","5032","0"
"EV107145","BYD","Seal","Hatchback","2021","LG Energy Solution","NMC","68.52","RWD","78922.4","4.97","Private","BAT-10007145","698","86.74","53.11","57.66","85.22","3.633","0.0021","352.4","32.5","51.2","0.296","97.32","95.52","59.43","13.26","32","0.07","0.81","76.14","81.33","0.51","0.51","0","1","115.9","28.34",,"69.14",,"0.64","0.93","27.74","29.16","38.96","17.22","18.87","1358.93","Hilly","53.99","40.4","96.31","28","0","99.51","28.91","5.29","22.04","1","1","0","40.86","44.79","73.03","96.66","19.81","9624","0"
"EV118047","Volkswagen","ID.3","Van","2016","Envision AESC","NMC","74.64","RWD","180279.8","9.71","Private","BAT-10018047","1212","77.91","64.27","36.4",,"3.545","0.005","262.33","36.5","47.53","0.433","96.49","96.2","58.15","22.09","10","0.11","0.76","15.88","478.84","0.42","0.03","0",,"95.18","39.62","25.03","82.98","0.89","0.39","0.75","48.74","-9.15","8.99","-27.77","29.11","2054.58","Flat","68.63","224.2","84.48","7","0","90.63","22.57","10.21","32.94","0","1","2","51.66","71.67","75.9","90.64","43.15","7021","0"
"EV111274","Kia","EV6","SUV","2024","LG Energy Solution","NMC","119.01","RWD","171242.4","1.83","Fleet","BAT-10011274","953","91.79","45.46","25.33","91.18","3.538","0.006","275.96","21.18","35.92",,"97.03","96.13","109.24","8.21","30","0.35","0.53","38.14",,"0.64","0","1","3","15.75","138.33","62.51","71.39","67.47","0.33","0.91","114.12","-18.35",,"-27.74","38.13","2113.53","Hilly","0.86","1143.7","88.06",,"3","41.42","1.24","13.95","32.94","0","1","1","58.02","28.44","100","76.1","47.32","8886","0"
"EV106517","Kia","EV6","Hatchback","2020","SK On","NMC","26.62","AWD","59134.7",,"Private","BAT-10006517","922","86.58","43.33","48.5","85.61","3.74","0.0018","355.3","39.44","59.07","0.271","96.1","95.24","23.05","13.42","16","0.2","0.61","55.32","23.22","0.4","0.96","1","0","59.98","21.55","89.16","53","8.9","0.88","0.95","24.77","47.75","63.44","43.5","52.6","1620.74","Flat","36.19","1301.7","74.5","18","6","23.24","50.47","18.27","11.32",,"0","1",,"57.71","48.22","100","49.98","7991","0"
"EV101988","Nissan","Leaf","Hatchback","2016","Panasonic","LMO","142.33","FWD","197531.1","9.85","Fleet","BAT-10001988","1423",,"40.69","36.73","72.84","3.749","0.0116","281.18","19.78","31.81","0.588","94.31","94.36","103.64","27.18","23","0.5","0.41","65.68","168.63","0.69","0.31","0","1","26.02","139.54","53.72","46.97","14.65","0.99","0.69","160.19","27.78","39.28","20.91","22.56","878.97","Desert","2.16","762.2","86.07","8","1","60.78","2.36","19.29","4.03","0","1","2","40.19","81","97.21","84.49","59.97","6640","0"
"EV112174","Tesla","Model 3","Crossover","2019","Northvolt","LMO","46.95","FWD","260455.4","7.29","Fleet","BAT-10012174","1740","75.01","37.39","58.72","74.66","3.411","0.0198","327.46","30.38","39.13","0.552","95.37","95.24","35.22","24.99","3","0.33","0.59","33.34","71.55","0.67","0.73","0","0","21.96",,"23.65","75.04","1.67","0.92","0.34","174.02","7.52","23.18","-6.66","47.47","1303.4","Flat","27.95","265.6","90.98","9","3","79.56","5.23","35.18","31.61","3","2","0","48.51","78.17","93.88","97.07","59.83","5747","0"
"EV101798","Renault","Zoe","Van","2020","Guoxuan","NMC","64.14","RWD","87811.5","5.81","Fleet","BAT-10001798","607","84.49","74.49","54.17","84.81","3.602","0.0016","320.58","31.71","51.75","0.39","96.46","96.16","54.19","15.51","41","0.42","0.5","57.66",,"0.75","0.45","0","0","77.4","46.26","5.36","15.2","44.07","0.15","0.72","63.01",,"42.68","24.49","80.19","674.41","Mountainous","9.62","1494.5","92.56","1","0","36.49","32.79","2.2","14.51","0","2","1","39.72","40.67","66.44","89.63","14.63","9127","0"
"EV105318","GM","Chevrolet Bolt","SUV","2020","LG Energy Solution","NMC","34.54","RWD","112825","6.31","Private","BAT-10005318","1308","83.53","33.75","23.49","83.45","3.279","0.0024","281.99","34.14","50.47","0.43","96.57","95.26","28.85","16.47","37","0.77","0.22","106.72","21.3","0.53","0.99","1","0","75.53","2.59","59.13",,"0.98","0.32","0.1","3","-16.83","-11.47","-30.08","47.62","2501.67","Hilly","12.18","164.7","96.35","23","1","89.77","23.57","8.08","32.94","0","1","0","60","57.71","78.08","79.95","35.23","8967","0"
"EV100259","Mercedes-Benz",,"Truck","2017","Northvolt","LFP","77.39",,"244958.8","9.32","Private","BAT-10000259","1937","75.53","60.96","29.7","74.41","3.527","0.028","285.69","29.05","42.33","0.56","95.15",,"58.45","24.47","12","0.32","0.49","15.32","426.25","0.03","0.32","1","0","69.95","15.17",,"35.18","50.01","0.04","0.37","20.46","31.65",,"27.06","56.25","226.3","Flat","98.54","129.1","89.64",,"1","79.32","18.28","40.17",,"2","3","1","32.86","83.53","85.58","87.09","39.54","7245","0"
"EV117541","Volvo","EX30","Sedan","2024","Guoxuan","NMC","129.2","AWD","247509.1","2.12",,"BAT-10017541","1780","87.66","80.9","65.77","86.16","3.628","0.0124","341.03","23.23","32.61","0.198","96.73","95.85","113.26","12.34","5","0.13",,"73.69","123.99","0.39","0.98","1","0","93.68","133.6","11.92","5.27","91.81","0.45","0.31","108.29",,"11.63","-13.46","54.76","959.19","Flat","72.73","867.3","87.96","26","0","66.15","9.59","17.73","32.94","0","1","0","45.67","43.33","89.81","100","18.27","8151","0"
"EV106076","Mercedes-Benz","EQA","Crossover","2022","Envision AESC","NCA","63.22","FWD","94123.7","3.88","Fleet","BAT-10006076","932","87.62","95.69","28.14","88.32","3.689","0.0289","309.88","37.99","55.39","0.304","95.99","94.91","55.39","12.38","20","0.45","0.36","37.57","127.87","0.72","0.55","1","0","98.96","122.43","90.02","1.85","50.08","0.51","0.03","82.78","25.87","37.22","17.72","34.72","1840.11","Desert","12.21","287.5","92.55","17","0","84.94","28.95","39.82","29.52","1","0","1","51.7","38.7","70.23","86.44","35.62","9275","0"
"EV109841","Rivian","R1S","Sedan","2020","Northvolt","LMO","129.35","RWD","196492.9","5.84","Private","BAT-10009841","1281","90.06","80.84","24.28","89.48","3.509","0.0014","333.36","30.38","41.27","0.333","97.07","95.71","116.49","9.94","16","0.19","0.56","13.42","600","0.85","0.65","3","2","97.22","59.87","79.89","53.52","69.31","0.11","0.37","31.54","1.32","7.88","-17.95","71.79","487.82","Hilly","32.04","650.8","95.11","12","0","81.45","13.25","3.73","32.94","1","3","0","52.27","58.8","84.54","81.02","38.49","7997","0"
"EV117353","BYD","Atto 3","Crossover","2016","SK On","NMC","25.26","AWD","168449.5","10.22","Private","BAT-10017353","1529","63.4","44.05","40.33","62.47","3.613","0.0149","357.69","21.43","41.04","0.831","93.42","92.06",,"36.6","20","0.38","0.53","36.61","62.34","0.79","0.35","0","2","112.23","90.67","55.3","64.73",,"0.69","0.54","114.78","16.3","21.34","12.87","8.51","1975.92","Coastal",,"1357.2","86.6","21","2","40.07","13.54","24.78","24.74","0","2","0","63.61","85.32","88.23","80.74","56.21","4575","0"
"EV119070","Honda","e:N1","SUV","2018","Northvolt","NMC","95.21","RWD","186698.1","8.04","Fleet","BAT-10019070","1510","76.76","27.12","69.79","78.64","3.85",,"273.35","34.69","50.21","0.586","95.73",,"73.08",,"1",,"0.43","28","335.04","0.86","0.77","0","0","36.57","138.07","26.35","64.31","58.38","0.24","0.55","103.25","-20.67","-11.11","-36.69","9.91","244.61","Mountainous","20.5","982.2","91.99","12","1","57.67","36.3",,"32.94","0","2","0","62.19","74.12","61.18","95.59",,"6328","0"
"EV108116","BMW","iX1","Hatchback","2016","BYD Battery","NMC","70.55","FWD","230950.7","9.95","Fleet","BAT-10008116","2180","68.04","45.26","47.67","68.04","3.539","0.0063","357.44","23.65","43.23",,"95.32","92.77","48","31.96","22","0.39","0.56","42.21","156.2","0.31","0.32","0","0","97.87","105.15","79.95","70.54","75.77","0.17","0.4","39.98","6.35","21.1","-4.01","27.82","845.62","Coastal","78.16","309.2","85.5","23","0","86.33",,"11.33","32.94","0","3","1","59.5","100","81.83","88.47","42.8","5224","0"
"EV110651","Volvo",,"Crossover","2017","CATL","NMC","128.73","RWD","229143.6","8.9","Private","BAT-10010651","1416","82.89",,"29.26","84.07","3.393","0.0196","349.48","9.48","14.98","0.521","96.9","95.04","106.7","17.11","34","0.07","0.93","91.76","124.96","0.23","0.41","0","0","29.6","66.39","3.35","17.77","88.94","0.61","0.91","74.75","40.26","51.96","32.47","32.28","2280.11","Flat","81.11","531.1","78.69","18","0","71.14","20.65","27.66","0","0","2","0","18.25","77.25","78.08","100","9.43","7950","0"
"EV116241","BYD","BE 6","Truck","2019","BYD Battery",,"87.13","FWD","136326.3","7.3","Fleet","BAT-10016241","1002","68.25","30.54","35.94","69.52","3.465","0.015","291.06","17.27","25.03","0.682","94.28","94.52","59.47",,"3","0.6",,"47.6","148.25","0.48","0.9","0","1","84.91","95.78","98.03","47.75","11.82","0.4","0.32","73.98","17.53","37.18","7.86","23.52","1261.5","Flat","24.88","570.1","83.86","30","5","61.49","13.33","31.16","7.5","1","1","0","51.72","71.03","84.61","83.17","63.77","6284","1"
"EV104547","Volvo","EX30","Hatchback","2016","CATL","NMC","148.53","AWD","144756.8","9.85","Private","BAT-10004547","1508","75.61","79.86","69.52","76.87","3.76","0.0045","360.96","32.4","53.4",,"94.74","94.9","112.3","24.39","26","0.18","0.6","53.07","239.69","0.3","0.68","0","0","87.09","128.15","5.81","17.52","90.83","0.48","0.09","70.06","-4.33","14.05","-11.44","73.84","2585.93","Hilly","35.85","1122.8","86.58","9","1","51.86","32.81","10.47","32.94","0","0","0","60.74","77.51",,"100","16.37","7056","0"
"EV111056","Honda","Prologue","Crossover","2021","Panasonic","LFP","128.03","RWD","102841.2","4.8","Private","BAT-10011056","618","89.56","79.82","54.6","88.87","3.604","0.0232","299.13","9.07","26.65","0.351","97.91","96.87","114.66","10.44","38","0.18","0.78","25.36","465.45","0.55","0.89","1","1","51.22","133.3","42.93","45","17.82","0.74","0.38","56.93","-7.75","10.44","-21.11","18.36","1725.22","Coastal","37.51","225.9","86.37","17","2","77.95","6.99","37.5","32.94","0","2","0","53.53","40.13","92.17","88.29","44.15","9411","0"
"EV100944","BMW","iX1","SUV","2015","Envision AESC","LFP","81.71","AWD","221386.6","11.55","Private","BAT-10000944","1350",,"59.09","54.82","71.88","3.511","0.0201","340.57","33.49","53.08","0.687","94.55","93.36","58.84","27.99","35","0.43","0.39","19.26","302.11","0.29","0.14","0","0","69.35","95.6","43.09","52.1","48.92","0.41","0.01","82.84","45.23","54.73","30.65","15.38","2529.96","Flat","31.45","704.9","77.17","0","1","59.02","45.57","28.67","7.85","0","3","0","50.61","85.78","55.28","84.81","43.77","6193","1"
"EV111574","Audi","e-tron GT","Truck","2016","CATL","LFP","49.63","RWD","255022.4","10.04","Fleet","BAT-10011574","1703","69.44","60.46","46.33","71.89","3.621","0.0045","311.41","11.89","18.48","0.703","95.63","92.36","34.46","30.56","28","0.13","0.7","65.55","74.98","0.53","0.24","0","0","23.47","89.71","6.77","95.37","6.66","0.16","0.19","35.4","21.61","31.8","13.09","15.8","1810.51","Coastal","27.2","623.9","90.73","8","1","67.33","6.28","9.29","0","2","2","0","29.13","90.55","91.02","96.41","38.5","6253","0"
"EV116275","Rivian","R1S","Van","2016","Panasonic","LTO","83.79","FWD","194902.7","9.95","Private","BAT-10016275",,"64.85","58.55","52.67","61.73","3.682","0","298.24","25.32","44.45","0.743","94.12","93.81","54.34","35.15","21","0.54","0.44","71.25","66.95","0.34","0.36","1","1","45.28","130","8.02","93.28","20.75","0.08","0.23","84.45","-7.5","3.37","-26.33","67.68","1219.39","Flat","36.27","469.2","85.25","19","1","77.27","11.18","3.02","32.94","0","0","2",,"93.9","88.24","82.09","50.81","4520","0"
"EV119309",,"EV9","Truck","2017","Northvolt","NMC","47.6","RWD","325662.4","9.08","Fleet","BAT-10019309","2074","72.8","49.07","51.44","72.8","3.401","0.0048","309.49","33.95",,"0.693","94.76","95.39","34.65","27.2","14","0.64","0.23","40.61","116.65","0.03","0.17","0","0","20.78","17.71","16.32","82.71","28.86","0.16","0.44","11.85",,"40.48","6.12","18.53","1457.53","Flat","38.14","701.2","94.96","18","0","66.74","18.58","8.49","26.73","1","2","2","56.79","92.63","82.2","79.24","37.74",,"0"
"EV102973","Mercedes-Benz","EQA","Sedan","2018","LG Energy Solution","LFP","100","RWD","278661.3","8.1","Private","BAT-10002973","1703","83.99","49.66","42.48","84.66","3.628","0.0011","297.5","6.67","16.36","0.363","95.96",,"83.99","16.01",,"0.14","0.74","120.99","52.72","0.05","0.42","2","0","72.19","77","55.11","89.58","55.69","0.41","0.9","101.45","22.25","29.72","7.02","46.13","1945.43","Mountainous","19.08","620.3","93.01","22","1","57.24","7.32","6.08","0","1","2","0","25.24","75.82","92.84","90.73","50.09",,"0"
"EV113606","Porsche","Taycan",,"2015","CATL",,"36.16","AWD","168888.5","10.75","Private","BAT-10013606","1342","77.48","82.75",,"77.53","3.588","0.0049","333.68","38.95","60.75","0.762","95.55","95.32","28.02",,"1","0.69","0.18","25.39","125.56","0.3","0.57","2","0","117.29","38.38","46.4","55.82","64.05","0.03","0","36.52","29.28","46.43","23.72","83.62","694.23","Coastal","80.42","158.1","89.83","24","1","95.24","52.98","8.85","31.47","0","0","0","69.69",,"46.89","68.9","37.02","6187","0"
"EV113880","Porsche","Macan Electric","Sedan","2021","CATL","NCA","26.15","FWD","173383.8","4.82",,"BAT-10013880","1091","81.71","37.28","82.82","82.67","3.485","0.0005","341.53","9.4","25.59","0.296","95.78","95.88","21.37","18.29","39","0.31","0.54","13.48","162.25","0.05","0.69","0","0","42.6","107.32","10.36","59.22","35.35","0.35","0.85","71.5","38.79","58.32","33.64","21.12","918.62","Desert",,"1490.5","69.28","22","3","26.29",,"7.81","0","0","1","2","36.45","52.99","86.04","100","33.8","8453","0"
"EV112229","Audi","Q4 e-tron","Hatchback","2017","LG Energy Solution","LTO","96.28","FWD","262189.5","8.67","Private","BAT-10012229","1983","79.7","5.24","57.68","77.98","3.524","0.0059","359.45","43.61","51.97","0.539","95.22","95.06","76.74","20.3","28","0.33","0.5","20.57","360.75","0.01","0.77","1","0","103.25","105.34","22.89","44.91","51.7","0.87","0.79","127.12","32.38","43.28","16.56","51.43",,"Flat","80.61","814.3","94.79","11","2",,"33.58","14.14","19.59","3","1","0","45.17","86.23","66.11","86.74","29.09","6877","0"
"EV118465","Tata","Nexon EV","Van","2017",,"NCA","41.15","RWD","169791.6","8.73","Private","BAT-10018465","1386",,"19.5","32.18","65.99","3.598","0.005","345.41","24.25",,"0.843","94.89","94.07","26.81","34.86","9","0.53","0.24","47.9","80.33","0.82","0.91","2","0","41.87","11.34","46.38","79.18","67.79","0.31","0.52","6.28","9.95","17.86","4.21","84.16","2195.19","Hilly","77.62","811.5","83.76","16","0","71.96","15.82","9.29","28.75","1","0","4","63.4","78.54","86.14",,"38.46","5228","0"
"EV114923","GM","Chevrolet Bolt","Sedan","2022","LG Energy Solution","LMO","125.06","FWD","208917.9","3.79","Private","BAT-10014923","1490","84.08","38.47","46.01","83.85","3.591","0.0055","316.01","31.07",,"0.387",,"94.94","105.15","15.92","3","0.45","0.55","25.54","246.95","0.18","0.58","2","0","80.66","130.67","25.75","70.51","98.19","0.51","0.61","144.63",,"50.66","35.44","93.54","584.12","Hilly","31.3","853.7","78.83","8","1","52.92","35.64","10.78","7.37","1","0","1","34.34","50.75","69.27","84.26","44.95","9143","0"
"EV110836","BMW","iX1","Truck","2019","Guoxuan","NMC","132.83","FWD","328588.5","6.98","Fleet","BAT-10010836","2073",,"71.66",,"76.2","3.716","0.0042","297.28","27.06","34.04","0.611","96.62","95.17","102.98","22.47","15",,"0.27","70.96","93.75","0.75","0.84","0","0","90.84","69.35","64.33","23.38","42.51","0.06","0.96","52.17","-15.83","4.07","-28.96","65.04","1108.89","Coastal","22.12","287.1","95.84","3","1","76.41","9.42","10.42","32.94","2","0","0","53.99","84.72","90.52","86.87","40.71","6075","0"
"EV119217","Volkswagen","ID.3","Hatchback","2019","Guoxuan","LFP","57.07","RWD","101351.4","7.06",,"BAT-10019217","752","88.76","86.7","54.67","90.36","3.348",,"321.41","24.81","43.87","0.268","97.55",,"50.66","11.24","2","0.58","0.33","55.72","85.8","0.12","0.25","1","4","111.41","62.95","72.31","99.14","70.08","0.6","0.04","29.44","37.96","45.93","22.33","25.46","1485.2",,"94.32","1421.5","90.62","24","1","48.03","9.59","8.03","5.91","0","3","1","56.03","51.34","92.4","63.44","53.81","7946","0"
"EV113201","GM","Cadillac Lyriq",,"2019","CATL","LFP","126.48","RWD","192249.2","6.67","Private","BAT-10013201","1295","80.28","74.7","17.46","81.22","3.746","0.0106","325.9","26.58","47.36","0.564","96.61","94.27","101.54","19.72","5","0.03","0.74","115.85","69.29","0.53","0.66","3","0","102.07","30.42","19.18","57.94","45.94","0.21","0.27","40.96","32.68","37.95","20.49","42.35","1731.96","Hilly","10.47","185.8","92.01","2","2","77.77","22.79","18.73","14.68","0","2","1","27.19","64.22",,"96.05","30.56","8841","0"
"EV118453","Hyundai","Kona Electric","SUV","2024","SK On","LFP","37.28","RWD",,"2.56","Fleet","BAT-10018453","1927","94.23",,"29.56","93.54","3.632","0.0064","297.82",,"35.03","0.244","98.07","96.88","35.13","5.77","2","0.68","0.24","66.04","49.77","0.84","0.89","1","0","27.23","65.01","94.47",,"5.32","0.52",,"85.32","45.37","53.82","28.33","37.29","1409.33","Hilly","82.08","472","79.11","24","2","77.15","8.66","15.43","0","1",,"2","35.92","41.43","95.58","81.3","63.24","11215","0"
"EV104407","Mahindra","XUV400","Van","2021","SK On","NMC","94.96","FWD","115527.2","5.28","Private","BAT-10004407","1258","78.96","52.28","47.69","78.42","3.775","0.0419","305.77","33.98","39.95","0.455","96.21","95.29","74.98","21.04","35","0.41","0.56","35.52",,"0.17","0.45","1","0","76.45","18.38","41.88","25.51","10.94","0.55","0.33","10.56","36.82",,"24.63","48.66","2464.1","Flat","52.37","1366.2","78.51","23","1","45.01","12.19","57.04","3.13","1","1","0","41.12","51.23","87.61","90.03","34.11","8380","0"
"EV105799","Honda","Prologue","Sedan","2023","Guoxuan","LFP","130.58","FWD","253249.2","3.43","Private","BAT-10005799","1946","97.52","70.69","64.23","99.31","3.583","0.0071","275.89","43.48","63.16","0.03","97.7","97.97","127.34","2.48","25","0.76","0.15","36.95","354.94","0.01","0.54","1",,"16.86","109.86","22.08","70.88","50.37","0.19","0.34","100.63","30.22","38.94","25.17","34.63","227.64","Hilly","99.38","291","89.28","29","0","89.9","60.81","10.84","32.94","1","0","1",,"54.79","37.58","75.68","39.97","9110","0"
"EV104095","Tata","Tiago EV","Hatchback","2019","Envision AESC","LFP","79.55","RWD","203605.5","6.78","Private","BAT-10004095","1228","74.31","72.42","44.69","75.01","3.748","0.009","273.6","23.27","30.67","0.69","94.88","94.87","59.11","25.69","10","0.56","0.21","88.42","77.58","0.23","0.88","1","0","110.13","87.37","5.41","98.99","39.46","0.47","0.14","73.71","31.27","50.38","24.52","52.95","1843.84","Desert","60.22","469.9","83.37","12","1",,"3.54","14.73","0","1","0","0","32.38","65.25","95.4",,"41.47","8238","0"
"EV100899","Porsche","Macan Electric","Truck","2015","LG Energy Solution","LFP","37.49","FWD","279649","11.13","Private","BAT-10000899","2450","61.87","99.53","36.89","60.92","3.517","0.0096","316.53","38.34","56.38","0.802","94.03","92.47","23.2","38.13","15","0.3","0.56","61.74","61.84",,"0.02","0","0","113.79","102.83","25.51","79.48","90.22","0.54","0.38","205.3","30.77","43.02","13.36","50.71","2061.39","Hilly","98.51","882.1","86.58","9","0","68.17","39.9","15.89","25.61","3","0","1","53.49","100","64.32","91.34","56.47","5224","0"
"EV100124","Renault","Zoe","Truck","2022","SK On","NMC","83.7","AWD","154558.6","4.04","Private","BAT-10000124","1171","79.89","91","37.76","79.16","3.618","0.0005","350.95","40.23",,"0.509","95.32","96","66.87","20.11","32","0.39","0.52","49.27","149.55","0.93","0.48","2","0","48.44","80.39","81.15","20.73","70.81","0.96","0.7","137.2","2.93","14.88","-0.83","87.97","1829.67","Desert","90.62","887.6","90.66","13","1","62.5","52.95","6.47","32.94",,"1","0","55.19","48.68","48.96","83.06","49.66","7805","0"
"EV107408","Volvo","XC40 Recharge","Crossover","2022","BYD Battery","NCA","70.26","RWD","108801.9","3.99","Private","BAT-10007408","1024","90.8","9.39","68.94","91.79","3.625","0.0111","308.12","35.27","45.34","0.298","97.03","95.1","63.8","9.2","19","0.38","0.47","63.03","56.61","0.72","0.09","0","1","41.87","130.06","31.73","14.47","56.88","0.6","0.23","113.15","40.98","59.34","32.33","83.08","2237.2","Desert",,"849.6","74.63","1","1","65.54","20.98","17.5","4.36","2","0","0","34.76","41.3","81.46","84.63","34.84","9787","0"
"EV108538","Tesla","Model S","Van","2022","Envision AESC","LFP","39.68","AWD","95357.6","3.96","Private","BAT-10008538","850","90.08","68.98","50.79","90.06","3.734","0.0102","369.67","12.84","28.78","0.269","96.13","96.19","35.74","9.92",,"0.72","0.17","37.29","85.24","0.64",,"2","0","54.09",,"23.13","23.56","35.05","0.9","0.34","9.74","-21.68","-4.63","-30.43","5.58","2238.81","Desert","81.84","875.4","88.86","7","1","66.18","3.44","16.1","32.94","0","0","0","54.58","42.42","93.06","71.79",,,"0"
"EV104114","Porsche","Macan Electric","Truck",,"Northvolt","NMC","69.15","RWD","155954.3","8.94","Fleet","BAT-10004114","1353","87.28","62.79","64.57","85.92","3.836","0.003","360.58","28.56","40.07","0.286","96.92","96.54","60.35","12.72","3","0.21","0.59","75.33","48.88","0.7",,"1","0","90.24","139.81","79.71","62.64","52.14",,"0.41","84.45","-5.7","11.59","-19.5","50.04","1570.35","Mountainous",,"1029.8","88.43","20","1","57.92","13.13","7.09","32.94","0","1","2","52.15","67.86","86.45","95.77","50.73","8980","0"
"EV100925","BMW","iX1","Truck","2023","CATL","NMC","77.8","FWD","59826.6","2.88","Private","BAT-10000925","839","90.38","82.02","54.03","90.56","3.695","0.0071","262.34","28.2","35.57","0.191","97.16","97.03","70.32","9.62","8","0.17","0.77","28.49","260.12","0.42","0.35","0","0","15.94",,"52.74","89.51","82.53","0.95","0.06","53.35","21.49","40.84","12.04","89.21","725.46","Hilly",,"275.1","95.65","2","1","80.84","8.08","13.15","14.08","0","2","0","31.46","33.02","89.41","97.98","44.46","8796","0"
"EV116702","Volvo","XC40 Recharge","Hatchback","2021","Northvolt","LFP","100.5","FWD","176807","4.87","Private","BAT-10016702","1806","92.51","43.16","48.21",,"3.54","0.0108","290.28","24.86","46.75","0.396","97.99","97.42","92.97","7.49","24","0.06","0.76","69.84","115.83","0.19","0.77","1","0","107.33","124.49","77.68","10.21","10.78","0.84","0.72","122.73","18.05","23.09","3.5","80.46","1884.88","Mountainous","58.51","818.9","94.02","12","0","78.28","23","16.99","28.7","0",,"0","44.04","49.3","80.02","100","49.51",,"0"
"EV106655",,"Model 3","Truck","2017","SK On","NMC","123.99","RWD","132419.5","8.89","Fleet","BAT-10006655","1182","82.92","63.44","23.49","83.78","3.626","0.0006","351.72","23.06","35.6","0.434","96.29","95.01","102.81","17.08","27","0.37","0.56","41.1","255.44","0.61","0.57","0","0","22.22","24.78","13.11","47.51",,"0.24","0.86","18.37","18.34","29.8","-0.8","98.98","2397.25","Mountainous","33.89","991.8","93.77","27","0","58.61","11.4","3.56","17.26","0","3","0","38.08","67.44","88.42",,,"8170","0"
"EV117731","Audi","Q4 e-tron","Hatchback","2022","Panasonic","NMC","81.15","AWD","114305","4.14","Private","BAT-10017731","642","91.91","43.53","48.94","92.76","3.659","0.0192","362.24","52.28","69.15","0.376","97.28","97.15","74.58","8.09","18","0.24","0.64","10.67","526.78","0.87","0.13","1","0","79.06","68.59","92.44","90.4","10.21",,"0.55","64.92","20.6","31.98","11.45","26.12","2382.79","Mountainous","77.69","1096.2","97.19","11","2","52.71","69.7","30.44","32.94","0","3","2","46.91","33.91","27.56","98.56","56.81","9416","1"
"EV114079","GM","Cadillac Lyriq","Sedan","2024","CATL","LMO","113.83","RWD",,"2.25","Fleet","BAT-10014079","1470","94.49","88.06","43.96","95.02","3.55","0.0167","312.4","36.07","56.98","0.065","97.97","97.11","107.56","5.51","11","0.31","0.64","19.91","357.1","0.8","0.93","1","1","53.17","81.36","47.79","65.57","44.11",,"0.79","37.35","-21.74","-12.18","-38.73","93.92","2590.58","Desert","41.85",,"89.67","3","0","68.92","40.42","22.76","32.94","1","2","1","49.26","36.7","54.72","92.67",,"9001","0"
"EV113332","Kia","EV6","Van","2022","Guoxuan","LMO","72.58","RWD","107801.2","4.63","Private","BAT-10013332","715","87.81","5.66","14.24","87.93","3.51","0.0012","312.39","38.92","58.95","0.441","96.45","94.64",,"12.19","18","0.39","0.51","41.25","103.35","0.79","0.36","1","0","82.96","137.31","36.45","98.06","1.99","0.8","0.48","72.17","27.78","38.6","21.34","78.12","106.26","Hilly","47.58","811.9","95.56","16","2","67.37",,"6.58","31.17","1","0","0","39.21","43.71","53.76","81.17",,"9181","0"
"EV102522","Porsche","Macan Electric","Hatchback",,"Panasonic","NMC","44","FWD","163859.9","9.17","Private","BAT-10002522","1082","80.15","53.04","34.17","81.71","3.744","0.0173",,"30.45","37.98","0.512","95.38","94.71","35.27","19.85","20","0.14","0.77","28.06","76.26","0.41","0.98","3","1","108.04","122.34",,"13.26","32.59","0.84","0.24","119.42","4.08","17.3","-3.38","9.62","595.12",,"49.09","374.6","87.8","16","2","80.5","14.19",,"32.94","0","1","0","56.12","70.13","90.43","85.5","58.23","7616","0"
"EV113622","Audi","Q4 e-tron","Van","2021","CATL","LFP","141.68","FWD","70882.8","4.71","Private","BAT-10013622","788","82.02","42","28.42","83.38","3.584","0.0138","250.88","19.42","26.3",,,"94.23","116.21","17.98","28","0.25","0.62","41.52","244.82","0.74","0.72","1","0","54.85","85.01","15.48","72.13","81.11","0.58","0.1","69.93","-16.18","-7.4","-25.77","18.62","412.14","Desert","39.66","1374.8","91.55","2","1","38.58","6.8","22.14","32.94","1","2","0","44.3","39.38","92.14","92.4","33.31","7559","0"
"EV113442","Hyundai","Ioniq 5","Hatchback","2024","SK On","NMC","35.55","RWD","177602.7","1.98","Fleet","BAT-10013442","1206","90.6","85.59","61.39","91.04","3.56","0.0005","352.44",,"47.14","0.342","97.23","97.54","32.21","9.4","23","0.09","0.89","27.03","96.42","0.82","0.32","2","2","45.46","34.27","13.71","41.82","6.74","0.74","0.97","25.96","-23.7","-15.19","-38.97","62.52","1854.18","Coastal","20.06","843.7","91.3","24","1","61.13","25.56","3.59","32.94","1","2","1","55.57","31.05","72.41","78.39","29.05","9291","0"
"EV119054","BYD","BE 6","Crossover","2021","CATL","NMC",,"AWD","99242.1","5.02","Private","BAT-10019054","877","85.21","60.16","22.89","84.62","3.833","0.0156","375.63","24.07","32.05","0.38","97.22","94.29","123.18","14.79","4","0.15","0.82","35.73","222.24","0.55","0.29","0","1","31.39","89.24","53.15","91.92","27.98","0.21","0.76","90.32","26.35","41.46","20.76","89.78","2413","Desert","93.7","545.9","91.79","11","2","76.68","14.08","28.17","5.7","2","2","1","28.25","47.4","84.97","100","48.87","9548","0"
"EV106587","Volkswagen","ID.3","Crossover","2022","Guoxuan","NMC","138.55","FWD",,"4.7","Private","BAT-10006587","1311","91.36","37","52.56","92.66","3.506",,"357.61","26.04","44.1","0.313","97.7","95.72","126.58","8.64","11","0.26","0.54","50.15","230.1","0.55","0.73","1","0",,"86.34",,"68.06",,"0.35","0.08","100.08","-16.06","-10.23","-32.02","78.33","2223.46","Desert","88.97","1321.3","97.79","22","1","41.45","12.38","15.28","32.94","0","3","0","47","46.34",,"92.88","40.91","9810","0"
"EV119991","BYD","Atto 3","Truck","2017","SK On","NMC","86.72","AWD",,"8.93","Fleet","BAT-10019991","1537","78.92","74.88","57.63","80.21","3.433","0.0107","343.3","17.4","34.57","0.387","96.25","94.39","68.44","21.08",,"0.28","0.47","60.48","74.44","0.18","0.3","0","0","76.16",,"1.53","2.8","75.89","0.59","0.13","23.41","44.87","63.25","29.95","58.58","977.44","Mountainous","31.87","1398.9","63.91","4","1","41.08","14.86","19.6","0","1","0","1","29.61","69.32","83.06","93.61","10.71","7581","0"
"EV104558","Renault","Zoe","SUV","2023","Panasonic","NMC","130.14","AWD","216190.7","2.77","Private","BAT-10004558","1556","83.52","39.09","37.27","83.68","3.511","0.0043","333.54","37.98","54.7","0.341","96.84","95.62","108.69","16.48","26","0.29","0.65","42.11","313.94","0.64","0.72","1","1","40.74","120.6","17.83","38.54","30.1","0.97","0.34","93.77","30.07","41.55","15.05","38.15","1665.69","Flat","18.87","531.2","85.19","5","0","79.21","39.18","8.83","24.63","2","1","1","48.74","48.86","58.14","88.9","33.52","7849","0"
"EV116789","Nissan","Ariya","Sedan","2021","LG Energy Solution","NMC","114.07","RWD","137696.2","4.68","Private","BAT-10016789","982","84.77","81.37","41.59","84.26","3.456","0.0099","304.13","21.89","37.84","0.374","96.91","97","96.7","15.23","20","0.25","0.53","21.67","423.98","0.13",,"0","0","88.11","15.06","63.8","22.47","89.63","0.58","0.83","13.9","28.02","35.39","13.3","83.9","2619.69","Mountainous","91.16","1215.2","93.09","1","0","39.55",,"14.88","9.82","0","1","0","33.93","47.33","100","96.46","26.95","9195","0"
"EV116788",,"EQE","Van","2017","BYD Battery","NCA","36.38","RWD","92843.3","9.64","Private","BAT-10016788","1308","76.05","76.05","67.75","74.55","3.73","0.0042","373","42.01","62.44","0.637","94.75","95.23","27.67","23.95","16","0.13","0.84","66.14","55.61","0.4","0.78","1","1","12.06","67.36","66.59","98.28","97.12","0.96","0.42","43.06","27.4","37.25","9.02","60.42","202.45","Hilly","27.14","1087.7",,"25","0","58.74","54.58","6.66","32.94","3","0","0","58.18","79.15","41.93","91.34","51.48","6519","0"
"EV108591","Volkswagen","ID.4","SUV","2019","Panasonic","LTO","92.28","AWD","165509.3","7.34","Fleet","BAT-10008591","1337",,"94.88","20.36","77.24","3.721","0.0061","290.24","35.72","45.95","0.643",,"95.31","71.64","22.37","21","0.65","0.24","23.7","313.93","0.69","0.15","1","0","47.4","108.39","5.15","85.26","25.07","0.24","0.07","99.66","31.05",,"19.25","25.88","280.11","Hilly",,"1132.3","91.76","7","3","40.17","29.96","14.2","14.9","1","1","0","35.46","65.68","70.27","79.18","36.44","7671","0"
"EV116260","BMW","iX","Van","2019","Envision AESC","NMC","53.21","FWD","134440.5","6.8","Private","BAT-10016260","823","80.19","67.2","42.99","81.79","3.692",,"265.82","28.82","38.37","0.354","95.98","95.94","42.67","19.81","14","0.43","0.51","38.74","88.21","0.53","0.33","0","1","108.44","58.98",,"77","80.67","0.29","0.58","43.93","16.61","34.05","10.85","96.67","1475.94","Desert","39.41","920.2","84.89","30","1","69.51","10.85","22.34","21.76","1","2","2","39.85","56.8",,"83.14","34.56","8127","0"
"EV118418","Nissan","Ariya","Crossover","2021","Envision AESC","NMC","143.17","AWD","176124.1","5.64","Private","BAT-10018418","1487","77.66","17.89","44.6","79.57","3.562","0.0134","309.89","42.36","55.33","0.534","95.44","94.34","111.19","22.34",,"0.25","0.6","35.79","391.97","0.78","0.48","1","1","84.54","103.36","31.35","36.29","36.56","0.99","0.63","120.36","24.23","32.16","19.61","59.84","1271.84","Mountainous","17.75","1347.8","84.34","26","1","47.64","45.01",,"31.1","0","1","1","53.11","63.16","58.66","85.66","43.99","7284","0"
"EV101913","Hyundai","Kona Electric","Hatchback","2018","Envision AESC","LFP","148.19","RWD","134524","8.12","Private","BAT-10001913","1202",,"73.22","50.52","79.85","3.537","0.0097","290.03","18.67","25.9","0.453","95.51","94.37","115.77","21.88","36","0.04","0.93","50.67","178.37","0.84","0.03","0","2","101.08","13.24","37.35","96.94","91.32","0.61","0.39","7.58","19.52","38.96","6.97","65.19","2178.97","Coastal","94.62","228.4","87.07","27","1","88.94","12.24","15.87","6.38",,"0","0","44.4","73.21",,"92.86","33.43","6841","0"
"EV110365","Audi","e-tron GT","Van","2022","Panasonic","LMO","75.13","AWD","229860.6","3.97","Private","BAT-10010365","1705","89.41","15.64","45.09","89.83","3.283","0.0085","318.45","36.18",,"0.362","96.94","96.77","67.17","10.59","28","0.75",,"36.25","142.62","0.27","0.39","1","0","35.21","126.25","63.09","2.33","43.23","0.39","0.71","185.08","33.53","43.58","29.09","69.25","2235.71","Mountainous","61.33","505.9","90.1","8","1","74.8","10.32","15.28","8.49","0","1","2","43.27","56.17","91.01","71.29","45.64","8824","0"
"EV101750","Rivian","R1S","Crossover","2017","BYD Battery","LFP","117.56","AWD","203902","9.63","Private","BAT-10001750","1469","82.03","3.26","47.86","83.05","3.707","0.0022","274.32","29.65","38.9","0.56","96.24","95.31","96.43","17.97","27","0.35","0.56","42.35","281.66","0.84","0.31","0","0","68.91","79.62","87.86","62.44","53.08","0.16","0.28","33.65","39.69","51.01","32.47","31.67","1193.26","Flat","64.49","670.1","88.52","13","0","63.9","7.02","6.3","0","0","1","1","38.98","77.01","88.05","92.89","45.37","7807","0"
"EV119864","BMW","iX","Sedan","2016","CATL","LTO","70.19","FWD","283813.8","9.77","Fleet","BAT-10019864",,"85.01","32.86","60.05","86.52","3.588","0.0016","251.16","26.33","45.13","0.231","97.14","95.19","59.67","14.99","7","0.53","0.41","20.34","344.09","0.52",,"1","0","49.97","57.09","69.02","66.09","31.13","0.18","0.28","65.26","43.39","49.46","23.78","28.53","1911.13","Hilly","44.86","476.3","89.52","2","0","79.68","15.88","3.09","1.74","0","0",,"36.99","84.25","86.51","82.4","51.84","7398","0"
"EV113358","Mercedes-Benz","EQE","Truck","2020","Guoxuan","LFP","60","FWD","248254.2","5.46","Private","BAT-10013358","1594","77.12",,"58.41","78.49","3.657","0.0271","281.59","17.33","33.96","0.446","95.48","95.78","46.27","22.88","28","0.07",,"80.75","44.05","0.08","0.65","0","1","14.27","142.41","28.55","22.06","2.39","0.39","0.6","112.64","27.43","43.36","10.63","58.62","1907.53","Hilly","20.17","870.5","86.64","5","1","57.89","7.23","38.87","6.53","0","1","0","36.58","65.75","89.57","95.2","45.55","7774","0"
"EV111058","Volkswagen","ID.3",,"2019","Panasonic","NMC","47.94","FWD","146821.6","7.59","Private","BAT-10011058","1423","84.83","31.79","36.19","83.95","3.534","0.0111","328.66","15.57","23.9","0.421","97.03",,"40.67","15.17","2","0.41","0.51","38.46","89.48","0.19","0.78","0","0","70.04","4.44","76.83",,"83.74","0.69","0.04","3.47","-17.27","-6.53","-20.44","20.91","380.28","Hilly","43.66","785.6","87.28","20","1","68.03","9.33","16.54","32.94","0","0","0","50.79","64.68","88.54","84.76","38.88",,"0"
"EV105231","Nissan","Leaf","Truck","2020","SK On","LTO","76.98","RWD","114903.9","6.19","Fleet","BAT-10005231","937","81.62",,"59.19","83.37","3.551","0.0051","276.98","37.2","56.68","0.404","95.82","95.66","62.83","18.38","38","0.6","0.35","146.95","43.5","0.69","0.47","1","1","59.58","109.16","82.51",,"82.39","0.18","0.66",,"31.37","47.87","22.96","69.76","1842.04","Coastal","3.2","619.2","91.56","26","0","78.21",,"8.59","25.31","0","1","0","67.51","53.07","55.91","75.8","58.98","6921","0"
"EV112549","Volvo","XC40 Recharge","SUV","2019","BYD Battery","LFP","29.43","AWD","111244.5","7.58","Private","BAT-10012549","1170","73.02","65.35","36.46","72.46","3.448","0.0114","268.94","15.82","26.89","0.657","94.92","93.83","21.49",,,"0.15","0.85","36.31","56.99","0.43",,"3","0","28.05","132.59","99.78","56.87","19.9","0.95","0.59","61.22","34.47","46.51","30.43",,"2560.82","Flat","28.42","616.1","91.52","19","0","79.11","17.54","15.77","0","1","0","1","36.45","72.04","82.89","96.13","60.59","6439","0"
"EV106323","Audi","Q4 e-tron","SUV","2017","LG Energy Solution","LMO","92.39","FWD","254477.4",,,"BAT-10006323","1506","73.01","59.25","17.66",,"3.374","0.0249","337.4","19.69","39.08","0.62","94.99","93.07","67.45","26.99","24","0.2","0.74","15.03","542.83","0.55","0.45","0","1","77.47","53.04","20.57",,"64.07","0.44","0.89",,"3.65","13.66","-1.07","73.87","1709.59","Desert","50.12","865.5","88.66","3","2","57.25","14.04","36.98","32.94","1","3","1","52.63","73.46","79.89","95.06","20.55","7181","0"
"EV101951","Kia","EV6","Truck",,"LG Energy Solution","LFP","118.34","RWD","199103.6","8.63","Fleet","BAT-10001951","2033","78.61","31.24","52.77","77.39","3.58","0.0046","329.36","32.8","53.97","0.504","96.05","95.1","93.03","21.39","5","0.13","0.8","70.26","84.63","0.79","0.83","0","0","83.22","115.64","13.03","94.34","13.79","0.48","0.29",,"-14.94","-5.44","-31.76","46.6","405.38","Desert","21.36","1151.9","93.62","5",,"52.61","31.17","7.18","32.94","0","1","1","52.07","82.34","71.13","100","46.59","6685","0"
"EV119093","Kia","EV9","Truck","2023","BYD Battery","LFP","30.77","RWD","169841.9","2.76","Private","BAT-10019093",,"84.44","70.77","33.45","86.11",,"0.0296","305.94","30.45","46.42","0.458","96.3","96.98","25.98","15.56","21","0.43","0.49","18.61","164.46","0.42","0.34","0","1","85.73","57.08","35.87","83.42","94.95","0.48","0.17","49.96","-22.37","-12.7","-39.03","64.43","387.96","Hilly","25.33","710.2","94.87","13",,"55.74","14.54","40.74","32.94","0","0","1","52.51","39.76","87.63","85.76","34.78","8640","0"
"EV113260","Kia","EV9","Crossover","2016","CATL","NMC","45.06","FWD","213732.6","9.91","Fleet","BAT-10013260","1571","70.65","13.5","48.7","70.14","3.668","0.0004","352.13","4.92","13.82","0.665","96.02","93.21","31.83","29.35","8","0.55","0.38","69.57","43.81","0.78","0.59","3","1","102.47","72.41","32.91","58.66","41.15","0.73","0.33","135.78","17.27","30.67","4.9","46.13","36.54","Flat","77.53","785.4","84.47","22","1","72.76","17.16","6.03","0","1","3","0","49.2","82.1","81.4","68.77","49.1","5487","0"
"EV115666","MG","Comet EV","Crossover","2018","CATL",,"142.65","RWD","204329.8","7.96","Private","BAT-10015666","1529","72.18","8.93","69.29","70.82","3.624","0.0058","271.8","19.09","35.83","0.72","95.09","93.1","102.96","27.82","40","0.27","0.69","12.98","600","0.5","0.46","1","1","46.17","104.03","21.25","57.96","37.01","0.45","0.38","132.49","0.87","9.65","-11.24","65.9","157.69","Mountainous","36.22","177.7","86.38","0","0","100","10.95","8.68","32.94","1","1","1","65.41","79",,"89.69","40.11","6192","0"
"EV100566","GM","Chevrolet Bolt","SUV","2024","SK On","NMC","71.28","RWD","165021.5","2.39","Private","BAT-10000566","1071","85.73","96.31","36.68","86.5","3.436","0.0002","288.62","27.45","34.35",,"96.03","94.73","61.11","14.27","27","0.25","0.59","24.11","224.61","0.94","0.91","0","2","77.8","142.18","71.74","59.37","33.56","0.66","0.66","56.6","36.84","47.09","20.31","77.24","388.38","Mountainous","41.59","1085.5","87.79","4","0","60.48","11.11","0.48","0","2","3","1","41.39","32.03",,"87.72","51.13","9062","0"
"EV119094","Volvo","EX30","Truck",,"LG Energy Solution","NMC","113.69","AWD","85810.8","2.89","Private","BAT-10019094","635","93.33","24.29","39.41","93.86","3.522","0.01","292.33","26.45","42.23","0.268","97.97","96.24","106.11","6.67","31","0.6","0.23","36.09","278.43","0.23","0.97","0","1","104.37","103.32","53.32","66.06","70.41","0.32","0.17",,"47.27","55.76","28.39","85.36","618.79","Mountainous","57.47","583.3","76.07","24","0","70.78","26.56","16.81","0","2","2","0","23.87","27.76","72.54","79.96","42.47","11221","0"
"EV101701","Honda","e:N1","Truck","2017","CATL","LFP","54.34","AWD","88274.2","9.26","Private","BAT-10001701","1110","82.02","65.9","34.63","82.98","3.701",,"362.7","56.92","72.4","0.494","96.55","96.45","44.57","17.98","34","0.17","0.77","27.12","111.52","0.51","0.52","0","1","10.99","74.94","17.88","0.27","93.42","0.99","0.98","30.57","17.13","34.4",,"60.49","2121.99","Coastal","48.46",,"88.3","9","0",,"74.39","32.27","32.94","0","1","1","48.03",,"27.85","87.86","12.02","7338","1"
"EV113780","BYD","Atto 3",,"2024","Northvolt","LFP","103.47","FWD","182030.7","2.04","Private","BAT-10013780","1475","94.34","91.81","29.7","96.23","3.485","0.0006","355.47","36.3","52.84","0.2","96.74","97.78","97.61","5.66","33","0.63","0.26","38.36","183.52","0.47","0.47","0","2","33.34","35.66","71.04","5.33","20.2","0.65","0.31","26.53","-1.93","6.15","-5.71","35.73","926.63","Coastal","5.92","439.9","98","13","2","78.74",,"5.41","32.94","1","2","0","56.59","37.62","69.14","81.73","37.93","10001","0"
"EV110847","Lucid","Air","Van","2023","Guoxuan","NMC","55.54","RWD","161529.6","3.35","Private","BAT-10010847","1385","87.8","77.87","43.7","86.69","3.453","0.0063","328.04","19.89","41.44","0.302","95.86","95.99","48.76","12.2","17","0.28",,"21.59","141.81","0.31","0.34","0","0","21.72","38.53","94.66","73.03","39.6","0.76","0.27","48.31","-18.21","-6.73","-24.04","48.05","2037.03","Mountainous","43.56","167.3","96.52","8","2","88","15.06","13.36","32.94","1","1","1","57.16","48.23","85.89","97.65","63.7","9518","0"
"EV103337","GM","Chevrolet Bolt","Hatchback","2019","Guoxuan","NMC","60.92","FWD","177361.9","6.99","Private","BAT-10003337","1683","79.76","5.36","65.8","79.54","3.85","0.0115","388.85","11.33","30.98","0.454","95.58",,"48.59","20.24","26","0.52","0.26","12.9","254.26","0.28","0.22","0","0","106.15","119.97","34.88","67.68","29.52","0.82","0.46","205.3","-23.37","-9.83","-38.31","51.1","1644.38","Mountainous","13.84","737.3","84.5","12","0","62.43","8.55","16.41",,"3","2",,"62.44","74.33",,"86","66.35",,"0"
"EV111411","Nissan","Leaf","Sedan","2016","Guoxuan","NMC","64.12","RWD","161487.2","9.86","Private","BAT-10011411","1792","70.16","53.12","30.51","70.67","3.446","0.0063","299.8","28.44","35.98","0.625","94.82","94.49","44.99","29.84","25","0.19","0.59","51.15","104.78","0.55","0.06","1",,,"139.65","1.45","73.07","37.91","0.12","0.78","205.3","39.74","44.79","32.34","43.15","1278.1","Desert","59.22","532.2","84.36","2","0","77.28","11.62","12.02","0","3","1","0","28.3","85.47","87.2","88.16","51.43","6597","0"
"EV103236","MG","ZS EV","Hatchback","2017","Envision AESC","NMC","84.85","FWD","131223.2","9.79","Fleet","BAT-10003236","1167","75.24","2.69","30.41","74.71",,"0.0043","272.25","32.52","42.93","0.585",,"95.39","63.84","24.76","18","0.6","0.26","32.79","157.54","0.55","0.72","0","0","26.93","46.36","11.82","47.15","61.96","0.69","0.9","36.27",,"29.27","-1.88","67.61","2062.91","Flat","23.78","334.6","94.56","14","0","84.31","5.08","7.45","31.56","0","0","0","51.31","81.29","92.81","82.05","29.72","6449","0"
"EV107827","Mahindra","XUV400","Truck","2016","Guoxuan","LFP","131.96","RWD","143717.7","10.08","Private","BAT-10007827","1486","83.98","52.61","42.98","83.82","3.762","0.049","361.15","38.11","58.72","0.416","96.52","95.48","110.82","16.02","3","0.11","0.8","20.16","354.21","0.71","0.62","0","1",,"83.98","0.84","69.9","74.76","0.8","0.43","151.31","3.26","17.52",,"75.1","1343.6","Coastal","39.8","1389.7","87.53","12","0","43.29","53.37","64.9",,"2","2","0","48.53",,"46.94","89.81","30.36","7553","0"
"EV118971","Honda","e:N1","SUV","2015","Guoxuan",,"93.4","AWD","109989.4","11.11","Private","BAT-10018971","1563","64.45","12.31","15.21","64.1","3.85","0.0032",,"36.1","48.9","0.696","94.86","94.19","60.2","35.55","38","0.48","0.5","45.68","150.01","0.58","0.77","0","1","55.64","109.74","12.25","16.91","17.14","0.98","0.3","205.3","14.73",,"-4.3","53.48","2530.08","Desert","4.89","1400.1","91.18",,"0","45.15","27.26","5.87","32.94","0","2","0","64.99","97.26","76.78","88.78","40.92","5611","0"
"EV108992",,"F-150 Lightning","Van","2024","CATL","LMO","127.11","AWD","143464.7","2.12","Fleet","BAT-10008992","694","97.41","41.2","69.27","98.08","3.591","0.011","366.28","30.6","43.66","0.107","97.98","98.42","123.82","2.59","23","0.24","0.56","60.55","157.29","0.02","0.49","0","0","62.5","56.55","88.74","34.7","49.44","0.26","0.99","19.72","6.13","14.19","-9.34","38.91","85.03","Hilly","92.53","570","93.1","27","1","71.08","12.41","17.58","32.94","1","0","2","50.51","30.72","86.28","89.2","41.37","9770","0"
"EV114159","Tata","Nexon EV","SUV","2021","CATL","NMC","118.83",,,"4.88","Private","BAT-10014159","1806","88.93","8.09","59.42","87.6","3.705","0.0118","340.86","32.79","49.04","0.309","96.5","95.07","105.68","11.07","13","0.31","0.61","28.42","340.35","0.72","0.7","1","0","113.48","118.82","1.85","36.34","26.18","0.52","0.46","51.36","-12.7","-1.96","-18.53","10.31","945.04","Hilly","50.96","141.5","92.68","12","1","94.04","28.11","20.9","32.94","1","1","1","51.63","61.56","73.5","95.22",,"8154","0"
"EV111916","MG","Comet EV","SUV",,"Panasonic","LMO","105.92","FWD","228514.4","4","Private","BAT-10011916","1351","86.49","88.01","31.71","86.46","3.728","0.0181","260.96","36.45",,"0.342","97.35","97.28","91.61","13.51","20","0.17","0.73","35.81","286.84","0.06",,"3","0","59.75","33.15","74.75","39.69",,"0.12","0.81","18.7","-23.38",,"-29.02","38.56","2123.86","Desert","41.73","312.2","89","13","1","75.54","40.81","29.17","32.94","0","2","0",,"48.38","58.85","90.29","39.06","8821","0"
"EV108950","Volkswagen","ID.4","SUV","2017","Envision AESC","LFP","51.77","RWD","225753.5","9.8","Fleet","BAT-10008950","1266","87.2","5.89","29.78","88.62","3.495","0.0033","342.51","29.48","36.03","0.26","97.33","96.03","45.14","12.8","9","0.28","0.64","35.21","85.6",,"0.37","1","1","115.84","54.12","38.23","40.38","75.56","0.1","0.15","17.1","-16.41","-6.47","-20.16","67.36","1428.17","Mountainous","39.6","749.1","92.04","4","1","62.72","13.2","9.87","32.94","0","2","2","49.69","76.77","83.68","89.31","21.7","6754","0"
"EV102287","Tata","Tiago EV","Sedan","2020","LG Energy Solution","LFP",,"AWD","208328.6","6.33","Private","BAT-10002287","1498","81.6","41.45","39.07",,"3.668","0.0026","315.45","55.24","69.46","0.447","96.82","95.92","45.17","18.4","3","0.25","0.7","36.32","111.56","0.49","0.62","0","0","81.44","41.13","94.18","58.25","8.37","0.45","0.67","50.34","-15.32","-9.1","-30.37","6.58","434.82","Coastal","30.74","704.9","94.16","9","0","75.89","66.75","3.5","32.94","1","0","0","48.12","72.61",,"96.58","57.86","7252","0"
"EV117178","Porsche","Taycan","Van","2024","CATL",,"104.05","RWD","279418.2","1.62","Private","BAT-10017178","2079","92.87","35.46","59.39","92.02","3.783","0.0019","332.9","22.16","38.82","0.091","98.2","97.88","96.63","7.13","36","0.52","0.32","36.99","172.29","0.8","0.75","0","0","20.85","15.67","24","56.99","43.38","0.91","0.26","30.77","0.77",,"-5.92","59.53","2341.35","Flat","69.23","401.3","95.22","8","0","78.63","4.35","6.32","32.94","0","0",,"53.97","44.98","96.06","92.22","27.83","8823","0"
"EV111469","Honda","Prologue","Van","2015","BYD Battery","NCA","91.95","FWD","198933.9","11.08","Private","BAT-10011469","1884",,"21.91","19.94","64.47","3.34","0.0045","250.5","17.65","30.02","0.7","93.66","94.05","58.26","36.64","37","0.5","0.34","48.35","99.36","0.46","0.33","0","0",,"121.2","59.05","34.69","6.56","0.27","0.52","59.83","7.7","22.58","-10.01","44.36","2026.26","Flat","48.66","1030.2","87.79","4","1","59.53","7.02","11.48","22.32","1","1","0","57.67","100","92.56","85.38","44.29","4235","0"
"EV100683","GM","Cadillac Lyriq","Crossover","2023","Guoxuan","NMC","110.31","RWD","167562.9","3.16","Private","BAT-10000683","1189","88.25","34.97","30.97","85.61","3.726","0.0142","380.05","31.3","42.97","0.311","97.59","96.11","97.35","11.75","9","0.18","0.63","10.53","600","0.21","0.7","0","0","74.84","3.12","85.25","95.13","61.47","0.95","0.94","3","35.52","42.48","21.71","97.78","657.93","Desert","70.05","589.5","90.25","15","1","80.06","7.8","23.44","7.45","0","2","0","32.38","37.9","92.76","100","53.96","9288","0"
"EV108741","Porsche","Taycan","Truck","2017","Guoxuan","NMC","50.37","FWD","147561.9","9.4","Fleet","BAT-10008741","1340","83.45","11.45","44.3","83.59","3.672","0.003","348.84","32.72","38.71","0.299","96.64","96.01","42.03","16.55","2","0.41","0.42","29.89","87.91","0.46","0.92","0","2","82.38","88.83",,"41.24","75.55","0.62","0.98","93.29","24.93","36.53","13.4","62.25","132.79","Mountainous","62.47","1034.4","91.31","27","1","54.48","20.9","6.56","13.78","3","2","0","47.29","76.46","79.44","83.72","24.51","7940","0"
"EV117709","Mercedes-Benz","EQA","Truck","2015","LG Energy Solution","LFP","140.53","RWD","314201.3","10.46","Private","BAT-10017709","2079","68.69","83.54","31.73","67.57","3.535","0.0255","275.73","36.8","48.8","0.579","94.9","92.66","96.53","31.31","12","0.44","0.41","51.8","252.99","0.24","0.55","1","0","62.1","141.29","75.74","81.66","73.72",,"0.84","143.03","-5.47","5.66","-16.02","77.95","1393.84","Mountainous","25.61","609.8","92.28",,"1","75.29","29.8","35.83","32.94","1","3","0","63.51","100","71.2","91.33","56.62","4360","1"
"EV115134","Kia","EV6","Sedan","2024","Northvolt","LFP","73.33","AWD","195680.3","1.5","Private","BAT-10015134","1564","90.08","26.76","47.34","89.29","3.59","0.0006","351.82",,"48.05","0.349","96.46","95.77","66.06","9.92","21","0.41","0.36","51.95","108.9","0.7","0.07","1",,"12.15","25.39","63.02","97.24","5.34","0.26","0.06","7.23","43.85","50.67","28.14","20.12","241.89","Desert","80.03","760.3","80.76","15","1","64.03","32.33","4.41","4.2","1","1","2","40.13","36.22","70.59","81.08","49.95","9620","0"
"EV106227","Volvo","XC40 Recharge","Van","2018","Guoxuan","NMC","94.53","AWD","171635.4","8.12","Private","BAT-10006227","1554","79.16","11.82","73.3",,"3.641","0.0136","298.56","33.17","41.85","0.456","95.76","95.16","74.83",,"37",,"0.29","58.58","150.54","0.61","0.72","0","1","24.69",,"8.6","94.34","97.67","0.71","0","205.3","32.02","46.39","22.6","5.67","893.61","Hilly","54.31","1468","86.43","27","0","41.13","18.54","19.54","9.83","2",,"0","47.38","74.68","79.81","84.33","49.95","6849","0"
"EV108914","Hyundai","Kona Electric","Van","2019","BYD Battery","LFP","90.53","FWD","156951.7","6.96","Private","BAT-10008914","1208","76.62","19.92","35.56","78.42",,"0.0141","254.04","63.31","74.17","0.541","96.24","93.8","69.36","23.38","18","0.29","0.61","29.46","173.39","0.04","0.27","2","1","32.14","120.57","20.13","67.14","35.97","0.47","0.22","41.35","-18.99","-13.98","-37.72","8.55","780.88","Hilly","97.67","693.9","94.78","27","0","71.52","74.65","21.22","32.94",,"2","0","54.7","64.37","23.32","77.62","34.33","6914","1"
"EV114416","BMW","iX","Sedan","2021","SK On","LTO","80.18","FWD","194004.1","5.09","Private","BAT-10014416","1446","87.15","94.82","55.69","87.17","3.657","0.0034","307.19","25.71","36.79","0.381",,"95.37","69.88",,"29","0.29","0.61","11.45","600","0.44","0.64","0","1","107.69","109.49","27.54","27.35","16.21","0.62","0.03","42.45","39.71","50.89","21.23","49.41","1111.36","Coastal","60.92","686.6","89.91","30","0","70.24","10.94","7.46","0","2","0","1","31.46","57.31","88.81","90.21","27.87","8279","0"
"EV111096","Volvo","XC40 Recharge","Crossover","2015","CATL","NMC","58.08","RWD","269202.8","11.02","Private","BAT-10011096","2346","58.9","3.92","56.34","59","3.85","0.0242","381.15","9.82","23.17","0.885","94.73","92.17","34.21","41.1","24","0.54","0.32","27.71","196.28","0.07","0.41","3","0","76.56","111.11","5.32","10.27","0.75","0","0.83","174.4","11.75","25.9","2","47.17","1212.91","Flat","44.87","439.8","80.72","3","1","81.45","13.25","34.38","11.42","1","3","0","58.58","100","88.97","74.37","37.72","4175","1"
"EV107069","Renault",,,"2023","SK On","LTO","116.04","RWD","121287.3","2.67","Private","BAT-10007069","791","92.57","42","48.08","91.88","3.298","0.0096","333.1","45.31","66.52","0.182","96.55","95.62","107.42","7.43","7","0.41","0.56","11.69","600","0.73","0.11","0","1","83.15","40.78","66.46","38.13","6.92","0.25","0.22","40.79","-19.49","-12.92","-29.99","56.74","1910.59","Hilly",,"1489.5","92.51","10","0","36.8","62.45","15.97","32.94","1","1","0","63.82","32.36","44.41","88.09","47.11","9064","0"
"EV110756","BMW","i4","Van","2019","CATL","NMC","40.3","AWD","133011.1","7.12","Private","BAT-10010756","892","74.57","62.78","60.1","74.9","3.675","0.002","323.4","25.2","39.81","0.573","95.71","93.34","30.05","25.43","8","0.69","0.13","52.63","72.16","0.92","0.27","0","0","102.45","118.23","66.77","97.71","95.68","0.6","0.34","56.18","44.82","61.28","41.37",,"1619.98","Coastal","25.67","1237.1","63.24","17",,"54.8","21.46","3.03","0","1","1","2","48.49","58.83","78.26","82.53","45.76","7587","0"
"EV114511","BMW","i4","Truck","2024","CATL","NMC","87.75","FWD","192929.5","2.24","Private","BAT-10014511","1471","92.99","87.33","58.48","92.15","3.338","0.0001","280.39","27.9","49.4","0.179","96.97","98.12","81.6","7.01","24","0.56","0.35","23.22","231.73","0.43","0.66","0","0","110.48","114.33","49.24","55.85","10.76","0.53","0.32","95.93","-20.07",,"-36.12","51.18","571.44","Flat","97.41","202.9","87.22","25","2","85.34","32.77","6.53","32.94",,"1","1","54.44","35.89","69.4","92.83","54.4","9346","0"
"EV108569","BMW","iX","Truck","2020","Panasonic","LFP","111.81","AWD","90015.6","6.02","Private","BAT-10008569","941","79.44","89.61","14.98","79.76","3.748","0.0276","378.55","32.84","42.53","0.579","95.14","96.35","88.82","20.56","16","0.24","0.73","15.79","600","0.82","0.61","3","0","68.76","85.83","80.27","66.35","88.46","0.02","0.94","118.65","-22.09","-4.92","-41.84","82.67","2615.14","Coastal","10.44","250.3","89.29","12","0","93.36","8.05","36.06","32.94",,"0","0","53.5","49.16","87.71","86.28","49.56","8751","0"
"EV105732","Hyundai","Ioniq 5","Hatchback","2022","Guoxuan","NCA","29.6","FWD","125454.1","4.27","Private","BAT-10005732","1115","85.8","24.77","73.83","84.6","3.749","0.0022","307.42","25.19","35.77","0.406","95.98","95.6","25.4","14.2","6","0.07","0.82","79.53","18.07","0.66","0.17","0","0","41.71","117.79","70.52","60.44","81.56","0.04","0.71","165.46","-13.77","2.97","-19.99",,"2408.8","Desert","8.23","345.9","97.12","23","3","76.52","6.31",,"32.94","0","2","0","51.42","44.79","93.96","100","55.68","8847","0"
"EV115890","BYD","BE 6","SUV",,"CATL","NMC","93.47","AWD","314992","8.48","Fleet","BAT-10015890","1888","86.8","41.12","38.96","86.5","3.595","0.0148","251.65","37.37","42.96","0.303","96.7","94.49","81.13","13.2","7","0.64","0.13","39.93","208.22","0.75","0.5","0",,"52.15","73.34","90.95","28.47","33.03","0.37","0.57","77.13","43","53.81","24.04","54.85","229.67","Flat","68.3","162.7","84.87","22","1","91.33","15.1","23.71","0",,"0","1","40.5","72.64","86.07","85.12","57.55","8746","0"
"EV118181","Volvo","XC40 Recharge","Truck","2023","LG Energy Solution","LFP","77.47","RWD","152372.6","3.16","Fleet","BAT-10018181",,"86.58","75.2","25.34","88.45","3.719","0.0107","264.05","24.28","30.16","0.238","97.24","96.64","67.07","13.42","20","0.22","0.62","8.36",,,"0.71","1","0","20.35","106.42","8.61","55.68","38.93","0.38","0.85","39.61","-12.1","4.07","-19.8","87.89",,"Coastal","77.44","1365.3","95.55","29","1","46.51","11","18.11","32.94","0","1","0","34.17","44.46","89.34","89.55","25.64","9298","0"
"EV105451","BYD","BE 6","Hatchback","2021","Envision AESC","LFP","130.11","FWD","160709.4","4.93","Private","BAT-10005451","1066","91.09","2.96","48.69","89.44","3.477","0.0103","347.7","30.94","51.19","0.236","97.75","97.7","118.52","8.91","18","0.55","0.42",,"127.93","0.16","0.58","2","1","15.78","34.05","46.74","29.39","45.35","0.11","0.2","29.59","40.03",,"20.75","42.52","851.83","Mountainous","2.39","131.1","69.77","11","2","82.27","25.43","18.28","11.16","2","0","0","47.26","44.19","77.27","76.73","35.39","8994","0"
"EV104246","Tesla","Model Y","SUV","2023","LG Energy Solution",,"29.42","AWD",,"3.18","Private","BAT-10004246","1099","88.89","78.13","26.03","90.81","3.534","0.0005","268.58","20.74","29.48","0.322","96.82","95.44",,"11.11","13","0.27","0.72","78.91","35.39","0.66","0.13","2","0",,"22.04","51.14","37.02","97.49","0.06","0.67","14.04","-9.57","-0.9",,"83.89","1862.58","Coastal","83.36","30.1","89.38","9","2","83.38","16.69","5.26","32.94","0","1","0","45.27","38.84","83.76","78.46","27.17","8945","0"
"EV119302","MG","ZS EV","SUV","2016",,"LFP","131.08","AWD",,"10.21","Private","BAT-10019302","1550","67.31","42.93","13.51","69.24","3.813","0.0164","388.93","45.75","59.08","0.64","95.44","92.32","88.23","32.69","9",,"0.7","12.49","533.55","0.31","0.01","2","0","61.97","108.6","79.33","77.94","8.08","0.69","0.39","77.51","23.21",,"4.4","46.65","1576.94","Flat","3.2","478.9","88.44","28","0","66.85","43.24","23.91","32.94","0","1","0","49.85","85.75","57.61","86.48","59.4","6375","0"
"EV107472","Honda","Prologue","Van","2023","LG Energy Solution","NMC","47.03","AWD","92646.5","3.16","Private","BAT-10007472","894","92.52","53.45","50.77","92.84","3.583","0.0115","329.64","48.94","68.75","0.273","97.17","97.33","43.51","7.48","24","0.13","0.83","27.98","159.05","0.62","0.74","3","0","83.8","114.12","73.94","42.21","15.53","0.86","0.91","100.58","-20.09","-0.13","-24.21","82.85","1864.02","Hilly","64.01","872.3","86.93","18","0","67.19","57.96",,"32.94","0","0","0","45.08","41.04","38.61","89.17","52.18","9991","0"
"EV106672","MG","ZS EV","Truck","2021","Envision AESC","NCA","129.04","RWD","101732.4","5.75","Private","BAT-10006672","1203","86.43","9.1","33.65","87.03","3.574","0.0076","285.92","27.11","39.07","0.428",,"94.82","111.53","13.57","36","0.5","0.38","34.97","204.93","0.71","0.85","2","0","64.03","47.64","95.29","19.42","74.8","0.91","0.94","73.42","9.37","14.53","6.11","33.19","362.26","Flat","32.03","369.9","92.22","30","0","89.59","5.07","10.68","29.7","0","2","0","49.35","51.68","97.49","89.51","48.01","8123","0"
"EV113734","Mercedes-Benz","EQE","Sedan","2017","Panasonic","LFP","118.3","RWD","160698.2",,"Fleet","BAT-10013734","2006","63.8","41.65","71.55","63.93","3.667","0.0001","311.7","20.52",,"0.742","93.47","91.74","75.48","36.2","39","0.45","0.43","31.79","321","0.08","0.99","2","0","90.96","69.12","51.62","31.06","96.83","0.34","0.1","77.29","3","21.78","-16.81","96.79","529.99","Coastal","34.78","833.1",,"3","2","64.81","11.64","6.99","32.94","1","2","1","74.88","92.67","90.62","82.78","22.98","4834","0"
"EV101345","Mercedes-Benz","EQE",,"2024","BYD Battery","LMO","29.08","FWD","126676.4","1.52",,"BAT-10001345","1069","98.55","83.93","18.87","96.98","3.639","0.0008","312.95","12.78","20.01","0.073","98.29","97.52","28.66",,"24","0.4","0.59","17.06","140.61","0.69","0.06","1","0","45.75","80.43","17.46",,"90.47","0.49","0.75","69.57","-1.34","18.47","-16.59","40.45","181.37","Desert","79.97","871.2","88.02","19","4","48.7","7.5","12.46","21.35","1","0","0","31.21",,"93.16","86.34","13.41","10693","0"
"EV106161","BYD","Dolphin","Hatchback","2016","SK On","LFP","85.45","FWD","187655.6","10.19","Fleet","BAT-10006161","1781","76.5","84.96","43.11","80.56","3.502","0.0033","269.65","4.42","21.86","0.348","96.39","93.71","65.37","23.5","10","0.54","0.26","22.88","325.02","0.85","0.54","0","0","119.44","94.7","31.35","90.21","65.05","0.93","0.94","101.74","25.31","33.5","11","26.72","1004.14","Flat","19.62","964.5","83.77","16","2","42.19","9.05","9.88","0","0","4","0","39.85","92.05","89.27","83.16","49.41","6506","0"
"EV105815","Honda",,"Van","2024","Guoxuan","NMC","125.8","AWD","140277.6","1.49","Private","BAT-10005815","1225","85.76","99.73","37.15",,"3.538","0.0026","367.95","30.28","48.13","0.501","95.59","94.93","107.89","14.24","3","0.59","0.27","44.88","243.37","0.66","0.61","0","0","97.16","90.44","73.71",,"30.14","0.26","0.59","101.01","41.27","54.17","33.34","52.63","221.17","Flat","10.46","306.5","84.84","19","2","80.29","20.66","10.44","6.86",,"1","0","41.88","34.39","79.92","88.87","56.35","9283","0"
"EV107622","Ford","Mustang Mach-E","Hatchback","2019","LG Energy Solution","LFP","26.61","FWD","184243.5","7.17","Fleet","BAT-10007622","1604","91.65","2.01",,"92.37","3.704","0.0015","296.32","18.08","23.88","0.274","98.1","95.46","24.39","8.35","35","0.21","0.77","38.83","35.64","0.12","0.56","0","1","76.49","16.55","61.25","27.51","85.28","0.61","0.98","11.19","-10.98","4.76","-25.01","47.34","265.31","Hilly","62.23","978.9","94.1","26","0","61.21","12.55","4.44","32.94","0","3","0","48.08","60.87","89.85","86.03",,"8884","0"
"EV103229","Porsche","Macan Electric","Van",,"Northvolt","LMO","119.18","AWD","87214.9","4.05","Private","BAT-10003229","957","91.18","4.04","65.34","89.44","3.47","0.0065","270.66","21.63","39.71","0.293","97.93","96.62","108.67",,"15","0.3","0.5","78.24","147.77","0.04","0.7","2","0","98.52","15.26","37.56","33.38","23.89","0.17","0.99","6.74","36.24","47.78","20.32","46.11","2044.45","Flat","67.7","109.3","86.67","22","2","93.41",,"13.77","3.47","1","2","0",,"39.79","89.97","89.03","30.85","10006","0"
"EV109662","BYD","Dolphin","Hatchback","2018","Panasonic","LFP","137.1","RWD","194895","7.96","Fleet","BAT-10009662","1241","69.95","35.53","14.8","67.81","3.468","0.0026","291.31","28.51","49.38","0.701","95.31","95.03","95.9","30.05","26","0.54","0.3","19.09","507.27","0.52","0.2","0","1","116.53","11.34","47.86","88.57","69.27","0.4","0.49","11.74","33.55","43.35","18.89","50.57","582.26","Desert","74.13","1314.9","91.02","0","1","50.24","36.73","8.12","15.83","2","2","0","48.98","71.67","58.68","78.08","42.29","6753","0"
"EV106203",,"F-150 Lightning","Hatchback","2023","Envision AESC","NMC","124.89","AWD","93029.6","2.54","Private","BAT-10006203","966","90.6","48.36","32.4","90.79","3.551","0.0158",,"36.04","46.42","0.147","97.36","97.61","113.15","9.4","23","0.5","0.45","79.05","154.75","0.73","0.76","1","0","115.11","141.82","92.04","87.41","17.97","0.85","0.53","116.12","-2.74","4.64","-19.73","45.64","1802.91","Flat","79.55","1429.9","87.65","19","2","31.74","22.52","26.31","32.94","0","1","0","53.23","36.74","77.09","88.71","70.03","9203","0"
"EV114124","BMW","iX1","Crossover","2015","Panasonic","LMO","103.44","RWD","191764.9","10.86","Fleet","BAT-10014124","1528","78.89","18.49","38.45","80.33","3.619","0.0145","361.9","30.85","48.98","0.578",,"95.36","81.6","21.11","18","0.3","0.48","11.21","577.43","0.42","0.75","1","1","19.77","99.3","24.36","10.89","53.64","0.21",,"52.12","-4.23","9.33","-13.52","28.31","1961.16","Coastal","8.57","1329.3","95.52","25","0","45.97","15.78","19.01","32.94",,"0","0","58.7","89.71","83.31","84.98","26.5","6836","0"
"EV101362",,"Kona Electric","Truck","2024","Panasonic","NMC","84.19","FWD","126114","2.36","Fleet","BAT-10001362","934","94.81","18.27","58.86","93.16","3.635","0.0045","356.23",,"59.34","0.244","96.87","97.29",,"5.19","12","0.31","0.48","37.86","190.56","0.09","0.4","3","0","83.34","57.15","4.39","30.52","2.53","0.35","0.93","72.64","37.93","57.71","32.12","14.36","397.45",,"57.89","203.5","72.91","28","0","97.41","68.19","9.79","21.41","1","2","1","32.33","30.72","34.83","79.12","29.43","10064","0"
"EV118446","Kia","EV6","Crossover","2024","CATL","LMO","32.58","FWD","120653.8","2.51","Fleet","BAT-10018446","899","90.12","13.77","27.2","88.31","3.618","0.0109","267.73","23.45","34.73","0.371","97.12","95.82","29.36","9.88","23","0.14","0.7","42.71","46.34","0.26","0.9","1","2","106.58","81.07","5.9","98.37",,"0.35","0.48","66.25","22.29","39.85","8.07","56.03","2177.58","Hilly","38.31","1073.7","89.37","24","2","48.43","0.84","20.63","12.44","0","0","2","31.82","29.02","100","86.09","39.82","10589","0"
"EV111704","Kia","EV9","Van","2020","SK On","NMC","81.93","RWD","245455","6.1","Private","BAT-10011704","1578","72.43",,"24.91","72.3","3.57","0.0165","264.18","37.91","52.08",,"95.65","95.61","59.34","27.57",,"0.19","0.74","98.32","78.22","0.75","0.3","0","0","41.68","21.41","28.61","35.44","83.55","0.99","0.31","19.24","-21.5","-1.91","-36.38","74.93","24.42","Desert","70.28","229.5","93.73","27","1","88.38","38.85","24.58","32.94","0","2","1","52.28","62.26","63.17","97.26","21.41",,"1"
"EV118133","Kia","EV9","Van","2024","Guoxuan","LTO","132.77","FWD","215343.4",,"Fleet","BAT-10018133","1474","94.64","6.57","48.73","95.38","3.51","0.014","329.94","21.21","37.09","0.191","98.24","97.26","125.65","5.36","37","0.25","0.64","38.71","279.73","0.02","0.63","2","1","81.71","27.38","44.96","51.98","1.24","0.69","0.55","10.35","38.58","46.74","25.8","67.58","439.42","Coastal","98.93","708.9","90.54","26","1","75.95","9.32","23.66","0","1","1","1","20.37","35.7","90.74","78.22","42.34","9854","0"
"EV118255","BMW","iX","Sedan","2019","Northvolt","NMC","124.66","RWD",,"7.29","Fleet","BAT-10018255","650","80.38","42.53","86.49","79.39","3.726","0.0041","312.98","29.68","48.5","0.503","97.03","94.73","100.2","19.62","1","0.1","0.87","31.05","378.49","0.34","0.34","0","0","15.4","26.11","63.79","71.96","33.22","0.96","0.95",,"31.73","45.6","20.66","89.83","1214.72","Flat","42.41",,"88.71","18","2","69.41","32.01","12.27","16.77","1","2","1","47.46","46.12","69.64","98.28","41.44","8270","0"
"EV107128","GM","Chevrolet Bolt","Hatchback","2020","Envision AESC","LFP","85.08",,"78041.3","5.63","Private","BAT-10007128","579","80.79","3.77","53.8",,"3.598","0.0089","262.65","29.78","43.5","0.478","96.54","94.93","68.74","19.21","13","0.29","0.66","26.87","301.37","0.31","0.95","3","2","51.32","71.22","50.89","43.66","22.68","0.61","0.98","67.95","7.79","20.89","-10.76","77.47","1385.62","Hilly","39.98","320.2","91.39","16","0","84.33","13.98","14.51","32.94",,"2","1","63.95","44.62","83.97","75.38",,"8778","0"
"EV102049","Kia","EV6","SUV","2017","BYD Battery","NCA","79.2","AWD","72020.9","9.36","Fleet","BAT-10002049","1106","77.82","30.49","75.09","77.51","3.568","0.0161","264.03","22.94","44.58","0.607","95.63","93.77","61.63","22.18","30","0.22","0.59","50.64","134.7","0.78","0.98","1","0","20.37","5.97","58.82",,"12.84","0.04","0.1","11.15",,"19.89","-8.99","69.18","1513.02","Hilly","37.31","425.2","91.81","11",,"85.1","17.8","23.31","32.94",,"0","1","53.27","82.16","84.99","99.38","38.27","7049","0"
"EV107947","GM","Cadillac Lyriq","Hatchback","2018","BYD Battery","LMO","72.68","AWD","144504.7","8.06","Fleet","BAT-10007947","1478","86.39","32.63","29.14",,"3.446","0.0055","341.15","25.77","45.67","0.367","96","96.57","62.79","13.61","36","0.25","0.54","21.43","175.05","0.01","0.84","0","0","89.24","63.3","34.81","40.05","88.52","0.34","0.17","79.08","32.39",,"14.97","40.49","1992.99","Coastal","16.79","901.8","95.82","30","1","56.86","6.52","12.2","13.28","0","0","0","31.08","66.96","92.39","100","34.99","9037","0"
"EV111347","Renault","Zoe","Van","2016","Guoxuan","LFP","98.1","FWD","284124.6","10.35","Private","BAT-10011347","2636","73.12","74.8","53.73","75.25","3.592","0.0021","352.02","8.83","25.19","0.558","96.05","93.18","71.73",,"38",,"0.77","21.68","434.69","0.09","0.86","0","1","12.66","14.35","19.21","46.83","5.03","0.09","0.6","12.78","16.33","31.29","13.01","25.68","759.94","Flat","5.33","536.2","92.78","8","1","74.4","4.61","6.15","8.86","0","3","0","40.37","100","100","98.06","25.69","5388","0"
"EV102843","Tesla","Model Y","Hatchback","2022","Guoxuan",,"99.27","RWD","103223.6","3.92","Fleet","BAT-10002843","866","94.41","97.64","32.73","95.06","3.726","0.0018","346.52","25.65","44.12",,"97.46","97.61",,"5.59","18","0.75","0.09","27.06","314.09",,"0.04","3","1","41.65","111.74","3.43","48.94","61.52","0.48","0.15","70.07","40.89","54.74","34.21","21.5","1915.34",,"95.84","1344.1","78.02","11","0","48.04","19.64","3.76","3.23","1","0","1","35.31","35.07","76.75","63.38","18.85","9553","0"
"EV113367","Mercedes-Benz","EQA","Van","2021","BYD Battery","NMC","69.94","AWD","82558.9","5.27","Fleet","BAT-10013367","1062","95.23","52","23.2",,"3.567","0.023","292.49","23.97","31.18","0.099","98.06","96.29","66.6","4.77","29","0.17","0.64","20.83","282.21","0.28","0.47","0","0","34.37","55.91","41.03","18.77","46.85","0.73","0.07","72.35","38.22","51.75","28.74","66.15","1512.08","Flat","90.82","716.9","80.91","21","0","78.87","17.91","30.78","0","2","2","1","8.18","42.93","78.21","94.6","33.4","11007","0"
"EV110340","Volvo","EX30","Hatchback","2024","SK On","NMC","148.38","FWD","85668.6","2.07","Fleet","BAT-10010340","1083","90.55","41.87","20.92","90.64",,"0.0068","325.41","19.44","29.27","0.38","96.58","96.34","134.36","9.45","8","0.41","0.38","43.87","281.4","0.13","0.19","2","0",,"79.3","60.09","48.33","35","0.5","0.89","61.84","10.71","21.66","-9.16","24.73","1640.07","Coastal","31.44","243.8","94.77","3","0","86.28","11.27","12.82","18.56","0","1","1","39.64",,"88.72","78.4","43.92","9872","0"
"EV107358","Mahindra","XUV400","Crossover","2020","CATL","NCA","128.47","AWD","263785.3","5.99","Private","BAT-10007358","1644","78.72","49.74","29.3","78.11","3.675","0.0012","282.97","33.55","42.28","0.384","95.93","96.39","101.13","21.28","31","0.53","0.32","19.08","536.69","0.23","0.51","0","1","105.08","60.25","0.47","98.46","78.42","0.02","0.26","100.89","-17.13","-7.29","-29.35","28.7","879.98","Mountainous","11.18","216","84.3","30","2","83.58","9.69","6.28","32.94","1","0","0","58.88",,"91.77","81.59","28.84","7318","0"
"EV105584","Nissan","Leaf","Crossover","2016","Envision AESC","LTO","40.71","AWD","220480.8","9.88","Fleet","BAT-10005584","1597","69.69","55.53","68.85",,,"0.0037","370.46","40.67",,"0.633","95.65","94.6","28.37","30.31","12","0.52","0.25","10.41","219.26","0.22","0.64","2","0","63.68","94.83","94.77","20.52","61.5","0.55","0.96","84.11","1.62","17.4","-14","42.23","2489.12","Coastal","45.87","257.1","90.73","25","1","83.71","40.3","7.96","32.94","0","0","0","72.12","84.69","59.18","82.08","50.02","6197","0"
"EV105461","GM","Cadillac Lyriq","Hatchback","2017","Panasonic","LTO","29.13","AWD","365752.3","9.12","Private","BAT-10005461","2254","66.11",,"31.92","64.93","3.52","0.0048","302.72","17.99","37.36","0.795","95.46","92.11","19.26","33.89","38","0.54","0.25","18.24","126.3","0.46","0.07","1","1","67.66","56.99","32.54","47.13","44.94","0.71","0.22","71.09","37.11","42.17","27.33","27.6","750.2","Coastal","90.18","1383","84.39","14","1","39.12","12.56","11.73","0.25","0","0","0","43.23","100","86.78","73.99","41.59","4660","0"
"EV116175","MG","Comet EV","Hatchback","2017","SK On","LFP","75.46","FWD","113360.6","8.86","Private","BAT-10016175","1026","87.65","72.8","46.62",,"3.648","0.0107","310.08","11.25","31.19","0.429","96","95.2",,,"15","0.22","0.68","18.41","409.58","0.41","0.61","1","0","80.17",,"47.16",,"5.18","0.94","0.7","178.16","-12.54","0.16","-23.84","14.56","2537.48","Hilly","90.41","1379","85.97","15","2","42.63","13.93","19.47","32.94","1","2","1","45.23","65.58","87.89","98.31","62.37","8739","0"
"EV109307","Renault","Megane E-Tech","Van","2018","SK On","LMO","120.77","AWD","217546.2","7.94","Private","BAT-10009307","1730","73.59","32.95","81.95","75.8","3.561","0.0033","363.22","39.64","56.76","0.602","95.6","93.19","88.87","26.41","3","0.6","0.38","60.72","191.11","0.16","0.9","1","2","100.17","28.09","53.15","98.31","25.96","0.38","0.92","23.23","41.98","59.27","30.98",,"2123.35","Hilly","48.09","799.7","65.58","28","0",,"60","7.04","14.78","1","2","1","68.37","83.34","43.76","70.37","50.37","5580","1"
"EV110054","Porsche","Taycan","Hatchback","2019","BYD Battery","NMC","142.75","FWD","281759.6","6.38","Private","BAT-10010054","2125","71.87","93.51","58.29","71.68","3.515","0.0136","249.56","-1.31","7.08","0.586","94.55","95.08","102.59","28.13","31","0.59","0.39","57.44","167.58","0.42","0.01","0","1","34.49","79.15","58","72.72","37.2","0.07","0.6","48.07","10.71","27","0.5","28.71","2188.81","Flat","6.81","711.2","87.49","8","1","68.03","5.11",,"0","1","2","0","49.36","80.89","94.48","78.17","40.25","6088","0"
"EV100657","Tesla","Model 3","Truck","2023","Guoxuan","NMC","142.13","AWD","135214.9","2.7","Fleet","BAT-10000657","1180","94.42","51.5","54.6",,,"0.0245","312.56","25.92","40.67","0.298",,"96.22","134.2","5.58","31","0.52","0.35","23.82","358.2","0.8","0.41","0",,"79.36","143.6","68.32","64.19","43.01","0.58","0.72","116.79","46.73","52.75","32.5","68.73","35.65","Desert","10.61","625.5","84.83","19","0","71.45","0","35.76","0","1","1","0","30.9","28.06","97.49","92.36","56.33","10061","0"
"EV119104","Tata","Nexon EV","Hatchback","2024","BYD Battery","LMO","102.79",,"58279.5","2.28","Fleet","BAT-10019104","434","92.27","30.59","20.5","91.4","3.738","0.0038","276.61","22.19","28.48","0.178","97.06","97.79",,"7.73",,"0.29","0.54","73.81","132.27","0.67","0.61","2","0",,"127.39","56.14","79.41","35.73","0.61","0.82","94.51","38.09","52.02","31.71","26.69","904.95","Desert","82.26","99","79.05","23","1","90.62","20.64","10.76","0","1","1","1","18.29","24.03","78.17","84.66","49.18","11573","0"
"EV116296","GM","Cadillac Lyriq","Crossover","2020","Northvolt","LFP","69.96","AWD","240425.7","6","Private","BAT-10016296","1495",,"73.16","34.86","80.86","3.709","0.015","259.63","26.04","33.96","0.444","95.86",,"56.52","19.21","14","0.15","0.66","43.22","116.72","0.32","0.54","0","0","83.24","133.15","41.61","32.39","7.07","0.13","0.58","169.08","10.95","21.97","7.61","96.58","731.89",,"83.46","1372.7","94.54","14","1","46.01","4.34",,"23.01","0","1","1","42.05","64.92","92.74","96.78","48.2","8164","0"
"EV103492","Renault","Zoe","SUV","2023","CATL","LTO","106.71","FWD","154429.4","2.44","Private","BAT-10003492","942","90.54","24.49","50.45","91.83","3.39","0.0021","250.86","41.06","51.83","0.382","97.93","97.12","96.62","9.46","14","0.22","0.74","64.81","91.87","0.05","0.53","0","0","88.07","120.77","94.13","97.16","45.84","0.43","0.32","93.88","-2.85","4.59","-20.66","5.53","1402.21","Flat","66.3","300.8","93.65","4","0",,"29.34","4.61","32.94","0","0","1","44.06","32.22",,"95.74","65.66","9560","0"
"EV116264","Mahindra","BE 6","Sedan","2015","BYD Battery","LTO","47.65","RWD","328403.9","11.26","Fleet","BAT-10016264","2191","78.35","91.1",,"75.55","3.666","0.0369","256.62","40.33","50.96","0.614","95.65","96.15","37.33","21.65","27","0.23","0.62","55.66","79.54","0.93","0.86","1","1","23.75","52.6","55.19","66.31","66.73","0.6","0.57","43.86","3.23",,"-10.62","5.99","397.28","Flat","93.89","1042.4","93.05","20","0","67.14","24.34","48.42","32.94","0","2","1","58.66","99.2","73.63","95.68","34.54","5838","0"
"EV111618","Mercedes-Benz","EQE","Crossover","2015","SK On","LFP","31.77","RWD","216156.3","10.79","Fleet","BAT-10011618","1485","70.38","58.9","32.12","71.5","3.677","0.0001","382.41","18.09","35.54","0.685","95.19","92.64","22.36","29.62","12","0.41","0.47","69.44","44.09","0.62","0.59",,"0","88.1","9.03","48.68","49.78","15.39","0.38","0.43","29.68","-20.97","-2.81","-35.84","81.95","824.26","Mountainous","48.81","710.7","93.01","12","1","67.21","7.83","5.79","32.94","0","0","0","58.74","80.79","94.4","79.7","40.05","5688","0"
"EV115934","Tata","Tiago EV","Van","2015","Panasonic","LMO","95.25","FWD","191389.1","10.96","Fleet","BAT-10015934","1980","79.11","4","29.06","78.36","3.601","0.0282","316.89","24.98","43.23","0.611","94.91","95.59","75.35","20.89","38","0.04","0.93","26.09","269.48","0.6","0.91","0","0","46.58","120.59","34.03","88.46","84.24","0.69","0.38","205.3","43.21","54.05","38.8","88.5","1685.79","Coastal","76.22","1309.5","83.73","1","0","40.66","14.69","38.54","0.02","0","0","0","11.26","92.95","84.15","100",,"8180","0"
"EV105468","Tata","Tiago EV","Truck","2021","LG Energy Solution","LFP","93","FWD","52377.6","4.85","Private","BAT-10005468","731","85.61","98.23",,"86.67","3.536","0.0037","272.27","28.46","38.35","0.331","95.7","96.34","79.62",,"27","0.47","0.5","178.56","47.83","0.49","0.76","1","1","62.19","37.16","36.56","35.29","48.58","0.62","0.28","16.94","33.14","46.32","29.4","80.13","319.74","Desert",,"263.5","90.54","29","1","86.45","9.44","7.09","5.21","1","3","0","46.37","42.09","93.76","80.63","29.52","9000","0"
"EV100825","Volvo","XC40 Recharge","Van","2020","LG Energy Solution","LFP","84.95","AWD","101780.3","5.71","Fleet","BAT-10000825","1089",,"66.92","34.92","86.34","3.737","0.0023","265.33","12.42","30.49","0.366","97.38","95.66","72.32","14.87","36","0.35","0.41","29.78","201.22","0.02","0.4","1","0","91.6","28.54","91.15","20.92","30.67","0.11","0.71","16.22","-15.66","3.22","-21.17","84.08","2324.5","Mountainous","41.42","318.2","94.75","7","1","84.09","6.83","6.76","32.94","1","2","0",,,,"88.82","46.77","8178","0"
"EV111351",,"Ioniq 5","Truck","2021","SK On","LFP","55.52","FWD","94391.1","4.58","Private","BAT-10011351","828","86.72","7.32",,"87.35","3.477","0.0028","243.39","39.37",,"0.346","96.46","95.09","48.15","13.28","18","0.32","0.59","31.45","136.96","0.25","0.68","2","0","32.4","110.96","83.98","63.67","31.9","0.39","0.39","139.41","-0.96","12.29","-4.87","60.98","989.59","Hilly","47.32","1361","89.01","5","2","43.46","43.09","9.76","32.94","0","0","0","55.3",,"58.31","84.49","69.87","8466","0"
"EV119621","MG","Comet EV","Hatchback","2021","SK On","LMO","133.35","FWD","118640.3","4.67","Private","BAT-10019621","685","90.24",,,"90.35","3.597","0.0249","334.52","23.39","35.49","0.215","97.42","95.35","120.34","9.76","26","0.48","0.52","20.87","591.76","0.31",,"2","0","88.49","28","62.31","61.07","81.4","0.27","0.16","20.6","39.75","46.7","22.7","54.71","2424.47","Coastal","38.6","144.9","94.76","29","1","89.24","6.71","37.3","0","0","0","0","24.97","37.84","92.34","86.17","32.31","10005","0"
"EV117828",,"R1T","Hatchback","2022","Panasonic","LTO","114.12","FWD","300088.1","3.95","Fleet","BAT-10017828","1995","85.23","8.31","40.26","84.49","3.591","0.0071","305.24","22.04","37.95",,"96.83","96.6","97.26","14.77","36","0.35","0.61","17.83","386.86","0.01","0.98","1","1",,"31.54","33.7","76.22","10.64","0.86","0.92","30.15",,"-4.69","-39.29","81.14","468.55","Flat",,"906.3","85.9","18","0","67.21","7.57","10.15","32.94","2","1",,"56.75","58.98","91.4","89.5","45.96","8459","0"
"EV114250","Mahindra","XUV400","SUV","2018","Panasonic","NMC","108.04","RWD","326637.4","8.09","Private","BAT-10014250","2687","77.49","45.24","30.7","77.2","3.665","0.0048","274.88","39.96","53.19","0.57","95.18","96.26","83.72","22.51","16","0.29","0.63","78.49","99.35","0.01","0.61","1","0","21.66","14.88","39.81","89.9","46.97","0.15","0.77","9.8","25.81","41.9","12.81","21.13","771.55","Desert","53.17","1321.4","86.63","30","1","51.03","31.7","12.13","27.38","0","0","1","43.82","97.19","64.77","93.7","42.08","6378","0"
"EV117823","MG","Comet EV","Sedan","2021","Panasonic","LFP","82.81","AWD",,"4.93","Private","BAT-10017823","1295","84.24","77.13","58.24","85.12","3.582","0.0075","372.53","37.62",,"0.356","97.13","94.88","69.76","15.76","3","0.29",,"31.69","145.39","0.69","0.31","0","1","40.5","83.39","54.68","40.36","63.76","0.16","0.55",,"32.21","48.37","18.56","82.3","2038.21","Mountainous","17.62","293.3","90.81","10","0","82.76","45.08","9.76","25.68","2","1","0","56.83","51.56","58.67","94.21","37.52","7908","0"
"EV100963","Honda","Prologue","Hatchback","2016","Guoxuan","LMO","107.87","RWD","100741.2","9.87","Private","BAT-10000963","1057","73.69","90.52",,"71.65","3.351","0.0003","328.4","34.85",,"0.599","95.81","93.14","79.49","26.31","4","0.28","0.66","40.27","240.18","0.37","0.12","0","0","97.53",,"47.97","73.17","27.22","0.98","0.68","59.31",,"63.68","40.44","7.9",,"Hilly","29.71","798.1","68.86","18","1","58.1","30.69","5.41","0.83","0","0",,"32.97","78.11","69.96","87.93","51.26","7171","0"
"EV109052","Audi","e-tron GT","Van","2022","BYD Battery","NMC",,"AWD","323030","3.8","Private","BAT-10009052","1917","85.65","85.01","49.1","84.67","3.629","0.0123","261.29","20.19","36.58","0.399","96.61","96.29","29.91","14.35","1","0.38","0.39","21.44","140.42","0.46","0.56","0",,"57",,"64.69","16.36","31.92","0.6","0.16","118.39","39.09","50.01","28.31","13.56","883.34","Flat","5.18","840.3",,"15","2","60.15","4.35","20.43","0","1",,"0","30.93","56.25","95.27",,"50.65","8655","0"
"EV119273","Ford","Mustang Mach-E","Crossover","2016","Northvolt","LFP","88.2","FWD","100736","10.13","Private","BAT-10019273","1275","87.58","68.93","33.45","85.92","3.605","0.0028","313.64","26.27","37.23","0.214","97.27","95.89","77.25","12.42","11","0.21","0.63","34.68","231.21","0.73","0.17","1","0","17.16","35.39","87.3","83.21","67.34","0.76","0.67","23.14","33.6","46.44","21.96","66.77","2160.89","Desert","74.98","722.4","87.52","27","1","68.42","10.67","6.28","3.63","3","0","0","24.09","82.25","92.08","88.82","49.8","9232","0"
"EV105962","Nissan","Leaf","SUV","2017","Northvolt","NMC","116.5","RWD","59304.2","8.97","Private","BAT-10005962","889","72.76","24.2","69.62","75.49","3.834","0.0205","310.55","49.6","60.13","0.513","95.74","93.11","84.77","27.24","39","0.59","0.35","31.16","361.27","0.02","0.82",,"0","21.23","3.54","90.26","12.96","19.48","0.19","0.21","3","-23.59","-14.34","-39.28","5.08","2587.34","Mountainous","98.6","245.8","85.97","13","0","87.06","51.1","30.59","32.94","0","0","0","69.72","70.25","49.16","82.53","36.51","6130","0"
"EV113341","Kia","EV6","Truck","2015","LG Energy Solution","LMO","103","RWD","270469.1","10.8","Fleet","BAT-10013341","1778","66.08","90.4","35.73","67.01","3.483","0.0122","316.95","36.74","46.94","0.791","94.03","93.27","68.06",,"16","0.33","0.51","63.42","78.36","0.29","0.99","3","0","37.35","45.61","64.47","45.6","81.86","0.43","0.46","35.57","17.71","35.99","2.78","66.88","282.5","Flat","36.48","1093.2",,"18","2","49.92","19.89","22.16","29.23","2","1","1","63.24","94.45","79.16","85.99","35.65","5318","1"
"EV102648","Renault","Zoe","Hatchback","2015","BYD Battery","NCA","130.72","RWD","168199.7","11.03","Fleet","BAT-10002648","1429","75.51","46.43","41.13","74.58","3.704","0.0068","333.36",,"42.97","0.608","95.86","95.64","98.71","24.49","26","0.47","0.33","45.18","145.57","0.44","0.46","1","0","37.3","48.1","23.12","66.38","14.51","0.67","0.65","45.65","-3.12","16.16","-11.18","54.89","2521.51","Mountainous","97.16","108","85.26","26","0","99.11","17.99","9.31","32.94","0","1","1","65.68","91.82","76.55","86.63","42.43","7028","0"
"EV102838","Lucid","Air","Van","2017","BYD Battery","NCA","62.39","AWD","162686.1","9.23","Private","BAT-10002838","1778","81.3","16.52","73.03","82.15","3.499",,"251.93",,"37.49","0.401","96.85","96.7","50.72","18.7","35","0.55","0.33","62.9","74.97","0.04","0.37","1","1",,"30.63","77.08","21.79","6.23","0.05","0.71","27.6","-8.41","7.78","-13.44","69.66","713.51","Mountainous","21.83","160.3","93.06","14","0","100","1.48","20.96","32.94","2","1","0","67.94",,"90.84","70.76","49.77","6294","0"
"EV103865","MG","Comet EV","SUV","2019","Northvolt","LMO","36.56","FWD","122792.3","7.04","Private","BAT-10003865","809","84.6","31.27","34.15","82.73","3.662","0.0048","270.99","21.77","33.1","0.467","95.8","95.29","30.93","15.4","34","0.44","0.47","19.4","97.87","0.11","0.37",,"0",,"112.34","17.66","39.36","78.1","0.35","0.87","125.07","-19.4","-0.81","-33.78","78.04","121.9","Flat","98.73","1119.9","86.39","30","0","53.23","8.19","7.08","32.94","2","0","0","52.46","41.93","85.85","84.01","32.18","8751","0"
"EV100665","Volvo","XC40 Recharge","Truck","2019","Northvolt","NMC","85.11","RWD","237941.6","6.63","Fleet","BAT-10000665","1492","80.27","34.97","51.68","81.43","3.544","0.0132","315.42","33.42","41.3","0.45","96.83","94.48","68.32","19.73","35","0.6","0.25","60.08","130.27","0.57","0.98","0","1","34.83","3.74","23.08","41.42","11.05","0.75","0.51","4.08","-9.04",,"-27.16","42.76","588.2","Desert","70.22","996.5","96.06","23","1","54.16","12.33","22.79","32.94","1","1","0","70.68","65.62","88.04","86.82","25.54","6951","0"
"EV103345","Honda","e:N1","Truck","2021","Guoxuan","LFP","148.77","FWD","50244.3","4.8","Private","BAT-10003345","566","88.31","12.05","32.85","87.64","3.676","0.0551","371.28","29.54","42.41","0.319","97.21","95.5","131.38","11.69","21","0.44","0.46","44.64","253.97","0.36","0.92","1","1","82.9","94.73","76.76","15.17","92.3","0.28","0.24","110.75","-15.99","0.18","-28.04","32.38","672.13","Flat","38.85",,"90.42",,"2","62.47","13.96","76.31","32.94","1","1","3","57.4","34.23","83.35","90.71","40.31","9277","0"
"EV109706","Honda","Prologue","Crossover","2017","Envision AESC","LTO","88.76","FWD","134866.5",,"Fleet","BAT-10009706","1090","77.71","66.47",,"79.74","3.806","0.0039","270.23","31.06",,"0.532","95.95","95.07","68.98","22.29","14","0.52",,"22.71","378.12",,"0.77","1","0","86.26","30.03","20.34","33.44","80.08","0.39","0.49","31.89","39","54.97","29.91","6.22","266.74","Coastal","81.41","1283.8","76.78","8","0",,"25.92","7.15","6.12","0","3","0","40.79","70.05","77.76","90.2","24.43","8336","0"
"EV105743","Nissan","Leaf","Van","2021","SK On","LFP","33.39","AWD","106905.3","5.39","Private","BAT-10005743","1075","82.82","74.81","61.7","83.19","3.833","0.0411","268.31","28.77","49.22","0.415","96.85","94.57","27.65","17.18","3","0.38","0.57","56.76","40.11","0.51","0.39","1","0","48.73","81.94","47.95","87.77","61.74","0.75","0.85","79.25","20.62","31.54","6.95","91.59","1957","Coastal","34.84","820.7","89.17","23","0",,"30.03","56.03","28.6","0","2",,"58.06","47.59","64.38","91.84","50.83","7373","0"
"EV103104","Mahindra","BE 6","Van","2018","BYD Battery","LMO","119.28","AWD","319709","8.08","Private","BAT-10003104",,"74.07","99.68","49.15","74.71","3.723",,"305.29","14.15","29.53","0.574","95.28","94.37","88.35","25.93","32","0.19","0.78","75.47","136.73","0.1","0.36","0","0","103.64","137.36","45.18","18.22","74.58","0.29",,"134.78","-21.68","-14.54","-28.86","56.36","2384.72","Hilly","95.57","386.1","85.27","21","1","84.74","8.81","5.57","32.94","0","2","0","51.65","89.88","88.17","95.29","39.17","6714","0"
"EV111085","Lucid","Air","Crossover","2021","Guoxuan","NMC","67.6",,"94898.1","4.93","Private","BAT-10011085","924","84.81","49.29","32.88","83.01","3.526","0.0076","292.66","28.33","40.38","0.427","96.93","95.97","57.33","15.19","16","0.27","0.57","28.58","225.17","0.24","0.26","1","0","79.92","22.22","67.28","94.5","15.65","0.28","0.86","20.3","21.26","36.9","2.35","9.49","1675.23","Hilly","42.9","960.5","88.62","28","1","57.52","9.66","14.53","19.12","0","1","1","37.99","53.63","88.47","91.74","51.99","8477","0"
"EV116449","BYD","Seal","SUV","2018","Guoxuan","LMO","95.86","AWD","218154","7.96","Private","BAT-10016449","2013","89.6","37.84","61.9","87.86","3.553","0.0007","369.51",,"33.76","0.213","97.18","96.72","85.89","10.4","13","0.65","0.12","32.94","226.72","0.52","0.6","1","1","28.14","75.39","39.91","57.77","61.25","0.94","0.97","65.71","-21.89","-11.52","-27.37","42.69","2043.67","Mountainous","1.83","80","96.01","14","1","73.67","2.52","5.31","32.94","2","1","0","60.47","70.44","100","77.88","37.56","7449","0"
"EV114942","Mercedes-Benz","EQE","SUV","2016","Panasonic","LMO","142.76","AWD","172050.7","10.23","Fleet","BAT-10014942","1725","76.26","40.46","25.92",,"3.358","0.0116","282.07","15.41","23.98","0.529","96.61","94.13","108.87","23.74","24","0.26","0.61","27.31","347.14","0.71","0.11","0","0","118.71","1.61","91.63","1.43","91.76","0.18","0.7","3","38.11","44.08",,"81.15","178.38",,"68.35","34.9","84.34","25","2","97.12","15.81","22.93","0","0","1","1","32.1","85.37","82.39","92.55","38.3","6855","0"
"EV111910","GM","Cadillac Lyriq","SUV","2021","Panasonic","LFP","122.31","FWD","124357.6","4.87","Private","BAT-10011910","1135","93.62","92.7","9.59","95.02","3.618","0.0034","314.77","17.8","39.03","0.137","98","96.94","114.51","6.38","29","0.33","0.55","90.27","78.42","0.27","0.21",,"0","90.29","108.71","29.3","2.11","4.74","0.52","0.41","198.46","21.96","37.92","14.42","29.12","1175.94","Mountainous","31.12","1255","92.97","13","0","53.88","7.16","5.32",,"0","1","1","23.84","46.33","91.66","89.56","44.89","10777","0"
"EV103047","GM","Cadillac Lyriq","Truck","2018","Northvolt","NMC","35.14","FWD","116801.9","8.12","Private","BAT-10003047","1051","88.55","37.2","65.46","90.53","3.623","0","297.09","25.98","31.69","0.361","96.73","95.9","31.12","11.45","3","0.18","0.62","62.18","44.88","0.16","0.39","0","0","78.64","33.91","58.93","89.64","22.29","0.21",,"50.61","-2.96","8.06",,,"2298.07","Hilly","78.03","411.9","92.39","19","0","88.59","13.54","3.55","32.94","3","1","2","39.88","65.57","86.5","98.35","47.7","7939","0"
"EV111070","Volkswagen","ID.3","Crossover","2020","Envision AESC","NMC","137.64","FWD","141645.4","5.61","Fleet","BAT-10011070","939","83.7","70.85","69.69","83.26","3.493","0.0094","296.9","29.19","36.58","0.341","96.05","94.97","115.2","16.3","14","0.54","0.26","11.82","600","0.25","0.8","0","1","68.03","96.77","66.86","66.62","83.11","0.9","0.88","68.61","0.45","12.71","-12.06",,"1697.29","Flat","77.36","1047.4","91.5","23","0","55.32","2.79","12.64","32.94","1","1","1","71.49","55.9","96.38","80.8","48.24","7179","0"
"EV115129","Ford","F-150 Lightning","Crossover","2015","CATL","LTO","31.73","AWD","165004.7","10.9","Private","BAT-10015129","1759","55.71","18.18","35.81","55.28","3.631","0.0006",,"24.38","36.03","0.921","93.91",,"17.68","44.29","13","0.36","0.39",,"158.41","0.29","0.67","0","0","119.24","93.29","21.41","30.22","21.2","0.71","0.31","153.49","-15.03","-9.05","-26.79","70.27","1663.13","Mountainous","43.38","707.1","80.82","18","1","73.75",,"3.57","32.94","1","1","0","63.76","100","90.74","88.79","42.91","3687","0"
"EV105051","Kia","EV9","Crossover","2024","CATL","LMO","39.02","FWD","154183.9","2.21","Private","BAT-10005051","851","89.21","52.15","49.64","90.01","3.741","0.0138","310.5","37.29","45.86","0.247","97.85","97.18","34.81","10.79","15","0.23","0.68","19.72","98","0.53","0.53","1","0","110.61","91.99","77.79","59.56","69.44","0.26","0.48","136.99","43.76","53.29",,"21.8","270.38","Mountainous","86.99","287.1","85.25","6","0","94.08","26.57","21.31","2.1","1","2","3","20.88","29.94","76.7","93.05","54.43","10174","0"
"EV102283","Nissan","Leaf","Van","2023","SK On","NMC","56.25","AWD","99111.1","2.81","Private","BAT-10002283","576","90.53","62.34","8.98","91.92","3.546","0.0238","322.69","28.59","35.73","0.246","97.2","95.44","50.92","9.47","34",,"0.62","84.96","41.24","0.61","0.83","2","1","16.85","23.68","25.84","7.82","38.09","1","0.07","19.07","-14.52","-6.7","-31.92","6.64","2456.28","Hilly","39.05","1059.7","89.05","23","1",,"14.17","35.39","32.94","1","1","1","42.76","22.21","85.36","81.37","16.24","8751","0"
"EV101194",,"Model Y","Hatchback","2017","Guoxuan","LFP","148.93","AWD","151079.7","9.08","Fleet","BAT-10001194","1133","72.59","63.66","50.69","73.13","3.639","0.0111","294.76","15.41","32.85","0.638","94.67","94.26","108.11","27.41","10","0.47","0.45","24.42","487.35","0.84","0.84","1","0","48.61","100.15","12.63","3.1","50.42","0.32","0.65","86.17","28.12","42.08","17.48","48.55","802.44","Flat","45.57","219.4","91.93","27","1","88.39","7.09","19.64","4.73","0","2","1","33.4","74.16","89.97","89.74","20.15","8509","0"
"EV114276","Audi","e-tron GT","Crossover","2024","Northvolt","NMC","127.87","RWD","66901.1","2.18","Private","BAT-10014276","731","91.47","70.86","21.59","89.6","3.392","0.0002","281.54","20.29","26.03","0.216","97.04","96.49","116.96","8.53","1","0.52","0.45","28.07","270.87","0.65",,"0","0","50.38","54.74","39.52","7.61","47.46","0.89","0.53","64.32","26.47","37.8","13.61","80.38","19.54","Coastal","7.45","63.1","97.66","12","1","97.5","0","5.8","0",,"0","0","24.21","23.87","97.59","95.78","27.32","10825","0"
"EV112761","Kia","EV9","Crossover","2018","Panasonic","NMC","68.98","AWD",,"7.58","Private","BAT-10012761","1631","73.28","67.56","43.05","71.32","3.3","0.0048","303.6","40.34","47.14","0.692","94.86","93.1","50.55","26.72","2","0.2","0.79","52.48","89.95","0.8","0.16","0","0","84.95","93.91","53.19","58.87","78.64","0.25","0.46","80.06","39.86","49.86","27.14","33.37","217.47","Hilly","30.99","672.3","85.8","5","1","65.04","23.21","11.79","7.28","1","1","0","30.4","79.94","77.77","88.54","36.41","7411","0"
"EV108859","Nissan","Leaf",,,"BYD Battery","LTO","105.41","FWD","95137","8.3","Private","BAT-10008859","1163","85.12","49.61","75.06","88.22",,"0.0038","307.94","38.24","51.02","0.51","96.71","97.01","89.72","14.88","20","0.08","0.82","28.62",,"0.42","0.41","4","1","116.2","61.17","69.1","36.59","94.79","0.73","0.12","30.14",,"28.83","11.92","82.95","396.13","Mountainous","54.98","1098.6","95.65","14","0","55.11","26.93","7.33","32.94","1","3","0","54.7","67.25","76.18","88.13","31.21","7319","0"
"EV111084","MG","Comet EV","Hatchback","2016","Guoxuan","NMC","73.39","RWD","165125.8","10.02","Fleet","BAT-10011084","866","68.59","51.73","56.97","69.12","3.573","0.0089","278.69","20.37","29.61","0.708","95.18","94.34","50.34",,"22",,"0.42","23.7","241.97","0.37","0.68","1","0","39.01","44.72","22.05","91.77","8.12","0.29","0.34","40.58","39.65",,"36.46","46.33","151.28","Coastal","79.91","665.6","85.5","11","1","72.84","8.37","15.45","0","0","0","0","40.56","75.01","92.22","86.51","41.84","6043","0"
"EV102109","GM","Chevrolet Bolt","SUV",,"LG Energy Solution","NMC","57.29","FWD","106170.7","5.19","Private","BAT-10002109","817","78.86","52.37","60.5","77.8","3.691","0.0015","317.43","40.75","60.75","0.456","95.31","93.82","45.18","21.14","34","0.67","0.26","66.46","64.81","0.29","0.26","1","0","65.66","22.76","25.18","6.01","44.78","0.62",,"13.57","2.66","15.96","-16.03","96.18","370.94","Flat","44.38","535.5","89.72","4","2",,"46.59","6.72","32.94","0","1","0","51.06","47.66","52.84","72.25","17.95","8651","0"
"EV101249","BYD","BE 6","Van","2020","Panasonic","LTO","81.73","FWD","165562.7","5.51","Fleet","BAT-10001249","1167","87.38","19.7","41.14","86.54","3.651",,"379.7","30.44","47.79","0.388","97.22","96.99","71.42","12.62","19","0.14","0.75","45.83","161.82","0.31","0.25","1","0","21.95","75.81","32.08","8.42","7.22","0.7","0.22","67.02","-16.99","-2.19","-33.01","62.56","2425.7","Mountainous","56.14",,"87.41",,"1","41.14","28.41","13.04","32.94","0","2","0","39.23","53.64","71.88","93.28","33","9621","0"
"EV112606","BMW","i4","SUV","2022","Northvolt","NCA","131.23","AWD","206397.5","3.62","Private","BAT-10012606","1476","82.62","51.51","28.03","81.81","3.635","0.003","341.69","25.76","35.78","0.428","95.9","94.36","108.42","17.38","2","0.11","0.81","36.17","236","0.86","0.44","2","0","45.57","55.62","22.82","3.4",,"0.15","0.94","30.96","43.34","56.99","24.34","22.46",,"Mountainous","28.99","844.9","72.74","30","1","62.95","25.87","7.93","0","1","0","1","18.11","45.47","75.49","91.46","11.27","8051","0"
"EV118606","Lucid","Air","Hatchback","2016","Envision AESC","LMO","122.61","AWD","190611.6","9.92","Private","BAT-10018606","1332","86.02","40.8","34.21","85.35",,"0.0012","370.9","12.69","21.23","0.482","96.52","95.93","105.47","13.98","18","0.45","0.41","36.5","306.9","0.19","0.01","2","0","77.77","4.82","89.57","45.93","75.27","0.06","0.32","3.27",,"35.9","4.14",,,"Mountainous","32.87","340.7","91.78","26","0","77.16","9.12","4.3","2.27","1",,"0","25.4","72.34","86.67","82.1","39.24","8316","0"
"EV114008","Porsche","Macan Electric","SUV","2020",,"LMO","123.15","RWD","94828.9","6.38","Fleet","BAT-10014008","1295","78.4","25.49","11.63","76.49","3.466","0.047","263.42","36.81","52.69","0.6","95.2","94.15","96.55","21.6","39","0.1","0.78","76.95","110.04","0.77","0.6","0","1","75.3","53.73","35.34","49.3","61.11","0.9","0.3","39.07","36.15","50.92","19.25",,"228.13","Hilly","60.75","492.6","83.89","21",,"87.61","37.68","61.14","16.54","2","1","0","33.13","61.7","63.65","96.88","30.02","8544","0"
"EV107995","MG","Comet EV","SUV","2015","Envision AESC","LMO","74.05",,"256624","10.8","Private","BAT-10007995","1434","69.03","47.81","16.85","70.95","3.771","0.0059","339.39","45.27","52.22","0.599","95.36","93.39","51.12","30.97","12","0.44","0.4","40.11",,"0.22","0.66","0","1","61.36","127.92","64.49","24.14","83.13","0.41","0.6",,"15.91","33.93","5.32","73.73","2515.76","Coastal","51.24","531.8","84.33","1","1","74.72","41.53","13.45","32.94","1","3","1","61.02","93.45","56.08","85.2","44.78","6148","1"
"EV112039","Nissan","Leaf","SUV","2015","Northvolt","NCA","27.4","AWD","326766.4","10.65","Fleet","BAT-10012039","3161",,"53.62",,"74.42","3.488","0.0089","272.06","52.18","60.34","0.455","95.44","94.85","20.22","26.22","7","0.01","0.93","23.69","104.77","0.5","0.19","1","1","32.12",,"32.37","68.97","95.18","0.28","0.42","96.48","-16.04","-0.48","-21.49","44.42","2100.05","Coastal","65.89","659.8","90.91","5","4","58.52","46.61","20.97","32.94","3","1","1","46.83","100","51.07","89.33","36.93","6223","1"
"EV101001","Renault","Zoe","Sedan","2021","SK On","NMC","148.38","AWD","85430.4","4.95","Fleet","BAT-10001001","707","88.48","73.14",,"89.13","3.629","0.0026","272.18","12.34","19.48","0.257","97.62","96.35","131.29","11.52","15","0.57","0.33","26.75","326.73","0.76","0.21","2",,"68.77","34.13","97.04",,"46.29","0.92","0.23","92.44","32.36","43.07","21.35","90.18","1252.76","Coastal",,"85.3","96.81","17","1","92.51","0","9.23","0","0","1","1","42.3","40.96","100","76.81","43.97","8883","0"
"EV109393","Volkswagen","ID.3","Van","2015","LG Energy Solution","NMC",,"AWD","66465.8","11.01","Private","BAT-10009393","1211","72.36","38.91","56.27","74.67","3.792","0.0097","326.11","31.32","45.71","0.61","95.45","94.93","104.05","27.64","33","0.09","0.68","15.7","600","0.8","0.36","2","1","10.68","66.05","34.41","21.33","36.3","0.09","0.76","26.8","-19.4","-5.85","-34.07","85.66","2006.77","Flat","83.27","818.9","85.17","29","1","53.06","21.34","14.86",,"1",,"1","67.96","80.68","79.52","84.89","27.22","5748","0"
"EV119815","Volkswagen","ID.4","Sedan","2017","BYD Battery","LMO","91.3",,"118597.8","8.94","Private","BAT-10019815","1504","75.17","12.55","33.47","75.54","3.474","0.0087","312.66","34.65","43.58","0.634","94.75","93.79","68.63","24.83","32","0.06","0.72","48.18","91.31","0.15","0.48","2","1","109.24","22.89","18.12","35.13","56.05","0.84","0.09","16.95","20.46","35.46","13.54","52.8","2298.34","Flat","5.59","564.1","92.66","23","1","72.49","6.84","15.56","23.12","0","0",,"45.67","78.68","95.79","87.86","15.09","6987","0"
"EV118797","GM","Chevrolet Bolt","Crossover","2015","Envision AESC",,"26.55","RWD","188745.4","11.55","Private","BAT-10018797","1044","86.45","81.76","62.16","84.65","3.355","0.0008","285.18","43.22","58.31","0.376","95.66","96.7","22.95","13.55","13","0.59","0.36","52.52","34.24","0.4",,"1","0","105.79","63.13","9.02","34.46","57.49","0.9","0.46","58.15","-8.76","6.83","-23.55","97.9","1685.48","Desert","37.45","274.4","95.11","4","1","80.08","39.79","5.51","32.94","0","0","0","61.32","74.74","58.7","80.44","21.14","6140","0"
"EV104678","Hyundai","Kona Electric","Crossover","2021","BYD Battery","LFP","114.9","RWD","252408.4","5.5","Private","BAT-10004678","1664","76.6","97.35","31.61","76.59","3.683","0.0003","276.22","6.38","14.45","0.583","94.74","94","88.01","23.4","36","0.17","0.72","41.23","253.61","0.93","0.5","1","1","112.61","22.43","94.39","69.79","30.72","0.18","0.7","30.94","0.32","9.29","-16.14","22.42","1663.18","Desert","81.59","278.3","92.88","21","0","83.49","10.7","0.77","14.13","0","3","0","40.85","62.34","86.63","87.57","52.76","7195","0"
"EV100669","Nissan",,"SUV","2019","Envision AESC","NMC","132.26","AWD","105325.4","6.54","Private","BAT-10000669","1020","88.13","77.99","14.9","89.09","3.604","0.0046","284.72","37.79","56.23","0.239","96.37","94.94","116.56","11.87","34","0.24","0.6","13.89","562.93","0.14","0.69","1","0","12.56","21.08","54.54","96.54","29.35","0.89","0.51","21.6","32.31","39.86","19.93","7.04","491.52","Hilly","81.08","1368.6","92.31",,"1","38.91","45.87","8.76","23.92","0","5","0","33.37","51.55","52.04","98.12","45.73","9219","0"
"EV115745","BYD","BE 6","Crossover","2017","LG Energy Solution","NMC","33.15","FWD","243912.4","8.33","Private","BAT-10015745","1708","70.75","72.1","47.05","71.14","3.727","0.0013","286.98","20.4","25.45","0.738","94.87","94.96","23.45",,"33","0.27","0.56","43.01","52.71","0.32","0.55","5","0","52.89","85.19","35.32","80.25","56.84","0.96","0.55","103.71","-10.21","9.46","-16.14","86.57","1547.94","Mountainous","46.58","1492.9","85.39","26","2","34.37","18.25","6.14","32.94","0","0","0","38.96","81.64","81.51","76.07","37.28","6843","0"
"EV111481","Kia","EV9","Sedan","2015","CATL","NMC","46.91","AWD","191488.2","10.56","Fleet","BAT-10011481","2004","82.03","43.84","25.11","80.69","3.607","0.0204","321.02","15.74","31.07","0.426","97.1","95.74","38.48","17.97","6","0.46","0.41","54.04","84.29","0.54",,"0","1","77.13","109.07","87.74","96.78","5.4","0.78","0.06","185.91","3.8","17.68","-14.96","7.04","24.85","Desert","50.27","1062.7","96.22","27","0","61.68","6.46","28.74","27.27","2","3","1","53.01","96.14","95.69","82.28","75.97",,"0"
"EV101226","BYD","Dolphin","Crossover","2017","LG Energy Solution","LMO","63.39","RWD","170132.6","8.79","Private","BAT-10001226","1298","63.61","80.96","46.99","62.93","3.404","0.0005","319.98","17.99","28.64","0.794","94.72","92.37","40.32","36.39","22","0.06","0.82","34.8","180.25","0.58","0.61","1","1","57.41","90.11","29.87","49.44","30.16","0.05","0.41","74.81","42.42","59.09","35.61","66.7","789.51",,"46.01","1134.2",,"22","2","53.25","20.72","7.09","0","1",,"0","41.91",,"83.59","93.27","33.78","6319","0"
"EV113342","Hyundai","Ioniq 5","Crossover","2018","BYD Battery","NMC","42.19","AWD","134344.5","8.36","Fleet","BAT-10013342","1003","80.2","84.65","38.91","80.52","3.728","0.0154",,"22.51","29.91","0.434","96.27","95.15","33.84","19.8","32","0.17","0.58","31.88","93.74","0.12","0.44","1","0","68.29",,"78.34","75.88","88.49","0.91","0.93","52.25","14.49","28.37","11.33","74.34","1707.78","Flat","66.82","354.8","88.91","15","3","71.46","11.79","27.24","15.42","1","3","1","37.38","61.8","90.64","100","49.94","8075","0"
"EV107844","BMW","iX","SUV","2019","Guoxuan","LFP","99.21","FWD","215857.4","6.61","Private","BAT-10007844","1950","83.13","5.57","49.82","81.92","3.769","0.0121","290.21","32.13","48.33","0.434","97.25","94.5","82.47","16.87","2","0.51","0.31","22.61","433.72","0.21","0.47","0","0","40.1","3.74","29.49",,"3.04","0.97","0.91","5.14","-1.19","13.63","-4.23","36.68","2454.56","Desert","70.11","874.9",,,"0","65.09",,"17.01","32.94","0","0","0","57.17","65.82","81.92","87.9","34.68","7809","0"
"EV104690","Kia","EV6","Sedan","2019","CATL","NCA","92.24","RWD","150117.4","7.2","Private","BAT-10004690","1079","84.3","15.87","28.89","84.81","3.392","0.0004","288.32","41.44","54.2","0.523","97.01","96.13","77.76","15.7","9","0.09","0.84","81.24","83.08","0.2","0.49","0","0","86.91","39.9","36.21","54.43","64.91","0.18","0.58","53.14","41.58","56.84","23.05","28.41","2360.67","Mountainous","99.44","128.1","75.96","27","0","95.99","53.82","0.79","12.62","0","1","1","38.13","53.53","47.19","98.7","42.3","8815","0"
"EV118687","Volkswagen","ID.4","Hatchback","2018","Guoxuan","NMC","116.29","AWD","214819.7","8.06","Private","BAT-10018687","1329","87.57","31.23","61.65","84.38","3.486","0.0162","244.02","28.29","44.3","0.341","96.22","96.83","101.84","12.43","39","0.71","0.25","47.6","226.66","0.02","0.23","0","0","22.19","65.14","28.05","85.41","42.48","0.4","0.06","72.52","-3.8","5.04","-21","36.73","1186.99","Flat","69.43","415","96.44","5","1","78.87","13.84","23.78","32.94","1","2","2","51.46","69.56","86.74","80.53","49.32","7965","0"
"EV111528","Volkswagen","ID.4","SUV","2018","Envision AESC","NMC","31.64","AWD","165343.8","8.11","Private","BAT-10011528","1440","86.2","62.85",,"85.24","3.553","0.0059","259.37","29.02","44.96","0.427","96.46","94.98","27.27","13.8","27","0.32",,"14.35","145.18","0.85","0.69","1","2","72.52","26.96","63.82","31.27","8.83","0.9","0.35","18.93","-20.34","-12.98","-30.23","57.24","1059.64","Mountainous","96.62","1432.6","86.33","2","0",,"32.52","10.65","32.94","1","3","1","60.01","72.13","74.11","83","37.87","7191","0"
"EV115954","GM","Cadillac Lyriq","Truck","2018","Panasonic","NMC","134.51","FWD","425741.3","8.2","Private","BAT-10015954","3369","76.69","80.6","22.42","76.1","3.793","0.0015","292.06","37.35","43.11","0.558","95.58","95.92","103.16","23.31","29","0.11","0.85","25.52","313.1","0.43","0.74","1","1","88.46","141.87","78.87","37.09","11.47","0.62","0.53","205.3","44.34","59.68","33.27","65.54","1972.86","Desert","21.82","1487.7","68.79","21","1","28.44","17.72","7.67","0","0","0","1","34.6","100","83.5","93.88","65.64","6194","0"
"EV109926","MG","ZS EV","Crossover","2015","BYD Battery","NCA","108.41","AWD","233039","10.97",,"BAT-10009926","1878","61.21","51","41.54","60.41","3.409","0.0031","276.13","21.4","28.6","0.779",,"92","66.36","38.79","18","0.08","0.86","22.16","292.6","0.19","0.46","1","2",,"39.99","3.82","66.62","37.68","0.75","0.1","32.65","5.03","17.15","-14.06","41.41","174.64","Flat",,"154.1","89.65","23","0","84.36","16.03","4.98","23.57","0","1","2","62.22","100","81.92","93","26.29","4370","0"
"EV116604","Nissan","Leaf","Truck","2024","CATL","LFP","130.4","RWD","258781.4","2.03","Fleet","BAT-10016604","1773","87.63","71.07","38.51","87.71","3.735",,"272.65","24.66","42.24","0.279","97.06","96.24","114.27","12.37",,"0.54","0.28","10.33","600","0.16","0.88","0","1","74.05","10.01","81.81","20.95","30.24","0.33","0.99","7.82","-22.01","-5.34","-33.47","69.71","1726.4","Mountainous","6.84","686.5","86.98","10","2","60.99","10.95","19.1","32.94","0","1","0","59.49","48.5","87.72",,"45.63","8200","0"
"EV108588","MG","ZS EV","Crossover","2016","Envision AESC","LFP","110.99","RWD","122778.3","10.21","Private","BAT-10008588","1211","69.94","71.35","39.47","68.95","3.531","0.0009","257.76","24.62","33.69","0.908","94.78","93.15","77.63","30.06",,"0.2","0.69","65.15","137.68","0.52","0.01","1",,"45.32","92.91","75.27","87.63","55.31","0.38","0.59","45.92","-22.13","-8.78","-35.47","38.75","722.17","Flat","36.3","547.2","91.27","9","3","64.32","11.44","8.89","32.94","0","0","1","68.94","83.92","83.98","82.22","53.01","5226","0"
"EV103109","Tata","Nexon EV","SUV","2017","Envision AESC","LFP","111.86","AWD","103578.8","9.46","Private","BAT-10003109","1120","83.47","76.45","54.48","82.89","3.85","0.0178","365.75","24.48","37.74","0.44","96.62","95.24","93.37","16.53","32","0.36","0.51",,"253.41","0.38","0.94","0","1","24.36","38.47","86.49",,"14.4","0.18","0.92","25.77","29.43","34.44","23.54","67.99","474.23","Desert","0.13","181","87.09","25","0","99.89","7.47","25.06","8.31","1","1","1","48.26","70.43","92.73","86.21","58.61","8434","0"
"EV119299","Rivian","R1T","SUV","2016","Envision AESC","LFP","78.78","FWD","118004.4","10.2","Fleet","BAT-10019299","1324","66.97","14.83","71.91","65.69","3.823","0.014","279.08","14.11","33.77","0.894","95.13","95.02","52.76","33.03","14","0.43","0.33","69.48","71.87","0.92","0.59","1","0","109.01","64.57","36.92",,"22.49","0.93","0.45","40.86","-24.89","-16.1","-28.89","34.15","2182.56","Mountainous","38.66","160.1","87.71","15","2","90.66","6.16","25.73","32.94","1","1","1","63.45","85.59","92.46","92.35","50.66","6301","0"
"EV100013","BMW","iX1","Hatchback","2019","Guoxuan","NMC","125","AWD","161785.1","6.85","Fleet","BAT-10000013","1824","83.76","70.14","47.91","85.46","3.692","0.0117","380.28","38.75","52.72","0.367","96.34","96.72","104.7","16.24","16","0.53","0.43","17.68","600","0.39","0.04","1","1","66.43","50.7","92.96","74.52","9.51","0.22","0.9","45.38","-5.67","6.58","-22.31","47.4","537.38","Desert","88.97","61","95.42","20","0","99.37",,"15.28","32.94","0","0","1","69.55","70.59","70.94","75.71","65.27","6971","0"
"EV106931","Tata","Tiago EV","Truck","2019","CATL","LFP","72.83","AWD","428933.3","6.68","Fleet","BAT-10006931","3369","70.93","28.26","30.78","69.49","3.524","0.0082","334.78","25.22","31.49","0.677","95.14","93.26","51.66","29.07","31","0.63","0.15","21.15","276.07","0.28","0.52","2","0","17.42","68.1","46.3","98.41","53.39","0.73","0.46","44.08","-4.24","11.88","-22.1","98.47","990.06","Hilly","67.21","1473.5","93.8","16","1","40.68","0.6","13.42","32.94",,"0","0","70.38","100","100","80.76","49.93","3426","0"
"EV116773","Kia","EV9","Van","2022","Envision AESC","NMC","37.62","FWD","212380.7","4.05","Fleet","BAT-10016773","2070","84.49","35.98","43.92","86.4","3.415",,"297.1","38.28","49.27","0.255","96.75","97.09","31.79","15.51","41","0.77","0.2","18.13","198.69","0.75","0.81","0","3","95.85","137.95","62.73","10.4","80.61","0.28","0.77","123.09","36.45","49.4","31.19","28.4","809.85","Coastal","27.55","288.7",,"2","1","85.52",,"11.78","12.82","2","0","2","61.87","66.12","78.44","69.46",,"6827","0"
"EV114614","Tesla","Model 3","SUV",,"BYD Battery","LFP","117.34","AWD","111985.5","10.09","Fleet","BAT-10014614","1480","66.3","76.27","39.29","66.62","3.734","0.0252","339.79","19.64","33.85","0.583","93.65","93.65","77.8","33.7","35","0.32","0.63","23.64","281.03","0.54","0.04","0","0","85.95","58","22.01","53.93",,"0.95","0.02","58.59",,"19.22","1.96","73.54","1938.9","Hilly","92.04","1466.2","86.79","9","0","43.96","12.3","36.3","23.84","1","3","2","54.94","91.28","87.55","86.82","31.2","5274","0"
"EV112584","Porsche",,"Van","2023",,"NMC","63.77","RWD","109055.1","2.86","Private","BAT-10012584","734","99.07","84.77","30.71","99.09",,"0.0037","298.18","16.13","27.49","0.162","98.33","96.2","63.18","0.93","24","0.64","0.16","69.57","72.62","0.08","0.1","0","0","95.26","48.29",,"78.92","7.67",,"0.2","92.89","12.36","17.68","-0.08","79.49","314.1","Hilly","90.53",,"92.71","14","0","92.39","8.65","7.95","15.13","3","1","1","26.41","26.79","88.16","81.86","53.61","11394","0"
"EV118413","Ford","Mustang Mach-E","Hatchback","2020","Guoxuan","NMC","144.04","RWD","173044.8","5.54","Fleet","BAT-10018413","1079","81.74","65.13","57.88","81.56","3.636","0.0003","294.52","24.45","35.05","0.405","96.89","96.45","117.74","18.26","28","0.42","0.37","31.75","224.58","0.46","0.04","2","0","70.46","42.37","3.48","84.61","65.97","0.8","0.65","51.01","3.18","9.56","-13.45","13.47","180.5","Hilly","58.45","1319.4","94.08","15","1","46.45","9.5","5.37","31.87","2","1","1","50.25","53.2","89.68","82.43","32.21","7047","0"
"EV113962","BMW","i4","Crossover",,"Northvolt","LMO","89.46","AWD","156001.7","7.74","Private","BAT-10013962","1212","90.03","89.64","23.34","90.62","3.455","0.0035","307.5","45.54","63.69","0.278","97.89","97.55","80.54","9.97","14","0.19","0.66","21.11","362.9","0.37","0.48",,"1","22.28","98.94","36.11","26.34","46.28","0.27","0.92","146.41","36.94","47.18","23.63","54.95",,"Mountainous","27.8","1005","84.73","23","1","59.64","57.22","9.23","26.75","0","1","0","41.26","55.43","42.79","96.08","43.26","7940","0"
"EV115360","Ford",,"Crossover","2017","Guoxuan","NMC","25.79","RWD","169028.1","9.9","Private","BAT-10015360","1566","59.51","90.07","77.98",,"3.624","0.0366","329.78","26.05","41.23","0.899","94.48","92.28","15.35","40.49","13","0.54","0.31","22.67","98.25","0.82","0.81","0","0","110.53","93.55","82.5","92.55","59.64","0.42","0.79","182.73","7.73","12.78","-3.53","73.65","2617.88","Flat","40.19","1249.6","85.87","30","0","52.5","18.38","47.73","32.94","0","3","0","80.21","98.69","79.96","94.34","65.22","2948","1"
"EV105969","Porsche","Taycan","Van","2021","Guoxuan","LMO","79.62","FWD","192054.1","5.05","Private","BAT-10005969","1223","84.35","18.36","63.55","86.2","3.66","0.0023","274.5","42.01","47.68","0.391","96.85","94.15","67.16","15.65","13","0.14","0.7","42.28","141.17","0.41","0.32","2","1","110.32","78.27",,"2.18","33.02","0.47","0.18","109.25","-14.83","-1.06","-33.62","23.53","2553.66","Hilly","21.66","538.5","97.07","12","1",,"26.04","6.14","32.94","0","2","1","58.6","48.99","69.31","82.41","33.25","7624","0"
"EV118217",,"R1S","Hatchback","2021","Panasonic",,,"RWD","301043.5","4.65","Private","BAT-10018217","1734","79.27","55.92","48.35","82.42","3.719","0.0071","308.68","13.22","32.97","0.574","95.17","93.83","26.39","20.73","2","0.4","0.58","39.05","49.12","0.57","0.16","1","0","62.5","88.39","54.87","5.35","55.35","0.82","0.05","84.5","23.22","38.57","13.8","67.16","1529.36","Desert","12.2","507.3",,"0",,"74.05","10.77","9.38","9.75","1","1","1","36.74","58.16","88.81","89.2","30.72","8553","0"
"EV114351","BYD","Atto 3","Sedan","2020","BYD Battery",,"32.33","FWD","133161.4","5.78","Private","BAT-10014351","862","81.67","24.31","33.76","82.1","3.804","0.0008","319.54","2.41","9.11","0.449","96.23","94.88","26.4",,"12","0.31","0.47","43.37","44.54","0.35","0.02","2","0","96.01","55.48","20.08","3.05","90.15","0.83","0.9","65.57","13.43","25.05","4.83","7.98","650.16","Desert","41.62","713.6","87.1","16","3","58.19","2.04","8.45","0","2","0","1","22.65","53.66","98.73","83.21","13.99","9020","0"
"EV105041","MG","ZS EV","Hatchback","2020","BYD Battery","NMC","147.78","RWD","372949.4","5.98","Private","BAT-10005041","2702","84.91","49.98","52.24","85.22","3.34","0.0154","300.6","9.98","21.28","0.402","97.22","95.47","125.48","15.09","8","0.21","0.6","21.13","600","0.41","0.48","0","0","107.63","86.64","36.55","0.54","31.59","0.34","0.24","70.92","15.45","24.48","-3.1","62.85","439.51","Flat","86.9","480.1","89.48","0",,"84.33","8.87","23.93","5.83","0","0","1",,"82.37","92.18","94.82","34.61","8308","0"
"EV101010","Lucid",,"SUV","2020","LG Energy Solution","LFP","41.68","RWD","212807.3","6.55","Fleet","BAT-10001010","1175","79.09","80.69","52.35","75.58","3.67","0.0367","367","23.14","38.69","0.447","96.86","94.7","32.96","20.91","7","0.24","0.66","28.66",,"0.71","0.36","1","0","86.88","69.64","97.59","59.22","73.79","0.88","0.31","70.01","6.6","12.88","-5.61","64.81","1444.89","Flat","32.11","1013.9","95.01","22","0","63.03","8.55","50.63","32.09","3","0","0","51.73","62.58","87.24",,"48.28","7991","0"
"EV116331","Kia","EV9","Van","2017","Envision AESC","LFP","119.07","RWD","214282.5","8.88","Fleet","BAT-10016331","2285","75.72","7.79","35.97","74.25","3.267","0.0186","228.69","21.78","41.43","0.614","94.72","93.45","90.16","24.28","40","0.28","0.7","36.54","280.14","0.9","0.53","0","1","30.64","40.56","32.49","7.53","86.5","0.44","0.27","17.03","-7.05","12.03","-21.7","9.2","727.5","Hilly","13.25",,"93.13","10","0","45.55","7.72","26.17","32.94","0","2","0","54.1",,"96.26","86.82","14.19","6104","0"
"EV107105","Mahindra","XUV400","Sedan","2020","Northvolt","LFP","26.09","FWD","143461.6","6.38","Private","BAT-10007105","1140","88.45","55.2",,"88.24","3.611","0.0061","332.21","29.26","50.62","0.286","96.65","97.48","23.08",,"31","0.3","0.57","22.33","106.49","0.47","0.45","0","0","71.68","97.86","37.58","92.78","1.77","0.72","0.81","115.77","-1.04","11.63","-6.41","10.8","1262.38","Mountainous","76.79","213.5","94.64","12","0",,"22.29","11.14","32.94","1","2","1","49.43","50.41","80","93.34","65.39","9465","0"
"EV105369","Honda","e:N1","Van","2016","Guoxuan","LFP","58.94","RWD",,"10.35","Fleet","BAT-10005369","1584","61.86","12.14","20.27","61.79","3.731","0.0056","384.29","19.47","31.03","0.828","94.46","91.54","36.46","38.14","35","0.12","0.63","74.5","77.41","0.78","0.84","1","0","39.43",,"65.92","0.26","86.5","0.48","0.53","13.75","30.18","43.15","10.26","80.03","1528.19","Desert","55.42","657.8","82.63","3","0","76.5","15.68","10.39","0.85","1",,"1","31.7","90.09","79.56","100","21.2","5529","0"
"EV110984","Tesla","Model 3","Truck","2017","LG Energy Solution","LMO","63.83","FWD","145722.2","8.99","Private","BAT-10010984","1602","57.69","73.37","20.23","56.1","3.749","0.0088","333.66","32.93","47.42","0.825","93.92","92.1","36.82","42.31","13","0.25","0.51","52.12","101.71","0.86","0.3","0","1","35.1","77.02","34.55","78.48","39.69","0.09","0.24","162.5","-8.42","1.06","-26.33","96.85","2167.04","Flat","99.17","880.5","82.01","17","3","51.98","26.56","20.2","32.94","1","1","0","60.25","89.94","74.67","89.79","49.33","3199","1"
"EV115643","MG","ZS EV","SUV","2020","SK On","LTO","35.14","RWD","127128.4","5.48","Fleet","BAT-10015643","1068","90.01","37.17","46.05","89.75","3.65","0.0415","372.3","20.31","35.38","0.313","97.4","95.27",,,"12","0.66","0.1","18.75","123.08","0.51","0.24","0","3","110.6","53.8","97.84","70.08","16.04","0.49","0.24","32.02","19.61","28.05","13.31","33.53","1954.09","Hilly","71.07","427.1","88.78","19","0","84.15","13.9","56.88","15.77","1","1","1","63.54","51.44","82.69","62.61","61.13","8604","0"
"EV100486","Honda","e:N1","Van","2016","Northvolt","NMC","74.21","AWD","279081.3","9.76","Fleet","BAT-10000486","1956","85.34","68.01","46.86",,,"0.0257","334.08","18.54","28.87","0.31","97.02","95.84","63.33","14.66","19","0.42","0.56","31.67","133.85","0.66","0.42","0","0","13.02","89.95","20.89","94.77","11.58","0.41","0.14","64.15","13.87","23.11",,"28.53","588.01","Desert","98.84","642.3","92.53","21","0","71.55","11.14","35.17","15","1","2","0",,"85.9",,"88.65","41.98","7851","0"
"EV112495","BYD","Dolphin","Hatchback","2017",,"NMC","95.73","AWD","353590.9","9",,"BAT-10012495","2169",,"70.26","79.07","74.61","3.774","0.0096",,"21.78","30.27","0.564","94.71","95.89","71.65","25.15","19","0.62","0.17","27.35","272.37","0.19","0.57","2","0","11.83","11.12","84.4","55.38","30.74","0.63","0.62","8.72","4.29","22.26","-0.3","37.93","1732.77","Hilly","33.44","1456.5","85.94","24","0","46.06","11.11","13.97","25.98","0","2","0","61.19","88.59","90.25","77.92","43.8","5391","0"
"EV104249","Kia","EV6","Van","2023","Panasonic","LFP","33","FWD","150208.7","3.59","Fleet","BAT-10004249","1379","92.89","61.92","71.28","92.7","3.581","0.0065","354.52","31.59","47.03","0.213","96.45","97.23","30.65","7.11","38","0.23","0.56","18.65","172.49","0.7","0.81","0","1","100.21","57.84","32.51","83.88","91.88","0.35","0.84","34.83","33.35","46.96","15.68","16.1","1773.32","Coastal","50.07","175.4","86.69","28","2","85.59","21.59","12.64","13.68","0","0","0","44.49","45.35","77.57","91.22","31.73","10347","0"
"EV118686","BMW","iX","Crossover","2015","CATL","NMC","45.63","AWD","174007.3","11.13","Private","BAT-10018686","1392","84.2","31.62","45.38","85.3","3.695",,"277.12","16.59","21.87","0.438","96.41","96.38","38.42","15.8","32","0.37","0.56","29.37","105.67","0.91","0.79","0","0","71.25","18.13","40.92","43.23","60.27","0.79","0.46","14.23","46","55.18","40.9","50.37","2538.63","Flat","90.2","1380.8","82.79",,"0","46.43","16.14","28.03","0","1","1","1","31.85","84.06","82.2","98.13","23.3","7603","0"
"EV114024",,"Air","Hatchback","2015","Guoxuan","LMO","75.04","RWD","363772","10.95","Private","BAT-10014024","2085","72.57","72.74","33.7","74.12","3.796","0.0045","345.44","22.93","38.14","0.652","94.97","95.66","54.46","27.43","25","0.48","0.36","33.22","110.5","0.38","0.23","0","0","10.05","115.85","96.95","51.25","74","0.38","0.13","62.79","40.99","59.22","22.96","89.06","1280.76","Flat","14.15","522.6","73.7","7","0","77.74","16.89","7.57","0","0","2","0","39.65","99.55","83.86","83.52","49.19","6603","0"
"EV113072","Kia","EV6","Crossover","2016","LG Energy Solution","NMC","48.34","AWD","219542.3","9.27","Private","BAT-10013072","1389",,"11.67","38.66","62.34","3.64","0.0099","294.84","35.7",,"0.792","94.88","92.71","30.39","37.13","23","0.64","0.32","67.32","72.32","0.12","0.3","2","0","13.46","20.08","15.52","27.45","79.83","0.62","1","25.73","-12.23","-5.92","-19.29",,,"Coastal","95.02","33.8","82.64","16","2","90.03","40.61","17.3","32.94","2","0","1","64.83","79.75","61.77","77.55","15.59","4657","1"
"EV104476","MG","ZS EV","Crossover","2023","Northvolt","LFP","139.98","AWD","91037.3","3.03","Private","BAT-10004476","781",,"65.62","44.28","94.91","3.561","0.0169","256.39","35.69","49.38","0.355","96.73","96.37","130.52","6.76","41","0.54","0.42","28.32",,"0.47","0.95","2","0","80.76","106.21","35.27","16.1","81.27","0.38","0.58","77.04",,"28.97","-4.81","6.97","1355.68",,"86.41","727.7","88.79","13","1","69.83","26.12","26.4","32.94","0","2",,"54.84","33.62","69.72","83.16","31.07",,"0"
"EV113550","Volvo","EX30","Van","2018","Panasonic","LFP","95.6","RWD","308617.3","8.11","Private","BAT-10013550","1970","71.42","19.52","21.38","72.44","3.85","0.0254","381.15","0.83","20.17","0.551","94.52","94.15","68.28","28.58","38","0.35","0.41","25.88",,"0.32","0.12","3","2","71.66","109.73","28.19","86.45","77.17","0.35","0.8","71.97","20.1","35.94","3.36","70.4","532.31","Hilly","54.18","1043.9","91.64","0","1","62.63","10.62","36.34","0.07","0","1","0","40.03","88.19","89.4","74.56","44.26","6956","0"
"EV105067","Kia",,"Hatchback","2017","Northvolt","NMC","45.6","FWD","259738.8","8.94","Fleet","BAT-10005067","1939","65.9","52.77","59.34","65.34","3.581","0.0008","318.71","20.04","40.07","0.853","93.85","94.21","30.05","34.1","30","0.33","0.43","42.93","58.56","0.85","0.16","2","2","33.99","85.98","43.86","59.09","77.33","0.73","1","123.67","41.54","54.28","30.37","76.33","187.62",,"90.04","798.4","81.6","2","1","67.6","18.91","3.2","0",,"3","0","56.51","78.69","86.44","71.69","41.25","5171","0"
"EV118884","BYD","BE 6","Crossover","2023","SK On","LTO","81.35","FWD","70757.1","2.94","Private","BAT-10018884","859","87.29","66.5","60.5","89.41","3.576","0.0301","289.66","36.27","42.84","0.309","96.75","95.5","71.01","12.71","32","0.24","0.67","77.85","73.87","0.56","0.25","1","0","73.17","117.9","20.94","78.13",,"0.85","0.61","173.89","8.74","18.51","-10.43","78.07","1061.55","Flat","33.3","312.6","92.68",,"1","83.33","11.69","43.52","32.94","1","2","0","47.46","30.45","86.2","89.98","56.95","9807","0"
"EV117565","Kia","EV6","Truck","2018","BYD Battery","NCA","44.46","RWD","231422.7","7.79","Private","BAT-10017565","2000","74.97","84.79","24.06","74.9","3.406","0.0048","309.95","26.98","32.4","0.552","96.41","94.55","33.33","25.03","5","0.48","0.52","69.73","62.48",,"0.74","1","1","56.51","75.64","38.08","97.03","60.6","0.37","0.77","91.6","17.43","26.15","4.42","28.31","672.31","Mountainous","3.03","1314.9","84.92","0","0","53.62","3.91","9.41","14.97","0","3","0","46.3","87.16","97.57","85.38","50.51","7180","0"
"EV114653","Tesla","Model S","Sedan","2020","LG Energy Solution","LFP","25.45","RWD",,"5.65","Private","BAT-10014653","654","87.25","61.08","37.34","87.95","3.683","0.0057","331.47","40.11","48.27","0.507","97.26","95.05","22.21","12.75","41","0.26","0.49","28.12",,"0.86","0.54","0","2","114.34","129.74","52.34","15.75","56.59","0.53","0.09","115","15.95","22.26","11.43","90.49","822.67","Coastal","81.65","890.4","96.23","18","0","70.83","23.96","10.96","32.32","2","0","0","55.85","52.05","74.19",,"42.09","7953","0"
"EV111942","Audi","Q4 e-tron","Van","2024","Panasonic","NMC","92.87","RWD","112452.8","1.98","Fleet","BAT-10011942","1026","97.15","7.5","24.27","98.31","3.544","0.0049","269.34","38.18","49.64","0.169","97.09","97.05","90.22","2.85","31","0.42","0.39","24.05","208.69","0.49","0.3","1","0","75.13","16.18","43.13","50.89",,"0.44","0.3",,"27.2","47.03","14.45","34.82","2406.1","Mountainous","97.9","850.7","91.28","30","2","57.67","24.53","11.86","22.44","0","1","1","29.21","31.68","75.79","81.96","28.48","10612","0"
"EV101561","Hyundai","Kona Electric","Sedan","2016","LG Energy Solution","LMO","25.81","FWD","242452.5","9.82","Fleet","BAT-10001561","1811",,"11.98","42.97","89.08","3.74","0.0111","347.82","19.83","28.01","0.286","97.89","96.66","23.17","10.21","16","0.51","0.33","22.61","114.03","0.19","0.35","1","0","17.78","82.54","91.3","66.45","26.54","0.49",,"96.29","-2.51","17.01","-12.79","92.8","1757.82","Flat","89.38","616.2","94.36","4","0","78.31","10.58","18.3","30.52","0","3","0","54.84","81.76","92.31","82.06","64.42","7675","0"
"EV101652","BMW","iX1","Van","2022","Panasonic","LFP","30.4","RWD","143119.4","3.97","Fleet","BAT-10001652","1148","81.57","19.35","70.45","81.92",,,"377.8","46.13","57.87","0.485","96.9","94.88","24.8","18.43","22","0.27","0.64","7.59","319.1","0.2","0.94","0","0","90.4","64.42","65.54","34.21","97.33","0.57","0.66","60.74","47.62","64.97","44.2","98.65",,"Hilly","75.55","1387.6","66.23","11","1","31.56","50.18","16.23","10.25","1","1","1","38.37",,"51.07",,"27.48","9149","0"
"EV108908","GM","Chevrolet Bolt","SUV","2020","Northvolt","LMO","45.7","AWD","107998.7","6.22","Fleet","BAT-10008908","1000","86.25","7.45","41.68",,"3.483","0.0089","264.71","33.82","54.12","0.393","96.83","94.54","39.42","13.75","4","0.58","0.19","56.68","64.48","0.69","0.33","0","0","74.91","73.2","26.83","38.09","43.32","0.83","0.84","60.85","35.43","45.04","31.63","55.53","1095.47","Desert","86.88","164.3","87.26","15","1","85.2",,"15.75","18.69","1","1","0","41.38","48.64","62.92","79.3","27.96","8615","0"
"EV118710","Audi","e-tron GT","Van","2021","Envision AESC","LFP","68.54","FWD","136462.1","4.66","Fleet","BAT-10018710","1886",,"50.32","60.96",,"3.807","0.0212","277.91","26.67","31.89","0.417","96.12","96.61","55.81","18.58","20","0.44","0.38","31.62","159.26","0.63","0.76","0","1","32.49","45.89","80.98","53.05","68.42","0.1","0.76","34.26","24.98","33.32","5.96","76.46","2016.43","Hilly","3.59","1006.2","89.14",,"0","71.1","9.23","31.04","6.91","1","1","0","53.77",,"89.56","79.26","35.94","6518","0"
"EV102307","Audi","Q4 e-tron","Sedan","2023","SK On","LTO",,"AWD","100824.5","3.03","Private","BAT-10002307","954","91.58","37.39","46.15","92.42","3.697","0.0023","262.49","33.79","47.69","0.311","96.99","97.49","118.45","8.42","6",,"0.42",,"260.28","0.7","0.58","0","0","53.64","103.67","69.97","24.61","25.85","0.98","0.76","37.1","3.7","16.72","-15.65","33.06","2116.3","Coastal","79.82","766.2","92.46","8",,"69.49","25.13","5.86","32.94","1","2","0","53.78",,"72.31","94.67","50.96","9118","0"
"EV113989","Rivian","R1S","Truck","2016","Envision AESC","LFP","30.47","RWD","184012.4","10.02","Fleet","BAT-10013989","1274","74.23","6.74","56","74.39","3.85","0.0062","388.85","25.85","34.2","0.478","96.18","94.4","22.62","25.77","4","0.09","0.81","32.18","93.82","0.41","0.54","3","0","107.1","72.79","44.3","20.21","78.14","0.16","0.98","68.46","-10.1","9.41","-16.93","63.41","503.9","Flat","44","1051.3","90.78","12","0","50.61","14.41","9.12","32.94","0","2","1","49.27","76.54","84.02","87.82","33.22","6459","0"
"EV112056","Hyundai","Ioniq 5","Crossover","2017","CATL","NCA","47.59","AWD","113326.3","8.57","Private","BAT-10012056","1272",,"9.25","40.31","76.09","3.599","0.0125","305.92","23.62","44.25","0.564","96.43","93.23","35.74","24.91","16","0.26","0.73","119.61","33.26","0.12","0.31","0","0","86.7","25.74","8.07","17.04","7.58","0.96","0.36","52.82","18.7","26.09","3.24","32.86","2543.24","Flat","90.33","1450.1","88.95","19","1","36.6","11.46",,"25.55","1","1","2","36.44","68.46","90.96","99.99","25.57","7191","0"
"EV117163","Audi","Q4 e-tron","SUV","2016","Envision AESC","LMO","133.95","FWD","141391.8","9.56","Private","BAT-10017163","1606","63.54","65.73","56.91","62.16","3.615","0.0126","296.43","35.34","52.08","0.728","93.4","92.79","85.11","36.46","27","0.38","0.41","85.99","109.41","0.88","0.13","0","0","105.91","29.01","0.47","1.92","30.44","0.76","0.42","28.49","34.27","41.38","26.51","83.99","2598.49","Coastal","27.33","1406","81.67","18","0","40.5","36.04","19.37","17.81","1","0","2","48.53","94.94","62.93","86.05","16.89","4997","0"
"EV103449","Lucid","Air","Hatchback","2015","SK On","LFP","27.08",,"199029.7","10.8","Private","BAT-10003449","1922","69.28","95.7","54.22","68.16","3.458","0.0013","345.8","29.75","40.48","0.665","94.32","93.07","18.76","30.72","32","0.16","0.69","74.47","36.31","0.14","0.42",,"0","93.9","6.2","23.25","51.2","64.23","0.93","0.12","4.08","6.04","15.52","-3.36","26.79","1806.34","Mountainous","0.41",,"90.86","5","2","55.27","4.11","5.74","32.94","4","0","1","64.32","98.16","97.33","82.48","21.94","5094","0"
"EV110949",,"Prologue","Crossover","2020","Envision AESC","LMO","148.45","FWD","353749.2","6.41","Private","BAT-10010949","2208","78.84","66.07","60.9","79.87","3.579","0.004","250.53","34.86","53.91","0.56","95.05","95.56","117.04","21.16","26","0.39","0.39","25.83","566.74","0.91","0.07","0","2","75.38",,"69.66","79.52","69.18","0.58","0.73","92.66","-0.97","12.88","-20.32","36.1","2484.59","Coastal","95.42",,"87.55","30","0","57.33","33.67","5.75",,"0","1","0","70.9","71.85","62.56","81.79","58.72","5563","0"
"EV108320","Tata","Nexon EV","Truck","2024","Northvolt","LFP","109.3","AWD","219362.9","1.95","Fleet","BAT-10008320","1500","96.87",,"49.01","95.15","3.769",,"391.98","40.96","59.45","0.135","98.08","98.51","105.88","3.13","37","0.18","0.71","19.66","360.36","0.72","0.06","0","1","67.08","44.04","99.47","63.26","35.56","0.15","0.44","53.74","2.19","8.37","-3.02","39.14","934.26","Flat","5.16","269.9","88.82","21","0","89.94","39.55","5.59","32.94","0","1","1","56.98","39.95","59.53","83.68","58.16","9298","0"
"EV114719","Renault","Megane E-Tech","SUV","2022","LG Energy Solution","NMC","135.99","RWD","53162.8","4.07","Private","BAT-10014719","536","97.13","81.55","66.4","97.11","3.659","0.0443","267.11","24.1","38.29","0.133",,"97.72","132.09","2.87","23","0.7","0.25","9.87","600","0.31","0.64","2","0","102.32","40.1","93.02","86.4","69.76","0.3","0.79","19.35","7.11","14.93","-8.44","93.37","975.6","Flat","26.29","399.8","94.87","5","0","90.38","6.23","60.18","31.18","0","1","1","62.52","28.8","89.65","80.27","50.2","9151","0"
"EV105240","Ford","Mustang Mach-E","SUV","2023","Envision AESC","NMC","89.45","FWD","48208.3","2.65","Private","BAT-10005240","451","89.94","39.58","21.92","87.47","3.701","0.0439","340.49","29.92","35.18","0.192","96.81","94.93","80.45","10.06","41","0.29","0.58","18.06","377.78","0.12","0.99","2","1","90.51","117.87","43.97","67.76","53.19","0.7","0.08","57.85","30.59","45.08","12.46",,"1490.37","Flat","65.46","1492.6","94.24","26","0","56.13","16.67","58.8","4.59",,"1","0","41.51","27.19","81.01","83.46","38.38","9785","0"
"EV100278","Audi","e-tron GT","SUV","2017","Envision AESC","NCA","47.97","AWD","174743","8.83","Fleet","BAT-10000278","1337","68.79","76.53","59.72",,"3.493","0.0166","345.81","13.88","30.55","0.709",,"92.96","33","31.21","16","0.35","0.57","85.11","35.6","0.24","0.25","0","0","38.65","26.46","5.74","75.63","22.8","0.86","0.62","44.04","25.47","40.41","10.64","73.47","2416.05","Hilly","33.59","613.1","83.22","20","2","62.9","12.4","27.62","5.08","0","1","0","37.97","77.26","86.16","95.93","32.43","6524","0"
"EV101274","Nissan","Ariya","Hatchback","2019","CATL","LFP","76.95","RWD","85379.7","6.87","Private","BAT-10001274","847","89.33",,"66.55","89.55","3.525","0.0022","366.6","26.9","36.31","0.307","96.56","97.14","68.74","10.67","30","0.39","0.49","6.46","600","0.72","0.26","2","1","117.61","75.45","33.59","88.76","69.25","0.98","0.54","86.69","5.3","23.97","-3.44","64.37","1455.29","Coastal","33.27","277.1","97.76","9","0","88.98","8.13","3.99","31.01","2","0","0","60.32","53.3","87.33","77",,"8956","0"
"EV108450","BMW","i4","SUV","2018","Guoxuan","LMO","32.67","FWD","138926.5","7.93","Fleet","BAT-10008450","1843","82.96",,"21","83.42","3.505","0.0015","347","38.72","44.69","0.356","97.29","95.75","27.1","17.04","6","0.47","0.39","43.82","58.2","0.28","0.09","0","1","104.62","36.52","66.49","96.18","9.33","0.95","0.44","22.34","-15.29","-8.44","-26.85","41.89","1006.73","Coastal","34.04","1124","85.31","17","0","45.66","18.64","5.71","32.94","0","2","0","61","79.48","83.56","83.24","59.67","6601","0"
"EV119294","Lucid","Air","Van","2022","Panasonic","LFP","147.74","RWD","205411.9","4.23","Private","BAT-10019294","1477","87.9","23.34","20.08","89.01","3.547","0.0012","251.84","34.99","40.72","0.314",,"97.41","129.86","12.1","35","0.35","0.62","64","159.54","0.78","0.05","0","1","58.03","45.33","10.35","67.99","59.36","0.72","0.67","35.01",,"9.85","-14.84","65.84","1517.02","Desert","73.01","1481.5","95.2","2","0","41.4","13.9","3.83","32.94","1","0","1","45.35",,"84.78","85.8","30.58","9027","0"
"EV116359","Mahindra","XUV400","Sedan","2024","Envision AESC","LFP","80.28","RWD","79879.7","2.23","Private","BAT-10016359","762","94.15","98.72","37.66","93.88","3.703","0.0028","303.65","23.84","36.12","0.24","97.95","96.26","75.58","5.85","17","0.42",,"30.06","138.81","0.12","0.82","1","1","111.16","128.97","78.71","43.04","76.2","0.73","0.05","58.2","2.97","10.89","-13.25","38.8","1030.73","Hilly","55.77","705.8","93.54","10","1","65.79","3.07","7.64","32.94","0","1","0","57.66","24.77","100","81.83","42.83","9317","0"
"EV104833","Mercedes-Benz","EQA","Van","2021","BYD Battery","NMC","143.19","RWD","125964.8","4.58",,"BAT-10004833","1288","84.68","89.84","29.87","83.42","3.568","0.0053","296.14","54.18","61.21","0.444","95.93","94.95","121.25","15.32","5","0.29","0.47","50.02","275.88","0.28","0.82","3","1","60.87","21.91","54.63","26.37","31.18","0.42","0.39","21.05","11.59","23.6","-3.45","42.78","2517.02","Flat","19.01","358.2",,"23","0",,"49.25","10.5","32.94","0","0","0","57.14","54.72","49.19","79.51","39.02","7916","0"
"EV109126","Volkswagen","ID.4","Van","2019","SK On","NCA","37.36","AWD","86928.7","7.26","Private","BAT-10009126","898","78.65","94.11","39.27","77.9","3.719","0.0019","379.34","32.14","48.24","0.531","96.4","93.86","29.38","21.35","37","0.58","0.36","8.67","211.85","0.45","0.12","1","0","31.82",,"69.23","82.02","70.59",,"0.36","12.16","-10.29","-4.04","-15.68","30.33","1894","Hilly","79.45","1195.1",,"28","1","48.03","29.08","5.62","32.94","0","3","1","64.24","69.5","71.57","80.82","46.76","6571","0"
"EV101705","Rivian","R1S","Sedan","2019","SK On","LMO","58.17","RWD","99305.2","6.95",,"BAT-10001705","690","95.55","39.73","44.34","94.88","3.499","0.0047","272.92",,"55.28","0.198","97.04","95.74","55.58",,"36","0.6","0.26","30.35","131.95","0.69","0.18","0","0","25.41","81.71","68.1","17.72","90.15","0.7","0.04","73.16","-11.97",,"-27.74","26.29","1008.36",,"86.34","1109.8","96.43","18","1","57.22","34.23","10.56","32.94","0","0","3","54.98","42.39","62.18","77.75","36.38","9484","0"
"EV116059","Renault","Megane E-Tech","Truck","2016","Guoxuan","NMC","44.55","FWD","104031.9","10.33","Private","BAT-10016059","1049","84.06","13.71","22.66",,"3.554","0.0041","358.95","28.71",,"0.477","96.4","95.86","37.45","15.94","10","0.51",,"10.69","301.04",,"0.73","2","0","70.86","41.11","67.17","38.37","61.82","0.38","0.93","30.16","10.52","20.41","-2.14","14.83",,"Coastal","7.71","927.1","85.23","11","1","60.2","19.35","9.02","32.94","0","0","2","48.12","65.04","80.32","81.42","40.11","8197","0"
"EV105073","Hyundai","Kona Electric","Crossover","2020","SK On","LFP","90.66","RWD","225397.6","6.13","Fleet","BAT-10005073","1799","82.61","38.21","31.11","82.75","3.511","0.0189","277.37","18.54","39.26","0.394","95.4","95.1","74.89","17.39","39","0.18","0.66","56.94","101.44","0.41","0.19","0","0","110.16","6.55","62.67","49.36","38.84","0.33","0.01","4.73","-8.28","9.08","-14.37","63.34","1271.65","Coastal","78","807.7","88.43","2","1","70.56","10.54","26.9","32.94","0","1","1","43.18","68.74","86.18","100","37.05","7448","0"
"EV118816","Renault","Megane E-Tech","Van","2020","BYD Battery","LFP","76.21","AWD","249696.7","5.83","Private","BAT-10018816","1472","87.23","94.18","49.24","87.38","3.475","0.0078","309.28","32.01","51.87","0.376","97.28","95.61","66.48","12.77","21","0.27","0.48","39.94","184.57","0.75","0.2","2","0","99.36","44.74","25.86","94.66","15.92","0.55",,"31.1","14.52","20.6","4.91","12.38","58.04","Desert","17.67","1108.9","88.37","19","2","41.64","29.55","17.76","32.94","1","2","1","47.67","65.34","69.71","84.1","45.46","7261","0"
"EV116001","Volkswagen","ID.3","SUV","2021","LG Energy Solution","LFP","102","FWD","151759.7","4.89",,"BAT-10016001","918","81.74","31.38","19.58","82.1","3.573","0.0054","292.99","35.47","50.15","0.43","95.4","95.38","83.37","18.26","10","0.27","0.49","48.86","105.8","0.68","0.74","1","0",,"10.93","97.96","18.84","84.9","0.85","0.37","10.67","27.65","39.18",,"45.6","1837.87","Hilly","94.34","216.9","87.77","19","1","91.74","26.76","9.48","22.5","0","1",,"36.72","41.96","77","97.74","39.68","8283","0"
"EV108963","MG","ZS EV","Van","2023",,"LFP","112.69","AWD","179878.1","3.34","Private","BAT-10008963","1093","88.67","45.52","21.4","86.44","3.206","0.0007","285.33","26.91","37.09","0.3","97.1","95.24","99.92","11.33","8","0.35","0.44","18.33","297.99","0.02","0.02","0","1","46.52","25.75","37.07","78.26","2.04","0.66","0.57","8.75","38.25","54.71","19.48","87.19","1594","Flat",,"209",,"18","0","95.39","25.34","1.01","0","1","0","0","29.95","39.55","73.73","84.78","42","9619","0"
"EV104312","Honda","e:N1","SUV","2022","Envision AESC","LFP","28.35","FWD","105804.8","3.74","Fleet","BAT-10004312","980","86.07","47.96","42.51","85.06","3.605","0.0048",,,"46.48","0.441","97.17","94.43","24.4","13.93","8","0.43","0.39","48.3","53.75","0.22",,,"0","87.89","137.52","26.31","46.67","32.72","0.48","0.72","172.24","24.95","38.01","18.86","35.45","2129.95","Desert","85.37","890.5","93.19","3","0","58.28","14.04","6.84","21.53","0","1",,"39.28","39.23","87.5","88.82","46.22","9481","0"
"EV107747","Tata","Nexon EV","Van","2024","Panasonic",,"32.31","AWD","37319.3","1.53","Private","BAT-10007747","369","96.39","51.55","31.37","96.2","3.559","0.0045","352.34","26.48","44.28","0.151","96.75","97.14","31.14","3.61","17","0.21","0.58","26.12","119.1","0.15","0.48","1","1","63.38","94.07","83.45","59.03","89.38","0.77","0.19","52.26","13.58","23.93","-3.04","75.49","308.03","Hilly","67.25","1015.6","98.38","9","1","57.98","7.03","11.23","30.7","0","0","1","40.96","15.53","93.06","88.82","47.92","11474","0"
"EV107937","GM","Cadillac Lyriq","Sedan","2021","Panasonic","NMC","54.52","RWD","162929.1","4.62","Fleet","BAT-10007937","962","89.27","53.75","22.01","89.19",,"0.0139","284.9","42.03","57.35","0.214","95.94","94.8","48.67","10.73","31","0.61","0.16","22.31","237.54","0.46","0.03","0","1","12.03","112.65","10.15","27.42","89.63","0.54","0.6","53.79","12.48","21.68","2.21","41.07","1250.15","Mountainous","68.63","308","96.82","14","0","85.96","39.41","18.64","32.94","1","2","0","48.76","46.96","64.48",,"15.92","9528","0"
"EV109282","Mercedes-Benz","EQE","Crossover","2020","Panasonic","LFP","129.43","RWD","108127","6.56","Fleet","BAT-10009282","1177","86.09","79.37","23.93","85.41","3.692","0.0031","354.43","29.61","37.26","0.31","95.93","96.82","111.43","13.91","2","0.18",,"159.55","49.85","0.84","0.35","2","2","118.05","134.92","5.61","96.6","85.54","0.58","0.58","109.68",,"53.02","43.3","30.78","1788.46","Hilly","68.95","748.3","82.88","2","0","75.88","18.87","5.3","0","0","2","2","29.39","52.62","85.44","74.75","40",,"0"
"EV117627","Audi","Q4 e-tron","SUV","2015","BYD Battery","NMC","64.89","FWD","111536.3","10.78","Fleet","BAT-10017627","1453","77.72","69.57","69.72","77.42","3.602","0.0315","334.99","35.39","43.18","0.634","96.76","94.29","50.43","22.28","33","0.45","0.36","74.18","48.57","0.01","0.02","1","2","71.29",,"38.95","26.12","9.19","0.25","0.23","31.18","46.41",,"41.12","31.33","893.93","Desert","60.26","1246.6","84.13","2","0","49.94","12.16","43.57","0","1","0","1",,"83.08","89.97","69.01","34.15","6825","0"
"EV104903","MG","ZS EV","Sedan","2015","Panasonic","LTO","111.4","AWD","116684.1","11.24","Private","BAT-10004903","1601","70.11","9.24","40.28","68.38","3.653","0.0158","328.77","30.61","39.42",,"94.8","95.32","78.1","29.89","14","0.14","0.62","43.72","156.73","0.67","0.62","2","2","118.32","113.36","17.3",,"54.49","0.46","0.21","72.37","9.46","21.42","-8.84",,"1903.37","Desert","23.37","1461","88.63","9","0","31.09","15.4","24.44","29.96","0","3",,"58.28","87.27","87.7","86.5",,"5122","0"
"EV113598","Tata","Tiago EV","Sedan","2016","SK On","NMC","140.01","FWD","172889","9.9","Private","BAT-10013598","1375","76.94","94.91","75.82","75.7","3.658","0.0104","299.96","32.16","48.63","0.579","94.86","94.61","107.72","23.06","15","0.28","0.55","32.29","348.42","0.87","0.03","1","0","27.35","15.18","80.9","38.36","66.55","0.18","0.91","13.23","-13.88","5.21","-30.67","28.29","2107.11","Hilly","59.58","1042.6","87.11","5","0","54.67","27.79","13.52","32.94","2","2","1","63.81","77.05","72.86","81.09","43.01","6615","0"
"EV107573","Kia","EV6","Crossover","2021","Northvolt","NMC","135.97","RWD","129370.3","5.45","Private","BAT-10007573","929","84.37","99.36","21.09","84.83","3.614","0.0172","354.17",,"45.98","0.41","96.49","94.28","114.72","15.63",,"0.13","0.74","9.95","600","0.11","0.68","1","2","84.12","65.36","27.12","56.62",,"0.85","0.19","62.15","-18.36","-13.34","-23.94","9.22","1421.35","Coastal","13.84","732.9","86.79","13","1","70.85","30.28","25.82","32.94","0","1","0","50.47","45.27","65.87",,"33.76","7750","0"
"EV115748","GM",,"Crossover","2018","BYD Battery","NMC","61.64","RWD","128458.8","8.07","Private","BAT-10015748","924","86.25","37.49","42.77",,"3.544","0.0054","304.78","45.94","51.58","0.332","96.74","95.45","53.16","13.75","11","0.47","0.43","10.35","566.61","0.61","0.98","0","0",,"63.26","97.77","23.5","47.23","0.23","0.81","107.78","16.76","32.26","9.35","48.61","218.95","Desert",,"1415.8","93.9","26","0","46.93","27.71","10.75","32.94","0","1","1",,"58.8","74.6","85.56","56.53","8036","0"
"EV110463","BMW","iX1","Hatchback","2015","Panasonic","LFP","110.23","AWD","198425.8","10.85","Fleet","BAT-10010463","2119","72.54","26.4","53.66","70.99","3.742","0.0014","362.97",,"48.23","0.451","95.52","95.36","79.96","27.46","29","0.69","0.07","105.91","57.74","0.15","0.12","1","0","69.19","58.23","73.18","82.61","59.12","0","0.72","66.07","24.98","37.25","13.81","17.81","1474.2","Hilly","44.54","672.8","83.57","30","0","76.38","24.5","5.71","23.25","0","0","2","68.42","100","76.91","69.56","51.06","4599","0"
"EV118251","Rivian","R1S","SUV","2021","Northvolt","LMO","95.27","FWD","139040.4","4.75","Fleet","BAT-10018251","1188","92.21","26.54","45","92.82","3.621","0.0282","325.89","35","54.13",,"98.09","96.25","87.85","7.79","31","0.19","0.64","20.8","274.93","0.37","0.92","0","0","100.75","74.66","57.84","83.86","71.56","0.91","0.72","46.6","43.35","53.1","25.07","96.61","2615.35","Desert","1.01","965.2","78.45","8","1","52.99",,"40.6","10.78","0","0","1","24.95","46.8","72.57","99.75","36.88","9305","0"
"EV113484","Mahindra","BE 6","Van","2021","Guoxuan","NMC","33.31","FWD","192163.2","5.13","Private","BAT-10013484","1313","80.21","3.14","52.88","79.75","3.427","0.0056","332.42","55.78","65.04","0.506","95.55","94.62","26.72","19.79","18","0.45","0.35","20.1","90.36","0.79","0.73","0","0","14.69","80.21","75.64","14.83","83.54","0.31","0.15",,"24.25","43.3","16.19","44.84","1304.7","Mountainous","37.62",,"86.48","29","3","48.16","58.04","15.05","32.94","2","1","1","62.25",,"43.6","93.6","34.45","8477","1"
"EV114827","Hyundai","Kona Electric","SUV","2016","Guoxuan","LFP","101.4","FWD","99535","10.46","Private","BAT-10014827","952","64.19",,"69.15","63.41","3.429","0.0077",,"14.63","30.8","0.856","94.62","92.06","65.09","35.81","22","0.79","0","83.32","119.62","0.55","0.04","2","0","97.58","10.79","94.22","86.58","15.3","0.52","0.39","7.89","24.82","31.15","19.49","92.79","1163.68","Coastal","45.33","239.4",,"12","0","83.92","3.76","12.47","5.98","1","1","0","65.42","81.77","94.01","69.93","58.87","5749","0"
"EV112274","BYD","Atto 3","Crossover","2019","LG Energy Solution","LFP","53.37","FWD",,"7.41","Fleet","BAT-10012274","781","82.99","14.31","49.37","83.62","3.381","0.0033","344.86","29.09","39.4","0.388",,"94.11","44.29","17.01","27","0.55","0.37","6.93","568.1","0.87","0.09","0","2","12.63","54.38","65.76","91.39","56.01","0.3","0.92","25.91","-22.73","-16.26","-41.15","65.94","496.99","Mountainous","6.64","94.7","89.55","26","0","100","4.24","8.12","32.94","2","1","1","66.16","59.74","96.82","69.14","47.79","6883","0"
"EV119796","Renault","Megane E-Tech","SUV","2024","SK On","LFP","73.51","FWD","216013.8","2","Fleet","BAT-10019796","1583","89.3","38.08","36.66","88.84","3.232","0.0154",,,"52.05","0.241","97.06","94.82","65.64","10.7","29","0.17","0.71","54.05","73.29","0.92","0.38","2","1","94.45","52.93","99.51","38.41","44.11","0.13","0.73",,"17.13","29.86","5.72","79.83","1723.5","Coastal","54.84","76.3","90.57","14","0","98.86","28.63","20.17","32.94","1","0","1","48.17","46.58","70.6","79.4","59.54","8864","0"
"EV118873","Volvo","EX30","Sedan","2018","Panasonic","LFP","130.09","RWD","173210","8.32","Fleet","BAT-10018873","1408","85.36","36.2","18.1","84.67","3.548","0.0018","347.7","27.43","38.41","0.254","96.87","94.57","111.04","14.64","21","0.33","0.54","43.9","164.37","0.08",,"0","1","98.14","88.56","42.01","58.69","39.57","0.4",,"141.76","18.97","26.13","9.16","71.15","2461.26","Hilly","47.83","1028.3","90.68","13","0","52.88","14.83","2.36","19.44","0","3","0","38.96","69.06","85.52","94.34",,"8842","0"
"EV119511","Rivian","R1T","Sedan","2017","SK On","LMO","75.94","FWD","162781","9.11","Private","BAT-10019511",,"91.25","74.15","47.24","91.44","3.528","0.0241","289.3","15.25","34.72","0.361","96.77","97.25","69.3","8.75","22","0.4","0.46","23.62","318.81","0.56","0.79","0","0","75.47","130","97.3","98.3","73.72","0.72","0.04","143.44","1.45","11.44","-10.1","71.56","2255.23",,"58.73","1116.3","90.92","21","0","45.81","8.22","33.08","32.94","1","0","1","44.48","64.44","90.09","87.12","72.42","8655","0"
"EV118415","Audi","e-tron GT","SUV","2021","BYD Battery","NCA","136.31","RWD","95415.4","5.21","Private","BAT-10018415","886","83.7","13.68","71.33","82.89","3.521","0.0123","253.51","4.88","25.81","0.436","96.92","95.56","114.09","16.3","27","0.2","0.64","31.3","328.79","0.66","0.62","0","1","62.03","132.89","45.19","96.91","74.92","0.14","0.84","181.59","3.73","15.85","-15.2","93.53","1188.86","Desert","31.68","1371.7","92.97","7","1","41.7","8.07","20.28","22.08","0","1","2","52.67","50.26","91.74","89.03","58.31","7698","0"
"EV101399","Porsche",,"Sedan","2019","Panasonic","LTO","50.84","AWD","75843.3","6.93","Private","BAT-10001399","635","87.5","98.81","31.12","88.17","3.709","0.0006","307.85","2.15",,"0.395","96.19","96.61","44.48","12.5","8","0.57","0.35","81.04","53.2","0.68","0.23","1","0","14.87","34.99","38.22","44.28","77.18","0.96","0.57","28.25","-7.29","2.82","-20.79","10.29","2417.52","Coastal","43.06","1280.8","96.03","13","0","55.58","6.43","3.11","22.34","0","0","0","46.24","46.05","95.04","80.06","29.91","9418","0"
"EV114176","MG","ZS EV","SUV","2019","Guoxuan","NMC","85.01","FWD","137360","6.75","Fleet","BAT-10014176","984","82.16","26.33","63.08","81.89","3.569","0.0053","271.24","17.6","27.65","0.376","97.2","95.11","69.84",,"13","0.08","0.85","28.58","225.62","0.56","0.51","0","0","75.52","97.34","0.4","14.51","76.69","0.85","0.8","19.66","-9.35","2.87","-18.8","86.87","267.14","Mountainous","76.63","1313.5","87.02","21","2","39.01","8.01","11.03","32.94","1","1","0","50.77","63.72","93.58","100","10.58",,"0"
"EV116521","Nissan","Leaf","Sedan","2016","SK On","NMC","133.74","FWD","225519.8","9.63","Private","BAT-10016521","1415","84.89","27.63","51.43","85.75","3.569","0.0053","353.33","19.42","38.5","0.407","95.75","95.63","113.53","15.11","24","0.24","0.66","46.55","291.37","0.62","0.62","0","1","104.43","51.86","35.33","48.95","58.07","0.89","0.12","53.95","-1.13","9.88","-19.52","12.33","1808.44","Coastal","80.21","803.6","85.3","10","0","62.13","7.33","6.98","32.94","0","1","1","58.52","75.03","90.68","97.03","35.82","7301","0"
"EV114026","Volvo","XC40 Recharge","SUV",,"BYD Battery","LTO","108.21",,"282729.1","8.21","Private","BAT-10014026","2093","85.25","38.73","75.62","84.51","3.406","0.009","255.45","26.02","31.28","0.365","96.54","94.6","92.25","14.75","14","0.46","0.31","22.21","384.25","0.01",,"1","1","79.33","122.23","78.48","27.52","86.6","0.51","0.33","205.3","3.38","9.97","-14.32","14.89","796.31","Mountainous","20.78","1189.6","87.23","8","1","49.61","14.88","14.16","27.9","2","3","0","63.79","87.39","82.42","77.51","60.44","6771","0"
"EV112939","Hyundai","Ioniq 5","Crossover","2018","Panasonic","NMC","134.38",,"157182",,"Fleet","BAT-10012939","1375","75.22","98.46","39.31","72.45","3.818","0.0013","385.62","34.69","53.46","0.641","95.96","95.66","101.08","24.78","33","0.37","0.45",,"169.25","0.3","0.81","1","0","115.83","24.38","21.96","24.28","77.09","0.74",,"38.06","22.51","30.8",,"12.32","1437.42","Flat","57.21","420.5","85.05","30","0","83.02","41.57","5.65","30.95","1","3","0","50.09","65.32","53.78","90.64","18.24","6942","0"
"EV103733","MG","Comet EV","Van","2018","SK On","NMC","139.44","AWD","154286.3","7.78","Private","BAT-10003733","1250","89.81","95.75","56.05","88.4","3.566","0.0062","324.51","15.23","30.83","0.294","97.49","96.21","125.23","10.19","25","0.06","0.77","20.74","600","0.82","0.63","0","1","90.22","15.37","22.78",,"7.19","0.5","0.05","42.61","4.7","18.15","-13.3","16.63","1275.06","Flat","20.12","855.2","87.39","12","4","44.69","13.2","18.44","26.13","1","3","0","47.03","59.93","86.76","91.79","43.6","8513","0"
"EV110780","Audi","Q4 e-tron","Hatchback","2016","Northvolt","LFP","68.18","FWD","157003.8","9.96","Private","BAT-10010780","1541","79.76","85.05",,"79.6","3.433","0.0016","302.1",,"27.88","0.45","95.48","96.42","54.38","20.24","9","0.25","0.56","54.84","91.69","0.78","0.15","1","1","24.61","99","36.64","16.75","78.81","0.88","0.71","39.87","-5.17","8.23","-11.74","32.88","1258.88","Mountainous","14.93","29.5","84.42","16","1","90.98","11.75","5.21","32.94","3","1","0","62.01","83.76","86.82","81.05","25.1","6143","0"
"EV109098","Volvo","XC40 Recharge","Van","2015","SK On","LMO","39.55","FWD","401055.8","11.22","Private","BAT-10009098","2477","60.81","32.24","11.83","61.33","3.725","0.0222","279.38","14.63","26.51","0.876","94.99","91.67","24.05","39.19","29","0.54","0.43","24.26","93.79","0.17","0.98","0","0","90.48","131.3","37.3","52.36","2.25",,,"103.8","5.01","23.33","-12.84","23.02","988.15","Flat",,"310.7","91.85","27","1","87.26","0","34.52","21.5","0","2","0","60.57","100","100","91.63","52.22","3889","0"
"EV116843","Kia","EV6","Crossover","2021","BYD Battery","LMO",,"AWD","127999.3","4.77","Private","BAT-10016843","702","86.04","2.65","74.74","85.67","3.43","0.0364","336.14",,"47.47","0.276","96.13","94.38","40.08","13.96",,"0.25","0.66","24.25","150.61","0.39","0.87","0","1","19.09","106.74","69.01","30.45","91.01","0.36","0.7","73.23","2.65","22.22","-6.14","75.85","1060.61","Coastal","14.96","233.2","85.92","30","2","86.06",,"54.21","32.94","0","2","2","63.16","43.22","74.12","98.76","37.77","8648","0"
"EV117165","Hyundai","Ioniq 5","Crossover",,"CATL","NMC","33.72","AWD","189830.2","3.03",,"BAT-10017165","1807","91.89","26.02","51.85","93.13","3.627","0.0091","326.43","39.68","58.35","0.345","97.67","95.09","30.99","8.11","3","0.59","0.34","110.43","29.43","0.39","0.44","2","0","52.49","71.1","19.11","90.59","66.44","0.03","0.62","66.6","32.41",,"14.74","8.39","1847.32","Coastal","63.02","489.3","82.94","4","1","82.52","57.54","16.09","25.94","0","3","0","48.71","53.26","43.53","79.53","40.82","8788","0"
"EV107980","Nissan","Leaf","SUV","2024","Northvolt","NMC","78.84","RWD","300362.4","1.88","Fleet","BAT-10007980","1832","89.09","80.73","41.1",,"3.627","0.0001","344.56","27.02","36.87","0.368","97.57","95.79","70.24","10.91","21","0.45","0.54","18","369.98",,,"0","0","92.48","19.38","75.79","22.22","16.31","0.46","0.41","12.25","26.21","38.29","21.99","90.69","129.41","Hilly","99.53","309.3","97","12","0","88.64","8.83","4.09","10.66","0","1","1","41.95","41.52","90.75","94.2","43.29","9139","0"
"EV105371","BMW","i4","Hatchback","2024","LG Energy Solution","LFP","130.25","RWD","161682.5","1.71","Private","BAT-10005371","1166","95.25","89.31","49.39","96.1","3.711","0.0002","300.59","21.02","38.3","0.234","96.55","95.94","124.06","4.75","40","0.62","0.26","12.86","600","0.5","0.2","1","1","80.03","138.78","69.33","64.36","80.9","0.69","0.86","112.79","0.45","18.72","-12.46","33.37","2325.87","Flat","22.92","1303.6","91.27","23","2","40.34","6.62","8.03","32.94","1","2","1","51.01","38.38","95.49","74.99","53.39","10035","0"
"EV111429","Rivian",,"Van","2020","Panasonic","LFP","122.45","FWD","178309.4","6.15","Private","BAT-10011429","1322","84.41","60.03","14.16","82.79","3.708","0.017","281.81","23.2","30.99","0.401","95.83",,"103.36","15.59","36","0.08","0.89","68.41","89.53","0.34",,"0","0","105.13","28.51","36.57","73.33","76.02","0.16","0.57","21.23","13.37","29.47",,"51.18","312.6","Hilly","59.74","1053.3","91.23","15","1","51.95","10.64","24.13","17.62","1","2","1","26.42","60.15","87.93","100","36.52","9973","0"
"EV102217","Rivian","R1T","Hatchback","2024","SK On","NMC","33.97","AWD","77918","2.49","Fleet","BAT-10002217","390","94.48","34.89","66.35","93.76","3.616","0.007","365.22","36.51","54.61","0.254","97.14","97.54","32.09","5.52","4",,"0.68","21.67","101.17","0.1","0.81","2","0","61.93","11.75","73.74","58.53","20.05","0.17","0.4","6.75",,"19.14","-9.22","20.73","644.93","Hilly","91.01","595.1","93.16","5","2","74.57","45.05","13.43",,"1","5","1","54.88","18.28","54.68","89.91","40.46","9808","0"
"EV119924","Lucid","Air","Hatchback",,"Northvolt","LMO",,"FWD","95805.2","8.66","Private","BAT-10019924","930","82.01","95.47","85.58","81.16","3.505","0.0082","252.36","27.21","48.51","0.35","95.63","95.18","48.52","17.99","18","0.14","0.76","27.26","118.54","0.63","0.44","2","0","18.23","39.47","34.92","71.02","99.42","0.35","0.62","24.49","41.56",,"32.22","83.81","2153.65","Mountainous","76.87","421.2","79.43","13","1","82.72","28.92","13.41","6.95","0","1","0","43.79","63.45","70.55","90.2","19.86","7673","0"
"EV107737","Ford","Mustang Mach-E","SUV","2018",,"LFP","89.57","FWD","232886.7","7.78","Private","BAT-10007737","1901","73.45","4.62","63.24","74.21","3.501","0.0096","304.59","26.71","36.75","0.436","94.79","95.63","65.79","26.55","21","0.12","0.86",,"360.16","0.65","0.45","1","0","68.6","4.44","64.01","66.06","64.56","0.38","0.36","3","46.39","53.98","34.83","51.31","806.48","Mountainous","85.89","1494.4","83.91","18","0","39.52","15.24","12.94","0","0","0","2","32.77","79.32","87.58","94.53","34.24","7153","0"
"EV117895","Tata","Nexon EV","Van","2022","CATL","LTO","147.17","FWD","79784.2","4.36","Private","BAT-10017895","1068","85.11","85.09","35.94","88.07","3.514","0.0047","358.43","5.89","27.44","0.439","97.2","96.47","125.26","14.89","7","0.25","0.54","12.75","600","0.01","0.46","5","0","23.55","116.77","38.04",,"39.54","0.34","0.72","81.32","18.88","29.2","13.13","5.71","1561.89","Mountainous","71.5","186.7","88.15","27","0","97.43","5.49","8.46","8.56","0","0","0","31.12","51.59","97.53","82.92","53.8","10185","0"
"EV102387","Tata","Tiago EV",,"2017","LG Energy Solution","NMC","83.17","FWD","208746","9.05","Private","BAT-10002387","1284","78.29","24.72","44.31","78.38","3.53","0.0034","285.93","31.34","42.72","0.348","95.47","94.35","65.11","21.71","36","0.3","0.51",,"260.74","0.54","0.33","1","1","114.77","44.6","68.31","73.5","33.46","0.92","0.73","23.18","-16.29","-1.81","-32.86","7.54","1605.76","Flat",,"311.9","89.69","18","1","88.25","16.51","8.1","32.94","1","1","1","62.98","81.52","86.76","80.91","51.48","7157","0"
"EV107291","Renault","Megane E-Tech",,"2017","LG Energy Solution","NMC","31.55","RWD","211052.3","9.06","Fleet","BAT-10007291","1765","66.45","59.58","40.85","66.52","3.525","0.0014","313.72","35.81","56.74","0.818","95.36","92.01","20.96","33.55","8","0.42","0.48","54.38","52.45","0.32",,"2","0",,"53.34","68.9","97.42","30.53","0.51","0.09","48.36","41.84","54.83","35.06","17.8","90.19","Flat","44.91","346.3","74.21","30","0","91.15","47.7","2.16","14.9","0","1","0","47.5","90.22","47.32","90.17","58.03","5054","0"
"EV107896","Renault","Megane E-Tech","Hatchback","2015","LG Energy Solution","LTO","140.77","AWD","277549.3",,"Fleet","BAT-10007896","2027","62.21","11.45",,"61.28","3.499","0.0051","325.41","38.38","49.7","0.732","94.32","91.61",,"37.79","14","0.52","0.28","52.39","186.14","0.24","0.25","1","0","105.9","30.01","68.53","59.96","76.14","0.66","0.49","30.23","13.71","27.53","6.84","8.83","2328.06",,"58.82","206.9","86.9","22","1","90.74","27.6","8.66","32.94","0","2","0","71.45","100","75.19","77.24","33.8","3841","1"
"EV100209","Mahindra","XUV400","Truck","2023","Panasonic","LMO","51.42",,"52016.5","3.05","Fleet","BAT-10000209","625","89.05","12.77","29.66","88.74","3.728","0.0088","372.8","17.59","27.46","0.381","96.76","96.5","45.79","10.95","2","0.24","0.75","38.28","87.38","0.75","0.81","1","0","79.31","98.27","81.43","57.67","38.02","0.77","0.39","94.66","29.78","41.24","19.82","70.95","1794.29","Coastal","88.25","1021.9","86.12","0","0","58.69","6.14","13.23","0","2","1","0","23.66","23.3","93.48","95.42","56.82","10146","0"
"EV105470","GM","Chevrolet Bolt","Sedan","2019","CATL","LFP","52.68","AWD","255696.9","6.87","Private","BAT-10005470","2232","82.4","84.46","31.94","82.29","3.501","0.0099","343.1","9.21","28.12","0.3","96.29","96.87","43.41","17.6","9","0.35","0.5","33.89","88.03","0.07","0.57","1","1","113.25","90.39",,"80.79","61","0.58","0.85","62.7","33.4","48.39","22.56","30.94","1073.62","Coastal","18.63","457","82.76","25","1","83.87","8.14",,"0","0","0","1","32.34","75.9","93.6","89.45","59.82","7819","0"
"EV114697","GM","Cadillac Lyriq","Crossover",,"LG Energy Solution","LFP","102.9","AWD","199577.8","10.81","Private","BAT-10014697","1447","67.13",,"61.21","66.42","3.514","0.0035","312.75","20.36","28.82","0.8","95.67","93.51","69.08","32.87","21","0.65","0.31","74.21","68.65","0.45","0.23",,"1","70.02","128.41","78.62","14.64","7.82","0.85","0.25","125.43","24.65","37.44","21.51","64.14","590.01","Coastal","57.28","218.6","82.59","8","1","94.69","10.75","8.52","4.17","3","0","4","60.86","83.91","91.4","67.83","54.9","6213","0"
"EV114331","Volvo","XC40 Recharge","Truck","2024","Panasonic","LFP","62.66","RWD","102260.5","2.16",,"BAT-10014331","954","93.13","22.15","35.4",,"3.611","0.015","335.82","18.61","33.28","0.153","98.06","96.8","58.36","6.87","30","0.07","0.68","9.78","331.93","0.74","0.47","3","1","114.66","108.08","2.22","31.46","22.28","0.27","0.01","144.04","22.91","32.41","5.97","91.52","631.7","Coastal","36.84","399.4","91.75","9","0","76.48","11.55","21.36","10.37","0","0","0","22.53","29.25","88.85","84.83","47.45","10609","0"
"EV115580","Volkswagen","ID.4","Van","2022","SK On","LTO","50.1","FWD","114339","4.09","Private","BAT-10015580","747","85.03","7.72","35.46","85.23","3.607","0.0305","324.63","7.39","28.67","0.419","95.87","95.06","42.6","14.97","2","0.46","0.47","11.39","409.65","0.62","0.88","1","0","39.09","117.67","76.44","54.93","79.41","0.51","0.97","78.82","-7.84","5.15","-11.49","28.8","2371.41","Mountainous","75.67","1149.9","91.62","15","0","57.27","9.62","41.3","32.94","0","3","0","52.97","37.01","88.68",,"48.9","8726","0"
"EV110360","Tata","Nexon EV","SUV","2016","Envision AESC","LFP","133.56","AWD","168396.2","10.34","Private","BAT-10010360","1904","71.57","96.43","40.57","69.65","3.602","0.0034","345.79","25.11","41.34","0.719","95.25","92.72","95.59","28.43","37","0.67","0.17","19.49","474.56","0.8","0.87","1","0","77.46","78.3","30.77","18.16","6.84","0.74","0.58","33.5","20.39","37.56","7.46","6.31","2516.03","Hilly","98.21","975.4","87.83","9","2","57.55","9.83","10.81","20.95","1","0","1","57.39","85.18","90.17","89.57","24.11","5461","0"
"EV101043","Nissan","Ariya","Truck","2017","SK On","NMC","126.86","AWD","166178.2","9","Fleet","BAT-10001043","1812","77.93","20.54","22.84","77.91","3.546","0.0213","258.86",,"13.87","0.408","96.49","93.99","98.86","22.07","14","0.24","0.74","18.65","600","0.03","0.01","0","0","88.37","126.69","50.64","92.92","80","0.58","0.29","79.82","-19.78","-4.78","-37.93","28.03",,"Mountainous","41.42","1357.7","90.41","4","2","43.76","5.88","34.63",,"0","1","1","49.88","82.74","94.75","88.14","44.85","6300","0"
"EV102617","BMW","i4","SUV","2018",,"NMC","77.86","AWD","139434.2","8.2","Private","BAT-10002617",,"81.98","45.32","47.74","81.71","3.661","0.0048","296.54","20.74","32.96","0.328","97.07","94.96","63.83","18.02","19",,"0.4","32.04","138.83","0.13","0.55","1","0","61.34","135.7","89.43","34.51","93.82","0.49","0.45",,"37.61","42.88","30.79","85.81","1186.67",,"50.12","853.2","87.04","14","0","67","10.87","8.46","0","0","1","0","45.29","63.67","88.83","82.19","53.99","7680","0"
"EV105023","Honda","e:N1","Truck","2022","Northvolt","NMC","134.13","FWD","170780.5","3.85","Private","BAT-10005023","1107","87.92","41.69","20.14","86.45",,"0.0426","363.69","30.96","47.43","0.329","96.45","96.4","117.93","12.08","26",,"0.83","12.17","600","0.13","0.16","1","0","15.02","20.27","89.08","32.3","79.25","0.43","0.82","19.39","19.14",,"5.94","13.27","1052.53","Hilly","0.92","501.3","96.34","17","2","75.82","24.1","63","28.29","1","4","0",,"35.91","73.41","91.96","38.07","9663","0"
"EV101091","Lucid",,"Hatchback","2017","Envision AESC","LFP","117.33","RWD","257410","8.99","Private","BAT-10001091","1707","68.12","27.41","67.85","68.63","3.49","0.0223","310.61","22.05","35.3","0.736","95.1","93.38","79.93","31.88","8","0.15","0.62",,"79.79","0.4","0.23","2","1","21","83.39","35.12","24.77","43.15",,"0.79","105.57","40.26","49.8","20.87","21.73","666.16","Desert","32.41","1388.4","83.97","6","2","37.09","15.75","34.83","0","0","0","0",,"87.06","81.46","84.78","34.69","6716","0"
"EV111403","Kia","EV6","Sedan","2015","BYD Battery","NMC","105.76","AWD","192872.8","11.36","Private","BAT-10011403","1893","84.18","44.11","62.53","83.61","3.53","0.0274","328.29","34.91","41.51","0.486","96.71","94.38","89.03","15.82","16","0.44","0.55","31.11","305.09","0.34","0.49","1","1","55.54","119.47","98.28","36.59","90.17","1","0.09","201.68",,"66.5","32.95","20.11","1236.46","Hilly","62.26","1339.1","69.34","11","0","39.16","16.53","39","0","0",,"0","44.64","98.89","80.28","80.59","65.87","7216","0"
"EV100958","Ford","Mustang Mach-E","Van","2024","Envision AESC","LTO","37.72","FWD","75794.9","2.18","Fleet","BAT-10000958","529","91.75","94.47","47.76","92.78","3.692","0.0072","369.2",,"32.45","0.301","97.35","97.43","34.61","8.25","6","0.43","0.41","42.8","69.8","0",,"1","1","11.36","128.15","66.46","60.09","19.96","0.34","0.56","129.25","21.94","40.96","17.9","91.93","1967.09","Coastal","77.73","1092.3","93.29","0","1",,"13.77","12.1","10.51","0","0","1","28.37","22.83","88.28","90.51","56.57","10379","0"
"EV111873","Tata","Tiago EV","SUV","2021","Panasonic","LMO","123.17","FWD","87343.8","4.87","Private","BAT-10011873","908","83.52","46.59","36.93","84.46","3.763","0.0074","334.91","17.37","38.17","0.456","95.98","96.52","102.87","16.48","39","0.3","0.59","11.66","600","0.73","0.88","1","1","82.59","30.06","52.34","51.08","88.94","0.03","0.32","22.18","46.07",,"33.69","86.75","1845.81","Flat","51.95","755.9","84.25","12","0","74.13","3.44","10.64","0","0","0","0","33.2","46.48","95.21","93.89","19.69","9210","0"
"EV116796","Mercedes-Benz","EQE","Hatchback","2017","Northvolt","NMC","101.93","RWD","343454.5","8.33","Private","BAT-10016796","2446","80.41","29.04","54.25","80.09","3.737","0.0323","310.17","26.43","32.23","0.396","95.73","95.34","81.96","19.59","6","0.39","0.51",,"430.54",,"0.51","1","0","116.92","92.03","22.6","36.93","41.74","0.83","0.96","76.8","42.52","53.84","29.73","86.88","33.33","Mountainous","65.85","460.1","84.94","30","2","68.47","6.68","49.38","0","1","0","0","26.91","89.53","94.84","87.74","37.49","6679","0"
"EV111261","Mercedes-Benz","EQA","Crossover","2022",,"NMC","53.8","AWD","123316.1","3.93","Fleet","BAT-10011261","1058","84.49","19.08","66.58",,"3.331","0.0074","233.17","35.88","52.75","0.431","96.28","94.27","45.46","15.51","11","0.09","0.72","35.48","134.91","0.65","0.9","0","1","45.41","30.47","45.79","60.6","34.3","0.07","0.75","21.95","-0.86","5.29","-7.39","45.34","1656.74","Coastal",,"379.6","95.01","9","2","83.39","30.99","14.86","32.94","1","1","2","56.67","42.53","71.05","100","44.61","9167","0"
"EV105823","Honda","Prologue","Hatchback","2024","Panasonic","NMC","55.92","AWD","58424.3","1.8","Private","BAT-10005823","470","92.63",,"29.59","90.5",,"0.0008","350.84","21.2","35.04","0.289",,"95.86","51.8","7.37","4","0.56","0.29","32.5","145.28","0.38","0.22","0","0","72.97","35.35","92.42","70.89","79.66","0.49","0.81","45.31","-23.92","-14.53","-37.07","81.96","1544.02","Coastal","1.4",,"94.32","24","0","79.06","0","2.12","32.94","1","1","2","57.01","16.46","100","82.58","56.08","10090","0"
"EV117689","Audi","e-tron GT","Crossover","2024",,"LFP","68.71","FWD","159617.1","2.16","Private","BAT-10017689","1298","88.26","56.92","32.64",,"3.54","0.0241","364.62","20.47","32.69","0.4","97.66",,"60.64","11.74","9","0.38","0.54","43.47","156.55","0.88","0.76","1","2","78.98","87.06","19.41","72.27","66.71","0.64","0.18","83.6","24.02","30.3","17.72","82.19","403.56","Coastal","70.44","360.5","96.36","21","1","80.57","3.05","37.27","8.67","0","0","0","33.48","43.31","98.58","82.8","32.89","9448","0"
"EV103372","Renault","Megane E-Tech","Sedan","2015","Envision AESC","NMC","77.17","AWD","267364.9","11.05","Fleet","BAT-10003372","2113","83.38",,"36.65","81.97","3.496","0.0034","311.14","35.94","48.51","0.347","96.52","95.66","64.34","16.62","16","0.22","0.54","31.66","138.21","0.35","0.89",,"1","111.95","9.46","58.96","72.77","48.11","0.36","0.95","6.65","30.44","35.83","23.46","33.7","767.96","Mountainous","72.89","1336.9","91.61","29","2","39.63","19.26","9.45","18.07","0","0","1","48.74","96.32","76.27","93.92","37.04","5841","0"
"EV117148","Ford","Mustang Mach-E","Crossover","2019","BYD Battery","NMC","103.43","RWD","205096","6.61","Private","BAT-10017148","1477","82.76","32.7","16.78","81.39","3.568","0.0031","338.96","39.87","61.38","0.46","96.38","96.29","85.6","17.24","21","0.74","0.25","43.23","141.43","0.74","0.56","0","1","30.29","140.83","40.06","4.94","1.77","0.27","0.12","116.67","47.68","63.49","35.42","16.45","159.13","Mountainous","8.4","643.3",,"19","0","66.28","56.03","5.15",,"0",,"2","43.01","65.18","41.76","79.62","36.46","7689","0"
"EV110974","Ford","F-150 Lightning","Hatchback","2016","Envision AESC","LMO","111.49","AWD","148209.8","9.84","Private","BAT-10010974",,"78.86","60.17","23.21","78.9","3.515","0.0108","316.35","1.32","20.54","0.493","96.56",,"87.92","21.14",,"0.31","0.57","45.51","208.82","0.93","0.28","0","1","34.08","86.21",,"72.35","96.67","0.74","0.88","108.55","-21.97","-4.2","-32.61","17.45",,"Coastal","66.36","1284.7","92.17",,"0","51.32",,"17.49","32.94","1","1","1","54.1","78.93","93.54","95.72","51.49","7059","0"
"EV119393","Audi","Q4 e-tron","Truck","2021","Northvolt","LMO","46.95","FWD","113359.9","5.34","Private","BAT-10019393","845","90.95","33.24","51.95","92.92","3.55","0.0102","330.15","30.58","37.74","0.332","96.33","97.89","42.7","9.05","41","0.42","0.55","34.67","105.88","0.03","0.49","1","0","98.18","20.56","57.84","8.22","39.35","0.29","0.48","21.39","0.42","16.66","-15.58","10.91",,"Hilly","68.23","90.4","96.08","1","2","77.94","7.34","17.76","32.94","1","0","0","58.89","46.45","89.06","89.19","26.02","8501","0"
"EV116476","Kia","EV9","Truck","2019","Panasonic","NCA","48.11","RWD","125364.7","7.03","Private","BAT-10016476","931","82.7","69.46","45.74","82.89","3.567","0.0071",,"22.22",,"0.408","95.67","94.72","39.79","17.3","12",,"0.52","79.84","31.85","0.83","0.94","0","1","63.57","87.52","84.97","54.24","10.38","0.62","0.45","141.23","10.86","30.25","1.77","64.3","724.25","Mountainous","21.91","1062.9","85.67","1","0","52.66","10.83","12.37","19.27","2","1","1","51.92","55.83","86.13","88.1","67.69","8133","0"
"EV107438","Rivian","R1S","Van","2019","Envision AESC","NCA",,"RWD","182698.7","7.07","Private","BAT-10007438","1319","74.65","10.52","57.48","76.31","3.431","0.0013","281.34","35","55.52","0.495","96.28","93.36","40.02","25.35","35","0.77","0.16","42.28","90.41","0.34","0.23","2","1","80.4","40.77","60.44","57.17","71.77","0.74",,"39.65","31.86","46.51","11.88","57.29","1405.24",,"26.91","545.2","86.47","11","0","87","43.93","4.12","23.66",,"2","0","59.39","70.57","57.3","61.48","41.87","7404","0"
"EV102248",,"Macan Electric","SUV","2018","SK On","NMC","50.47","FWD","268001.1","7.82","Private","BAT-10002248","2021","83.91","7.4",,"84.43","3.536","0.0087","300.56","31.95","45.66","0.312","96.11","96","42.35","16.09","19","0.44","0.4","28.91","161.82","0.7","0.98","0","0",,"101.16","56.05","6.72","75.12","0.39","0.37","104.92","-19.86","-6.54","-38.37","96.31","1022.24","Flat","22.15","691.4","91.85","27","0","72.36","11.37","14.95","32.94","1","1","0","54.39","75.92","89.12","99.92","33.66","6977","0"
"EV101130","GM","Cadillac Lyriq","Van","2020","Guoxuan","LFP","105.25","RWD","201452.4","5.71","Fleet","BAT-10001130","1717","85.51","3.12",,"87.72","3.708","0.0303","307.76","29.92","37.71","0.423","96.46","95.58","90",,"35","0.2","0.75","22.96","270.43","0.73","0.1","1",,"85.94","22.27","26.22","93.68","96.37","0.87","0.8","31.33","32.81","52.01","19.28","96.66","480.15","Hilly","52.33","41.6","78.07",,"0","92.42","13.67","39.84","4.9","0","3","1","35.13","60.12","82.53","82.25","23.98","8112","0"
"EV104411","Lucid",,"Hatchback","2023","Panasonic","LFP","88.77","RWD","103288.6","3.51","Private","BAT-10004411","978","93.05","24.03","61.19","93.93","3.767","0.0014","316.43","17.36","33.5","0.144","96.59","95.87","82.6","6.95",,"0.63","0.2","19.65","357.91","0.16","0.15","2","0","51.67","21.65","86.95","24.5","48.19","0.02","0.24","26.04","-18.87","1.06","-36.76","35.78","807.12","Mountainous","43.88","722","96.56","21","1","65.65",,"7.73","32.94","0","3","2","60.3","40.89","94.89","71.33","41.77","9336","0"
"EV108768","Volkswagen","ID.3","Van","2019","Northvolt","NMC","62.88","AWD","229411.1","6.95","Fleet","BAT-10008768","1589","71.04","55.88","50.21","71.43","3.733","0.0027","324.77","49.7","69.01","0.689","94.65","93.63","44.67","28.96","14","0.41","0.56","38.67",,"0.01","0.29",,,"42.82","30.79","35.94","64.46","22.11","0.91","0.15","22.66","37.31","55.11","25.63","59.89","1205.05","Hilly","69.16","695","76.8","22","0","72.12","73.5","7.24","31.7","1",,"0","57.33","75.37","25.88","81.18","33.41","6481","0"
"EV104239","Mercedes-Benz","EQE","SUV","2022","LG Energy Solution","LFP","122.52","FWD","88674.3","3.46","Private","BAT-10004239","790","88.32","79.06","36.27","88.96","3.734","0.0222","265.11","18.26","38.68","0.355",,"97.37","108.21","11.68","14","0.61","0.17","43.89",,"0.35","0","2","2","72.99","79.16","5.18","39.95","89.87","0.76","0.73","71.86","27.01","33.66","12.73","78.98","2259.15","Mountainous","79.32","248.6","90.96","14","1","82.89","10.76","34.77","11.67","1","2","2","45.35","37.35","90.03","64.67","12.61","9822","0"
"EV103625","Volvo","EX30","Truck","2018","Envision AESC","LFP","57.9",,"108307.8","7.95","Private","BAT-10003625","1041","77.42","68.41","30.8","78.81","3.601","0.003","302.48","22.4","42.88","0.584","96.58","94.38","44.83","22.58","22","0.27","0.71","11.2","320.79","0.53","0.21","2","1","67.13","95.42","51.53","17.16","97.19","0.84",,"142.31","11.19","22.22","-8.17","48.32","2508.28","Coastal","97.22","586.9","86.06","16","2","73.17","23.59","8.3","31.69","1","0","0","52.87","66.18","75.85","94.3","36.1","7984","0"
"EV109510","Mahindra","XUV400","Truck","2023","Envision AESC",,"54.86","RWD","115651.4","3.3","Private","BAT-10009510","957","86.96","40.29","35.83","88.31","3.807","0.0043","354.05","13.98","25.62","0.437","96.26","94.92","47.71","13.04","8","0.51","0.44","36.8","152.05",,"1","1","1","41.72","22.13","24.32","39.56","5.9","0.16","0.63","15.3","13.79","32.03","6.31","10","892.99","Mountainous","87.82","1138","88.57","28","0","48.89","12.48","6.96","11.83","0","2","1","40.08","49.2","93.64","82.02","31.58","8410","0"
"EV116831","Nissan","Leaf","Crossover","2019","Northvolt","NMC","76.35","RWD","153926.4","7.78","Fleet","BAT-10016831","1274","88.12","64.78","57.38","89.02","3.38","0.013","341.38",,"43.54","0.197","96.75","96.44","67.28","11.88","35","0.72","0.07","89.5","70.34","0.57","0.21",,"0","31.55","87.53","32.65","95.54","24.68","0.87","0.15","139.37","1.29",,"-13.62","29.09","778.39","Desert","93.73","945.1","97.45","18","1","56.78","9.7","22.85","32.94","0","0","0","56.57","63.87","91.31","88.22","60.72","8475","0"
"EV110888","Volvo","EX30","Truck","2022","Envision AESC","NMC","29.02","FWD","277053.1","3.53","Fleet","BAT-10010888","1632","88.68","9.75",,"88.68","3.652","0.0183","281.2","31.31","52.94","0.283","97.62","94.71","25.73","11.32","14","0.47","0.45","61.18","42.69","0.49","0.04","2","1","61.22",,"86.82","91.31","62.9","0.67","0.83","117.15","27.8","33.04","15.16","85.07","243.42",,"60.94","495.8","91.33","20","0","74.87","30.94","25.04","25.14","0","0","1","51.82","49.57","68.21","73.18","61.14","8781","0"
"EV116101","Honda","e:N1","SUV","2021","Envision AESC",,"63.86","FWD","77842.5","4.89","Private","BAT-10016101","705","96.44","98.23","62.97","95.29","3.663","0.0206","351.65","31.52","50.18","0.291","97.09","97.91","61.59","3.56","17","0.59","0.21","23.74","165.49","0.23","0.26","2","0","97.9","26.79","71.82","57.35","10.2","0.1","0.18","10.06","13.34","22.12","-6.48","48.44","1115.23","Coastal","7.49","206","92.68","26","3","87.74","22.89","35.02","32.94","2","2","1","49.54","41.4",,"77.3","43.73","10499","0"
"EV108408","Mercedes-Benz","EQA","Van","2015","Northvolt","LFP","59.09","RWD","176426.6","11.01","Private","BAT-10008408","1158","75.74","66.74","62.93","76.69","3.44","0.0048","261.44","32.77","52.93","0.514","95.09","94.61","44.75","24.26","7","0.47","0.43","33.72","87.07",,"0.9","2",,"77.09","5.64","0.94","69.22","11.99","0.28","0.44","4.41","16.66","25.9","9.01","42.88","358.39","Hilly",,"1292.1","92.5","23","1","40.9","31.06","10.68","32.94","1","1","2","59.31","85.86","68.66","85.15","29.49","5929","0"
"EV114277","Lucid","Air","Crossover","2023","Northvolt","LFP","39.71","RWD","104083","2.94","Fleet","BAT-10014277","758","95.14","65.26","42.45","96.65","3.372","0.0285","293.36","40.4","61.57","0.238","98.14","97.86","37.78","4.86","24","0.41","0.55","82.57",,"0.87","0.71","1","1","107.4","59.05","52.99","21.36",,"0.29","0.83","17.3","24.23","36.87","11.86","19.28","688.27","Desert","19.31","182",,"0","1","85.01","49.42","41.72","32.94","0","0","1","50.83","32.25","51.42","84.17","27.22","9856","0"
"EV100553","GM","Chevrolet Bolt",,"2019","Panasonic","LFP","81.8","AWD","112892.4","6.9","Private","BAT-10000553","908","74.51","69.74","50.25","73.33","3.201",,"246.48","32.13","43.1","0.619","95","93.8","60.95","25.49","36","0.14","0.71","33.69","118.45","0.65","0.99","1","0","86.38","92.83","86.58","27.11","75.65","0.23","0.68","79.11","15.69","30.55","7.78","39.15","2504.2","Desert","63.64","496.1","85.56","9","1","66.11","5.77","21.44","27.41","2","0","0","46.93","59.81","92.69","94.82","41.68","8201","0"
"EV109831","BMW","i4","Hatchback","2023","BYD Battery","NMC","53.38","RWD","70898.5","2.77","Private","BAT-10009831","530","89.02","60.6","45.75","89.73","3.38","0.0015","239.98","32.13","53.39","0.327","96.93","96.17","47.52","10.98","28","0.48","0.38","40.85","70.2","0.51","0","1","1","98.58","78.91","6.15","56.6","43.81","0.48","0.81","105.36","11.48","27.69","-7.62","51.28","2527.09","Hilly","31.5","637.9","94.88","13","0","73.21","38.7","3.65","32.94","2","1","1","53.45",,"59.9","70.65","40.67",,"0"
"EV104267","MG","ZS EV","Sedan","2020","BYD Battery","LMO","57.96","FWD","142335.2","6.15","Fleet","BAT-10004267","959","82.84","70.7",,"82.83","3.466","0.0052","263.42",,"25.9","0.507","95.85","94.57","48.01","17.16","31","0.66",,"36.32","77.99","0.81","0.69","0","2","92.3","131.51","49.95","71.77","61.76","0.45","0.38","98.36","41.52","47.24","35.94","56.5",,"Flat","26.16","1321.5","83.84","4","2","41.29",,"14.69","0","0","0","2","44.44","48.26","86.01","85.29","44.93","8044","0"
"EV103301","Volkswagen","ID.4","Truck","2019","Guoxuan","NMC","104.07","FWD","272810.7","7.21","Private","BAT-10003301","1815","77.98","62.82","33.87","78.76","3.591","0.0062","265.73","32.86","54.21","0.573","95.37","95.5","81.15","22.02","32","0.17","0.76","19.44","441.35","0.65","0.28","1","1","27.77","20.73","22.18","35.92","10.95","0.97","0.75","17.83","-8.96","0.79","-27.99","60.91","2541.61","Desert",,"609.5","91.46","30","5","50.17","34.31","19.08","32.94","3","0","0","55.27","72.8","68.33","87.89","29.87","6780","1"
"EV115810","Kia","EV9",,"2024","BYD Battery","NMC","118.42","FWD",,"2.01","Private","BAT-10015810","1570","93.07","49.65","54.98","91.83","3.548",,"361.9","39.76","53.03","0.23","97.97","96.9","110.21","6.93","18","0.49","0.27","134.52","62.61","0.34","0.39","1","0","61.7","113.97","52.43","21.87","6.27","0.41","0.9","138.73","-6.19","3.24","-22.84","64.54","211.51","Coastal","14.67","1432.5","88.66","21","1","43.84","36.93","23.18","32.94","1","3","0","44.88","44.74","66.1","83.08","45.41","8325","0"
"EV116208","GM","Cadillac Lyriq","Sedan","2017","Panasonic","LFP","147.04","RWD","283384.5","8.88","Private","BAT-10016208","2868","65.99","25.81","45.2","66.02","3.514","0.0022","267.06","24.9","35.72","0.632","94.44","94.49","97.03","34.01","40","0.43","0.37","10.45","600","0.85","0.31","0","0","63.46","51.54","22.25","34.86","42.29","0.08","0.34","49.97","34.71","50.03","20.37","65.01","2613.39","Mountainous","87.17","239.8","84.53","24","0","90.47","10.11","4.14","1.01","1","2","1","36.46","100","92.75","92.27","36.62","5415","0"
"EV106306","Audi","e-tron GT","Hatchback",,"SK On","LMO","42.79","AWD","221313.2","10.09","Private","BAT-10006306","1471","87.27","10.18","38.72",,"3.384","0.0028","304.56","14.38","32.34","0.504","96.55","95.95","37.34","12.73","24","0.04","0.84","33.91","68.06","0.36","0.01","0","0","44.34","83.61","98","45.52","39.61","0.81","0.84","51.24","18.92","37.71","10.03","54.87","1773.43","Hilly","7.75","96.6","85.87","23","2",,"3.74","8.77","13.42","0","1","0","25.59","72.98","89.01","100","45.98","8462","0"
"EV116960","BYD","Dolphin",,"2019","Guoxuan","LMO","126.81","FWD","164998","7.48","Private","BAT-10016960","1335","77.06","70.66","42.93","78.61","3.639","0.0167","345.7","32.77","37.96","0.539","95.35","93.98","97.72","22.94","5","0.65","0.13","55.81","176.94","0.66","0.37",,,"80.81","80.28","94.04","6.29","48.8","0.49","0.97","74.98","42.03","47.8","23.28","53.74","613.87","Flat","7.92","518.4","84.54","4","0","89.67","9.84","21.85","0","1","2","3","48.9","68.69","91.15","75.84","46.25","7343","0"
"EV116232","Kia","EV9","Van","2018","Envision AESC","LMO","68.05","RWD","143800.5","7.87","Private","BAT-10016232","1302","81.09","32.58","75.47","80.35","3.596","0.0129","262.51","31.5","46.63","0.548","96.98","96.2","55.18",,"9","0.72","0.22","60.63","111.2","0.91","0.62","1","0","82.35","60.37","23.69","78.47","68.53","0.22","0.56","36.63","9.34","25.14","-5.67",,"200.85","Flat","63.37","637.7",,"7","1","72.15","26.99","18.97","32.94","2","1",,"61.94","65.02","71.58","87.3","29.96",,"0"
"EV109283",,"Prologue","Hatchback",,"SK On","NMC","147.02","AWD","141024.1","2.15","Private","BAT-10009283",,"97.2","58.87","72.11","96.44","3.442","0.022","313.22","31.54","44.12","0.092",,"97.26","142.9","2.8","1","0.18","0.75","16.21","600","0.29","0.34","0","2","87.52","31.36","9.12","38.05","81.32","0.07","0.06","22.69","45.37","64.52","25.78","86.92","2154.22","Coastal","36","1287.6","71.35","22","2","39.63","17.14","34.53","0","3","1","0","34.97","24.61","83.51","86.72","13.21","11164","0"
"EV105234","Mercedes-Benz","EQA","SUV","2015","Panasonic","NMC","110.61","AWD","154324.7","10.67","Fleet","BAT-10005234","1405","68.08","50.45","64.39","68.23","3.538","0.0116","343.19","22.01","29.04","0.65","95","93.06","75.3","31.92","24","0.44","0.34","35.47","283.35","0.75","0.69","0","0","43.63","85.75","26.09","66.92","82.72","0.34","0.53","37.27","4.9","20.58","-1.92","70.62","1150.29","Flat","71.19","666.2","92.21","3","2",,"0.41","20","24.14","1","1","2","62.2","84.56","99.65","92.1","29.26","4975","0"
"EV103678","Porsche","Macan Electric","Crossover","2018","BYD Battery","LFP","60.98","AWD","218928.7","7.64","Fleet","BAT-10003678",,"77.01","37.55","42.99","78.36","3.765","0.0389","327.56","48.94","64.71","0.414","95.7","93.79","46.96","22.99","21","0.4","0.36",,"356.94","0.7","0.12","1","0","14.05","48.47","36.26","75.81","63.17","0.1","0.55","42.22","34.27","50.52","29.36","63.3","788.8","Mountainous","87.6","206.2","86.56","22","0",,"59.11","51.7","30.44","1","3","1","53.63","78.45","39.57","83.09","39.85","6474","1"
"EV117183","Tesla","Model 3","Sedan","2023","SK On","LTO","113.01","FWD","118382.3","3.09","Fleet","BAT-10017183","1193","84.45","16.18","39.79","84.51","3.565","0.0067","370.76","11.27","28.54","0.405","96.04","95.99","95.44","15.55","33","0.25","0.55","29.94","258.11",,"0.72","0","0","108.34","89.51","45.98","77.24","97.26","0.4","0.23","67.68","-4.78",,"-12.27","9.68","1387.09","Hilly","93.5","150.5","95.11","1","1","96.61","0.65","13.79","32.94","3","1","0","52.08",,"98.58","97.6","40.76","7432","0"
"EV114300","BMW","iX","Truck","2018","LG Energy Solution","LFP","31.71","AWD","96965.3","7.57","Private","BAT-10014300","944","81.74","40.86","80.29","82.57","3.401","0.0014","309.49","25.25","30.77","0.414","96.24","94.42","25.92","18.26","24","0.18","0.66","29.78",,,"0.52","3","1","83.62","125.69","33.95",,"27.99","0.75","0.75","87.14","-24.53","-13.44","-40.58",,"1364.88","Desert","29.73","1148.1","87","3","2","58.25","4.02","9.29","32.94","1","1","4","59.42","64.93",,"85.17","35.86","8549","0"
"EV119149","Lucid","Air","SUV","2021","BYD Battery","NMC","126.25","RWD","160013","4.84","Fleet","BAT-10019149","1135","88.83","79.81","72.19","89.22","3.507","0.0118","291.08","26.09","46.48","0.339","95.9","95.41","112.15","11.17","20","0.45","0.35","75.48","116.24","0.39","0.67","0","0","94.95","21.95","77.78","35.57","0.8","0.08","0.54","19.22","43.41","53.98",,"45.24","913.96","Flat","5.02","344.9","77.02","1","0","95.77","33.12","16.9","3.07","0","3","1","34.78","46.98","67.56",,"46.74","9812","0"
"EV104995","Tata","Tiago EV","Van","2023","SK On","LTO","101.54","AWD","71458.5","3.24","Fleet","BAT-10004995","647","92","8.71","84.43","92.03","3.719","0.0146","323.55","21.37","40.57","0.191","96.99","95.39","93.42","8","32","0.35","0.55","65.95","82.59","0.78","0.14","0","0","30.18","31.19","21.3","13.01","24.82","0.22","0.02","32","9.28","22.89","5.83","30.18","1903.2","Flat","43.29","270.9","91.19","25","1","81.01","3.72","24.94","31.29","0","1","0","47.44","32.44","97.11","94.32","24.5","10050","0"
"EV106560","Mercedes-Benz","EQA","Crossover","2018","Envision AESC","NMC","35.8","AWD","275630.1","7.82",,"BAT-10006560","1950","85.09","91.54","56.19","84.82","3.596","0.002","327.24","26.78","41.43","0.464","96.75","95.43","30.46","14.91","10","0.36","0.53","82.26","27.31","0.1","0.46","3","0","27.35","129.28",,"53.99","56.33","0.85","0.26","93.21","14.51","27.74","6.88","57.45","2043.43","Desert","32.28","1200.1","91.42","19","2","43.22","8.43","8.9",,"0","2","0","48.52","79.49","94.65","83.98","55.58","7929","0"
"EV105668","Porsche","Taycan","Sedan","2015","Panasonic","NMC","83.51","FWD","228835.2","10.73","Private","BAT-10005668","2186","58.83","47","25.69","59.91","3.698","0.0051","314.33","39.19","52.95","0.823","93.83","92.93","49.13","41.17",,"0.3","0.46","12.3","600","0.37","0.62","0","0","113.64","71.23",,"16","98.45","0.72","0.11","65.87","-5.92","8.53","-9.69","96.15","1938.56","Desert","72.14","454.9","85.69","27","1","80.92","38.58","11.55","32.94",,"2","0","56.14","100","64.96","95.16","27.6","3555","0"
"EV115592","Ford","F-150 Lightning","SUV","2020","SK On","NMC","99.79","FWD","253921.5","6.74","Private","BAT-10015592","1468","73.52","52.66","19.06","71.83","3.613","0.0001","339.62","21.31","34.3","0.492","95.26","95.26","73.37","26.48","39","0.5","0.27","12.41","600","0.33","0.22","3","0","114.21","25.21","64.38","84.93","22.48",,"0.92","10.43","43.29","52.28","27.12","70.83","1795.04","Coastal","98.13","63.5","76.78","9","0","99.23","14.6","2.61","0","2","2","0","32.51","72.35","84.15","75.8","39.69","7307","0"
"EV113284","Volkswagen","ID.3","Van","2022","CATL","NMC","65.47","FWD","135016.6","3.89","Private","BAT-10013284","1377","80.85","94.62","81","81.42","3.549","0.0015","322.96","27.63","38.53","0.452","95.53","95.22","52.93","19.15","35","0.12","0.69","55.79","59.77","0.93","0.31","2","0","92.56",,"9.6","53.15","60.81","0.6",,"161.55","46.85","59.54","31.16","41.98","31.35","Desert","40.87","706","67.41","5","2","67.45","17.07","6.48","0","2","0","2","34.21","55.24","83.46","82.12","34.9","7655","0"
"EV117842","MG","ZS EV","Crossover","2019","Guoxuan","NMC","118.52",,"112086.6","7.03","Private","BAT-10017842","1014","79.18","55.91","30.56","76.26","3.34","0.0191","313.96","45.63","58.5","0.567",,"93.97","93.84","20.82","31","0.08","0.75","27.95","345.32","0.17","0.99","2","0","103.89","91.55","62.48","95.42","55.24","0.82","0.45","205.3","-20.19","-12.78","-32.25","98.53","794","Mountainous","23.49","1194.9","94.25","18",,"47.26","36.97","29.13","32.94","1","0","0","49.89","51.75","62.84","100","75.03","8226","0"
"EV100687","Rivian","R1S","Hatchback","2016","CATL","LMO","89.19","AWD","205171.2","10.11","Private","BAT-10000687","2482","86.15","40.65","60.89","84.83","3.656","0.0139","332.7","31.79","49.44","0.413","97.48","96.37","76.84","13.85","28","0.3","0.58","58.29","94.99","0.79","0.55","0","1","13.03","64.16","52.13","93.22","12.71","0.25","0.03","41.81","14.75","28.18","4.8","94.25","2166.82","Coastal","99.05","1406.7","95.29","29","1",,"28.3","23.88","32.94","1","1","0","61.16","93.37","68.83","89.72","57.98","6723","0"
"EV115384","Renault","Megane E-Tech","Sedan","2018","Northvolt","NMC","41.42","FWD","168002.4","7.75","Private","BAT-10015384",,"75.92","68.89","39.48","76.6","3.85",,"354.2","32.4","50.09","0.552","96.22","94.67","31.45","24.08","7","0.09","0.89",,"100.07","0.82","0.92",,"0","21.53","7.02","37.09","0.77","78","0.63","0.89","12.55","-14.87","-9.41","-27.53","12.23","1092.19","Mountainous","48.18","515.4","95.12","11","0","78.05","21.79","5.21","32.94","1","2","1","44.74","62.9",,"100","11.04","6610","0"
"EV114224","Nissan",,"SUV","2020","SK On","LFP","81.79","AWD","141267","6.22","Private","BAT-10014224","1513","88.12","29.71","42.65","87.58","3.662","0.0368","260","44.76","56.01","0.481","97.47","97.16","72.07","11.88","10","0.22","0.64","23.14","315.01","0.17","0.2","0","1","87.09",,"96.44","90.58","40.15","0.51","0","3.86",,"45.97","15.28","21.83","927.71","Coastal","48.81","808.5","92.52","27","0","72.6","44.63","50.23","29.01","0","3","0","56.85","64.67","53.46","89.52","57.07","7364","0"
"EV114690","Mahindra","BE 6","Crossover","2015","BYD Battery","LTO","145.48","AWD","155776.4","11.08","Private","BAT-10014690","1750","74.3","32.58","63","75.44","3.592","0.0237","366.38","35.02","42.19","0.668","96.28","93.87","108.09","25.7","28","0.24","0.66","53.75","159.54","0.21","0.07","1","0","92.28","130.64","35.84","33.32","16.32","0","0.04","102.31","13.04","26.93","-0.03","38.34","325.11","Mountainous","57.72","561.1","95.08","2","1","68.09","17.9","35.73","29.15","0","0","1","61.49","96.33",,"92.14","45.44","5894","0"
"EV110737","Volkswagen","ID.3","SUV","2023","CATL","NMC","146.44","FWD","203210.6","2.63","Fleet","BAT-10010737","1909","92.09","59.62","50.49","90.95","3.584","0.0201","358.4","17.12","33.13","0.327","97.11","95.67","134.86","7.91",,"0.44","0.53","30.83","404.52","0.86","1","2","2",,"140.41","98.47","97.05","87.22","0.6","0.59","135.01","32.8","49.19","20.13","20.62","1127.26","Mountainous","36.19","380.7",,"13","1","68.95","6.32","29.13","0.33","1","1","0","46.36","51.75","94.96","83.65","62.82","9093","0"
"EV115236","BYD","Dolphin","Sedan","2021","Panasonic","LFP","26.39","RWD","95538.6","4.8","Private","BAT-10015236","671","88.07","29.05","53.01",,"3.584","0.06","301.06","11.61","26.44","0.334","96.52","95.54","23.24","11.93","41","0.48","0.28","40.78","36.13","0.47","0.6","0","1","41.46","106.98","84.13","21.65","59.52","0.55","0.52","205.3","24.62","34.4","6.18","72.91","1777.99","Hilly","91.28","1200.6","86.57","26","1","48.22",,"80.04","1.82","2","1","1",,"39.58","98.12","85.7","62.75","10150","0"
"EV117940",,"Model 3","SUV","2016","Envision AESC","NMC","110.37","AWD","150441.7","9.83","Private","BAT-10017940","1469","79.05",,"37.88","75.09","3.387","0.0039","335.31","29.27","40.99","0.438","95.41","95.63","87.25","20.95","22","0.36","0.58","20.01","326.08","0.23","0.52","0","0","86.39","7.68","90.51","47.93","76.08","0.93","0.33","6.19","41.26","52.02","24.43",,"810.62","Mountainous","95.39","1266.1","85.73","12","1","43.15","13.26","10.17","0","2","1","0","33.78","86.95","84.02","89.83","38.04","7044","0"
"EV113882","BMW","iX1","Sedan","2020","Northvolt","LFP","53.49","RWD","217705.4","6.14","Fleet","BAT-10013882","1399","86.66","28.24","35.49","86.45","3.533","0.002","268.51","23.78",,"0.365","96.32","96.71","46.35","13.34","22","0.15","0.75","36.94","70.41","0.09","0.25",,"1","87.2","10.51","71.04","62.28","99.22","0.34","0.84","9.78","46.9","58.88","30.84","87.04","28.93","Desert","26.39","700","79.83","13","1","72.85","4.66","8.04","0","0","1","0","31.94","60.84","89.02","84.56","35.4","9275","0"
"EV107407","Honda","Prologue","Truck","2022","LG Energy Solution","NCA",,"AWD","103942","3.63","Fleet","BAT-10007407","800","95.01","65.97","51.03","96.25","3.35","0.0021","274.7","35.5","49.19","0.257","96.56",,"140.31","4.99","27","0.22","0.7","38.28","349.47","0.79","0.38","1","0","56.83",,"2.5","96.06","94.73",,"0.21","205.3","-10.18","-3.68","-17.99","77.73","79.25","Hilly","41.21","912.6","97.15","3","0","62.62","22.12","5.44","32.94","0","1","0",,"37.68","77.16","90.89","44.34","10904","0"
"EV118926","GM","Chevrolet Bolt","Van","2016","Panasonic","NMC","73.64","RWD","124275.7","10.07","Private","BAT-10018926","1164","72.59","96.5","59.65","71.95","3.683","0.0008","368.3","16.56","37.94","0.622","94.8","94.33","53.46","27.41","6","0.35","0.4","20.45","239.51","0.72",,"0","1","37.35","51.12",,"56.94","55.06","0.69","0.65","15.73","-12.05","7.31","-25.92","85.15","1033.84","Desert","41.44","324.8","83.43","28","0","83.52","12.67","3.52","32.94","0","0","0","77.1","70.82","87.27","85.76","36.34","5485","0"
"EV102528","Porsche","Macan Electric","Van","2024","Northvolt","LFP","148.21","FWD","238631.6","1.75","Fleet","BAT-10002528","2117","90.68","58.31","35.11","91.74","3.657","0.0037","310.85","22.09","34.9","0.237","96.63","97.86","134.4","9.32","29","0.39","0.53","92.97","76.79","0.28","0.86","1","0","105.64","131.25","20.14","79.25","90.49","0.37","0.77","109.6","32.56","44.86","19.86","45.31","733.89","Desert","1.2","1011","89.48","12","2","48.91","0","10.36","2.34","0","0","2","24.26","50.38","100","89.45","39.46","9241","0"
"EV112515","Kia","EV9","Crossover","2017","Envision AESC","LFP","137.54","FWD","188790.1","8.51","Fleet","BAT-10012515","1398","83.57","5.04","22.75","81.97","3.684","0.0022","265.25","23.98","41.26","0.325","97.26","95.75","114.94","16.43","40","0.38","0.56","55.63","122.23","0.15","0.21","0","0","102.74","99.61","41.5","8.02","43.1","0.59","0.59","84.38","31.58","37.61","24.56",,"832","Coastal","9.06","1187","90.35","19","1","57.94","13.47","5.57","9.68","0","3","1","33.18","67.24","85.01","84.3","35.68","9332","0"
"EV103500","GM","Cadillac Lyriq","Van","2019","LG Energy Solution","NMC","116.93","RWD","199948.8","7.1","Private","BAT-10003500","1248","71.6","20.17","29.62","72.71",,"0.0498","292.72","13.98","21.74","0.574","94.51","94.56","83.72","28.4","30","0.28","0.67","16.65","600","0.42","0.68","0","0","50.99","104.35","60.81","36.54","41.95","0.47","0.79","128.67","42.35","51.55","33.16","22.12","1906.96","Flat","70.72","844.1","79.2","30","3","63.19","17.43","71","0","0","2","0","34.14","73.67","79.78","95.5","48.98","7087","0"
"EV102689","Tata","Tiago EV","Van","2021","Northvolt","LFP","30.7","RWD","128385.6","5.14","Private","BAT-10002689","839","95.26","96.11","57.34",,"3.651","0.0084","303.03","40.81","53.68","0.228","97.45","98.16","29.24",,"34","0.25","0.74","28.77","65.79","0.51","0.96","0",,,"33.24","26.81","9.13","9.26","0.9","0.09","39.64","-8.12","1.83","-12.5","22.76","2073.73","Hilly","62.62","34.5","88.21","8","1","95.52","38.13","15.94","32.94","2","1","1","44.86","37.38","62","98.99",,"9901","0"
"EV102005","Renault","Zoe","Hatchback","2015","BYD Battery","LFP","78.45","AWD","240240.2","10.37","Fleet","BAT-10002005","1588","68.84","75.58","62.48",,"3.515","0.0125","274.17","22.29","41.67","0.739","95.51","94.2","54","31.16","33","0.43","0.51","12.31","389.93","0.78",,"1","0","95.34","116","40.14","58.83","7.07","0.32","0.47","25.05","-15.81","-1.79","-29","48.19","1224.06","Coastal","5.42","320.7","83.37","29","3","76.18","8.44",,,"1","0","2","68.94","87.4","93.04","91.63","45.12","5219","1"
"EV119816","Nissan","Leaf","Hatchback","2022","BYD Battery","NMC","121.31","FWD","70425.4","4.2","Private","BAT-10019816","871","78.74","64.44","40.26","79.72","3.445","0.001","354.84","49.28","58.88","0.383","95.85","94.64","95.52","21.26","25","0.54","0.42","135.37","49.53",,"0.24","1","0","23.81","21.12","36","70.6","73.59","0.84",,"31.78","9.63","20.83","2.51","97.89","2354.45","Desert","62.88","1117.1","91.38","27","1","54.82","50.77","4.6","32.94","0","3","1","54.32",,"47.42","81.99","33.78",,"1"
"EV110038","Mahindra","XUV400","Truck","2016","Envision AESC","LMO","146.6","AWD",,"10.02","Private","BAT-10010038","976","69.18","56.1","48.92","69.43","3.387","0.0002","287.9","42.02","48.47",,"94.4","94.11","101.42","30.82","19","0.42","0.43","34.65","279.36","0.54",,"2","0","39.41","126.13","35.73","85.69","42.09","0.74","0.46","150.34","33.34","38.62","23","29.04","633.1","Mountainous",,"960.7","87.36","1","0","55.07","23.86","2.24","15.13","0","0","0","62.52","78.86","79.74","88.36","55.37","6932","0"
"EV107441",,"Ioniq 5","SUV","2017","Northvolt","LMO","83.83",,"130520.6","8.95","Fleet","BAT-10007441","1029","76.28","26.45","65.89","77.75","3.57",,"271.32","12.96","31.79","0.435","94.93","93.55","63.95","23.72","24","0.52","0.25","38.2","152","0.49","0.01","2","3","39.16","96.53","86.37","52.35",,"0.99","0.13","62.35","32","38.66","23.44","13.81","508.73","Mountainous","94.19","130.7","88.57","5","1","96.52","12.82","9.43","0","1","1","0","59.84","61.41","86.52",,"56.19","7248","0"
"EV108274","Lucid","Air","Crossover","2019","CATL","NMC","138.19","RWD","192638.7","7","Private","BAT-10008274","1250","85.06","76.84","28.64","84.29","3.601","0.0033","320.49","15.89","27.68","0.505","96.14","95.07","117.54","14.94",,"0.45","0.32","11.38","600","0.52","0.46","0","0","82.47","49.26","70.67","66.43","36.16","0.62","0.7","27.72","24.43","43.78","8.23","72.36","399.25","Coastal","39.44","1161.3","96.02","30","1","52.48","3.26","6.53",,"1","2","1","26.28","54.94","94.32","92.22","46.66","9036","0"
"EV117549","Kia","EV9","Van","2019","SK On","NCA","27.27","RWD","87091.9","6.15","Private","BAT-10017549","1304","79.61","31.29","20.7","77.74","3.534","0.0032","254.45","36.93","44.23","0.501","96.5","95.6","21.71",,"15","0.19","0.68","65.21","41.95","0.37","0.33","1","0","93.78","127.5","18.52","54.85","81.84","0.66","0.54","157.13","-5.06","7.14",,"77.9","2101.83","Mountainous","57","1012.4","94.6","23","5","34.78","19.25","16.04","32.94","1","1","0","51.6","66.96","83.54","93.98","41.41","7864","1"
"EV103249","Tesla","Model S","Crossover","2015","Envision AESC","LFP","139.29","FWD","128493","11.22","Private","BAT-10003249","1478","63.94","98.8","42.65","62.78","3.743","0.0005","306.93","24.37","32.31","0.768","94.78","93.53","89.06","36.06","27","0.41","0.35","28.37","473.04","0.73","0.89",,"1","62.47","4.45","89.26","77.54","28.82","0.1","0.6","3","14.64","24.49","-4.88","58.58","539.98","Desert","90.98","1074","92.37","21","2","46.28","10.97","5.56","17.67","0","0","0","63.85","98.73","90.62","84.19","52.03","3662","0"
"EV107809","Volkswagen","ID.3","Van","2015","LG Energy Solution","LTO","53.33","AWD","187190.7","10.91","Fleet","BAT-10007809","1482","74.77",,"54.37","73.65","3.274","0.0139","265.19","24.39","33.39","0.62","96.21","94.81","39.87","25.23","6",,"0.67","37.21","98.82","0.6","0.12","3","0","96.52","101.41",,"1.22","15.34","0.4","0.93","119.28","8.44","27.13","2.81","97.64","392.55","Coastal","61.84","83.4","87.08","29","0","100","8.77","20.57","24.95","0","1","0","48.23","86.6","93.46","83.3","42.77","6258","0"
"EV103456","Hyundai","Ioniq 5","Truck","2022","BYD Battery","NMC","32.63","FWD",,"4.11","Fleet","BAT-10003456","740","89.76","99","24.9","90.19","3.421","0.0336","307.89","43.13","62.59","0.298","97.96","96.39","29.29","10.24","21","0.48","0.3","21.69","79.05","0.55","1","1","0","93.22","133.27","83.06","82.39","7.51","0.35","0.98","58.27","-22.4","-5.8","-40.15","7.82","2529.99","Coastal","48.63",,"94.93","29","1","39.32","51.53","47.63","32.94","0","0","1","46.57","31.77","49.78","85.6","56.61",,"0"
"EV114696","Mahindra","XUV400","Van","2018","SK On","NMC","60.06","RWD","289536.6","7.92","Private","BAT-10014696","2803","71.08","7.2","11.97","71.41","3.692","0.0072","306.44",,"36.4","0.696","95.03","92.96","42.69","28.92","27",,"0.6","59.09","49.57","0.73","0.94","3","0","51.34","40.17","50.7","47.4","43.27","0.7","0.6","28.46","-17.91","-4.33","-22.33","81.53","1699.71","Mountainous",,"1178.6","84.32","17","0","57.56","8.1","13","32.94","0","0","1","49.56","97.89","92.06","84.62","36.3","5535","0"
"EV103098","Tata","Tiago EV","Hatchback","2024","Panasonic","LFP","102","AWD","198071.2","1.78","Private","BAT-10003098","1270","93.05","65.56","58.57","93.76",,"0.0124","254.54","35.94","49.04","0.222","96.81","97.26","94.91","6.95","31","0.38","0.62","31.83","304.74","0.12","0.41","1","1","86.88","44.1","30.14","1.96",,"0.19","0.26","42.53",,"34.06","18.85","7.87","2291.06","Hilly","27.02","1326.3","87.27","12","2","40.81","23.21","22.13","26.62","1","0","1","51.04","30.26","75.19","88.63","26.91","9021","0"
"EV119908",,"EV9","SUV","2021","LG Energy Solution","NMC","124.49","RWD","117613.7","5.02","Fleet","BAT-10019908","1016","76.45","17.21","75.45","78.33","3.62","0.0055","314.94","31.74","48.58","0.717","94.77","94.35","95.17","23.55","21","0.59","0.16","40.59","216.17","0.66","0.15","2",,"88.19","56.09","37.36","53.33","27.38","0.59","0.32","27.93","11.23","24.93","-8.53","92.25","1267.86","Coastal",,"412.6","92.49","29","0","81.12","25.69","8.54","32.94",,"1","1","70.16","51.06","71.04","75.99","34.09","7087","0"
"EV105626","Kia","EV9","Crossover","2018","LG Energy Solution","LFP","131.36","AWD","331730","7.9","Private","BAT-10005626","2287","68.43","5.1","38.8","68.56","3.443","0.0128","302.98","31.2","39.89","0.732","95.38","94.42","89.89","31.57","6","0.2","0.7","19.74","537.4","0.55","0.3","0","0",,"33.23","6.18","92.32","24.45","0.19","0.85","26.67","40.14","58.16","20.72","48.69","585.1","Desert","59.12","806.5","77.48","12","2","65.67","14.19","21.37","0","3","2","1","30.03","93.26","87.16","97.78","28.79","6651","0"
"EV116717","Nissan","Ariya","SUV","2017","BYD Battery","LMO","111.77","FWD","335153","8.93","Fleet","BAT-10016717","2110","79.58",,"40.02","78.85","3.574","0.0064","285.92","17.37",,"0.429","95.51","95.01","88.95","20.42","41","0.11","0.73","29.35","316.53","0.38","0.84","0","1","47.96","100.68","66.73","44.52","63.11","0.44","0.99","59.94","12.75","22.29","8.99","69.56","1166.19","Coastal","77.35","1338","93.66","13","2","35.58","6.39","14.68","12.98",,"1","0","45.63","87.8","88.78","90.69","45.42","7674","0"
"EV114424","BYD","Seal","Hatchback","2024","Northvolt","LFP","76.58",,"275004.5","1.61","Private","BAT-10014424","2505","89.93",,"15.33","91.5","3.597","0.0068","284.16","38.17","45.69","0.377",,"96.46","68.87","10.07","23","0.41","0.41","21.67","272.3","0.01","0.68","0","2","104.29","105.61","86.68","55.39","48.98","0.74","0.15","74.7","-2.49","6.82","-11.64","92.78","1582.73","Flat","75.46","446","93.59",,"0","83.29","14.36","10.1","32.94","1","1","0","60.12","50.9","89.7","83.16","52.47","8494","0"
"EV101422","BYD","Atto 3","Van","2021","Guoxuan","NMC","135.78","RWD","155680.7","5.04","Private","BAT-10001422","1025","82","80.91","46.76","82.75","3.615","0.008","289.2","30.49","39.8","0.382","96.74",,"111.34","18","18","0.11","0.86","35.5","344.49","0.22","0.92","1","0","50.17","56.34","77.19","90.86","90.43","0.9","0.88","44.28","3.53",,"-8.77","45.34","1296.68","Mountainous","83.01","594.7","88.85","3","0","73.83","3.86","12.45",,"3","1","1","43.91","48.8","96.53","100","53.15","7611","0"
"EV109420","GM","Cadillac Lyriq","Van","2022","CATL","NMC","129.31","AWD","76258.8","3.99","Fleet","BAT-10009420","669","87.64","65.67","49.84","88.4","3.65","0.0056","379.6","27.35","42.27","0.312","95.79","94.65","113.33","12.36","14","0.31","0.55","34.5","209.53","0.11","0.27","4","1","34.51","15.99","35.77","42.97","70.45","0.91","0.14","27.6","31.27","36.5","18.59","53.64","2615.6","Coastal","26.67","825.7","89.77","10","1","63.63","12.8","10.16","11","0",,"1","39.6","38.41","90.1","66.67","19.87","9460","0"
"EV111128","Hyundai","Ioniq 5","Hatchback","2021","Guoxuan","NMC","86.36","RWD","234152.8","5.54","Fleet","BAT-10011128","1577","77.77","39.5","56.12","75.51","3.531",,"342.51","40.97","56.41","0.474","94.82","93.38","67.16","22.23","5","0.45","0.33","40.74","166.72","0.09","0.43","0","0","68.03","47.12","75.57","97.68",,"0.34","0.24","46.3","-23.32","-9.12",,"66.01","1834.81","Mountainous","94.45","1371.2","93.4","15","1","39.5","46.17","3.89","32.94","0","3","1","64.75","66.36","50.73","83.9","48.57","7027","1"
"EV102533","Ford","F-150 Lightning","SUV","2019","LG Energy Solution","NMC","106.8",,"126494.7","7.11","Private","BAT-10002533","917","84.87","26.81","57.33","83.25","3.754","0.0173","281.55","44.81","62.48","0.446","95.66","95.02","90.64","15.13","20","0.22","0.69","19.04","492.31","0.06","0.16",,"1","89.66","34.24","49.08","47.13","74.43","0.73","0.28","36.59","-3.64","5.76","-8.65","37.08","2233.33","Coastal","4.91","1200.9","89.91","2","0","48.09","50.81","26.06","32.94","0","2","0","55.5","53.42","52.42","78.86","24.54","7776","0"
"EV111301","Honda","e:N1","Van","2017","Guoxuan","NMC","57.9","FWD","63711.5","8.99","Private","BAT-10011301","959","82.2","81.94","45.7","82.1","3.453","0.0161","331.49","21.66","33.84","0.473","95.56",,"47.59","17.8","30","0.1","0.72","72.98","78.46","0.59","0.52","0","0","111.68","8.55","62.7","55.84","84.16","0.35","0.93","13.51","6.9","23.38","-4.15","23.82","1031.31","Desert","96.06","1476.3","88.08","26","1","37.93","4.17","26.34","26.94","0","0","1","42.28","63.54","95.39","100","34.81","8096","0"
"EV106514","Mercedes-Benz","EQE","Truck","2017","BYD Battery","NMC","61.85","FWD","114744.8","8.87","Fleet","BAT-10006514","1214","82.32","48.17","32.96","82.72","3.47","0.0084","315.77","22.83","34.49","0.426","96.81","94.76","50.91","17.68","7","0.3","0.56","60.92","59.74","0.42","0.85","0","1","10.38","67.46","76.7","17.04",,"0.06",,"33.19","43.14","63.14","38.95","44.81","2210.27","Mountainous","52.33","769.4","69.07","27","2","60.16","19.87","15.48","0","0","0","2","30.86","69.26","83.71","90.96","36.45","8161","0"
"EV101924","Tesla","Model 3","SUV","2024","Envision AESC","NMC","40.6","AWD","47872.7","2.17","Private","BAT-10001924","605","94.16","61.64","52.56","95.13","3.444","0.0024","244.52","19.77","38.36","0.184","96.48","97.19","38.23","5.84","35",,"0.63","25.98","119.47","0.27","0.54","0","0","94.08","90.85","64.79","52.26",,"0.71","0.91","85.87","1.8","14.07","-13.05","90.38","2445.86","Coastal","83.89","1088.8","89.86","23","0","56.72","6.05","5.59","32.94","0","0","0","49.95","19.01","96.73","100","49","9651","0"
"EV119025","Rivian","R1S","Van","2024","LG Energy Solution","LFP","76.39","RWD","66593.2","2.44","Private","BAT-10019025","632","94.21","87.05","80.44","95.3","3.788","0.0025",,"34.45","41.88","0.398","96.63","97.71","71.97",,"17","0.25","0.54","36.97","169.96","0.64","0.64","2","0","61.65",,"33.56","85.32","17.13","0.03","0.08","80.73","27.71","34.78",,"25.89","786.01","Desert","82.05","1107.7","98.55","20","0","55.78","12.43","6.02","14.17","1",,"1","36.45","23.91","82.35","83.25","51.76","10578","0"
"EV118203","Mercedes-Benz","EQA","Van","2024","CATL","NMC","65.6","FWD","113109.2","2.02","Private","BAT-10018203","929","90.31","54.98","48.55","87.66","3.722","0.0028","312.65","19.89","39.64","0.268","96.85","96.83","59.24","9.69","7","0.24","0.58","23.83","171.78","0.11","0.45","1","1","73.66","65.26","17.65","97.85","20.29","0.59","0.78","50.16","-17.65","-5.16","-21.76","25.41","1154.92","Coastal","37.1","394.5","90.14","8","1",,"13.96","6.79","32.94","1","2","0","41.18","31.61","85.72","86.73","39.92","9808","0"
"EV113125","Ford","F-150 Lightning","Sedan","2021","CATL","LMO","142.79","RWD","114551.4","4.95","Private","BAT-10013125","1063","85.63","80.6","62.93","86.62","3.744",,"321.98","20.8","42.1","0.352",,"96.87","122.27",,"36","0.08","0.83","21.67","437.24","0.19","0.68","1","0","34.34","58.7","10.36","17.57","74.89","0.85","0.03","19.39","21.14","37.19","12.45","88.12","1135.35","Desert","63.49","1475.4","87.08","12",,"23.91","8.11","23.4","20.96","0","0","0","43.26","50.15","94.25","98.68","20.78",,"0"
"EV113961","Kia","EV6","Sedan","2022","CATL","LFP","66.89","FWD","125976.7","3.99","Private","BAT-10013961","859","86.43","76.15","38.47","84.84","3.781","0.0206","389.44","22.97","33.53","0.358","95.74","96.01","57.81","13.57","39","0.12","0.68","35.56","109.55","0.26","0.27","1","1","80.41","126.18","86.7","16.7","95.82","0.82","0.87","52.61","4.59","14.03","-15.3","78.45","1096.87","Flat","13.15","1301.7","91.8","7","2","36.01","0","33.78","28.94","0","0","0","51.25","35.35","100","87.71","41.68","8505","0"
"EV116551","Tata","Nexon EV","Sedan","2015","Envision AESC","LMO","74.65","FWD","101188.1","10.63","Private","BAT-10016551","1174","70.08","9.17","56.18","69.34","3.463","0.0049","263.19","23.06","43.01","0.582","95.78","92.83","52.31","29.92","40","0.01","0.86","67.36","93.57","0.73",,"2","0","68.75","45.36","88.27","91.98","77.94","0.77","0.86","17.48","33.24","50.34","20.39","99.53","510.37","Hilly","35.25","814.5","83.74","21","0","71.47","22.11","8.72",,"0",,"1","40.9","79.47","78.26","84.63","51.44",,"0"
"EV107625","Volkswagen","ID.3","Truck","2019","BYD Battery","NMC","81.34","FWD","213512.1","7.2","Private","BAT-10007625","1515","78.34","96.31","57.37","76.84",,"0.0045","388.85","20.6","35.43","0.471","95.67","96.11","63.72","21.66","33","0.4","0.57","43.49","97.96","0.58","0.78","0","1","47.97","25.63","45.77","44.83","26.02","0.27","0.48","18.44","40.56","49.14","35.97","28.4","620.06","Flat","76.53","1427.5","86.28","30","0","38.72",,"8.35","0","0","0","0","36.13","72.97","93.27","83.26","34.25","8164","0"
"EV100764","Renault","Megane E-Tech","Crossover","2024","Guoxuan","LFP","99.81","RWD","68975.9","2","Fleet","BAT-10000764","412","88.88","92.05","73.24","87.55","3.505","0.0335","301.43","10.04","20.71","0.379","96.86","95.42","88.71","11.12","39","0.13","0.86","26.78",,"0.66","0.54","1","0","109.15","94.36","71.75","4.26","52.01","0.93","0.05","150.91",,"41.49","11.08","32.29","1371.68","Desert","60.99","745.9","94.55","5","0","76.3","9.73","43.61","0","0","1","1","23.91","19.94","88.54","98.49","48.81","10479","0"
"EV101288","BYD","Seal","Hatchback","2019","Northvolt","LFP",,"RWD","191124.5","6.58","Private","BAT-10001288","1386","82.71","3.06","63.89","80.94","3.703","0.0419","359.19","28.9","45.82","0.369","95.87","95.9","24.21","17.29","5","0.41","0.5","53.11","44.84","0.13","0.72","4","0","119.21","54.68","22.67","37.92","33.58","0.59","0.32","33.26","-18.29","-5.33","-34.04","51.98",,"Mountainous","87.72","983.8","94.73","30","0","59.16","20.46","56.42","32.94","1","1","0","52.63","62.89","78.12","79.64","34.17","7506","0"
"EV117700","Audi","Q4 e-tron","Crossover","2023","Northvolt","NMC","127.07","FWD","77657.6","2.63","Private","BAT-10017700","798","92.73","37.67","17.71","93.42","3.634","0.0013","261.65","10.66","31.88","0.255","96.48","97.63","117.83","7.27","38","0.21","0.68","36.52","168.48","0.76","0.22","0","0","90.84","41.91","51.43","6.04","31.31","0.28","0.86","29.64","5.3","12.39","-3.49","70.87","2361.02","Coastal","60.18","617","96.83","26","0","85.44","10.45","4.99","26.58","1","1","0","41.04","22.55","92.66","93.33","22.74","10632","0"
"EV102362","GM","Chevrolet Bolt","Truck","2018","SK On","NMC","88.55","FWD","168877.9","8.29","Fleet","BAT-10002362","1266","62.49","91.3","20.54","63.51","3.836","0.0268","375.93","46.96","64.12","0.748","94.78","91.85","55.33","37.51","28",,"0.46","46.09","160.62","0.17","0.75","2","1","52.48","77.43","89.76","44.63","43.91","0.53","0.67","131.65","7.92","24.59","-7.5","5.23","913.79","Flat","42.73","1480.5","83.02","12","0","51.45","57.38","38.7","32.94","0","0","1","66.87","80.54","38.93","84.86","57.95","4115","1"
"EV117387","Nissan","Ariya","Sedan","2024","Northvolt","NCA","29.42","FWD",,"1.66","Fleet","BAT-10017387","388","96.34","82.88",,"95.4","3.85","0.0139","327.25","24.33","29.76","0.265","98.59","97.14","28.34","3.66","13","0.41","0.49","37.66","68.05","0.31","0.59","1","2","99.57","117.93","80.09","74.81","76.6","0.01","0.61","205.3","-14.95","-6.34","-22.42","95.07","1825.54","Flat","53.11","405.4","90.67","3","1","82.3","7.25","20.75","32.94","1","1","0","68.36","10.14","94.51","78.4",,"9924","0"
"EV115147","Tesla","Model Y","Truck","2020","Envision AESC","LFP","129.22","FWD","134086","6.24","Private","BAT-10015147","1561","83.83","84.78","33.42","84.3",,"0.0273","339.36","31.69","41.36","0.446","95.93","95.44","108.33","16.17","5","0.14","0.85","39.64",,"0.52","0.07","2","0","73.83","119.46","45.59","93.63","95.54","0.6","0.4","127.9","30.93","49.12","26.64","22.82","1818.27","Desert","17.15","1277.8","81.21","5","0","56.83","19.2","39.17","10.43","0",,"0","33.41","63.42","85.35","89.45","45.48","8723","0"
"EV115402","Volkswagen","ID.4","Van","2018","BYD Battery","LFP","43.46","FWD","201186.2","8.28","Private","BAT-10015402","1888","77.21","20.74","38.04",,"3.53","0.0283","275.34","21.91","29.36","0.561","94.88","96.23","33.56","22.79","27","0.38",,"42.17","79.42","0.48","0.18","1","1","70.89","31.74","61.21","93.57","1.07","0.2","0.77","9.04","43.51","54.95","38.74","38.16","528.73","Mountainous","55.67","491.6",,"25",,"73.31","15.92","42.28","0","0","2","3","41.48","81.82","84.55","88.47","51.31","6713","0"
"EV105039","Lucid","Air","Hatchback","2021","BYD Battery","LFP","41.4",,"165101.2","5.2","Fleet","BAT-10005039","1084","80.36","54.95","82.26","78.57","3.461","0.0004","294.18","28.31","36.36","0.614","96.45","93.68","33.27","19.64","41","0.29","0.49","40.36","58.7","0.03","0.13","1","0","30.81","16.7","98.4","69.15","40.41","0.5","0.3","6.95","-12.11","2.69","-30.64","6.94","1870.84","Hilly","29.99","758.5","84.5","16","1","67.79","16.34","5.51","32.94","0","3","0","66.29","47.74","87.95","89.09","50.68","7584","0"
"EV105115","Renault","Megane E-Tech","Hatchback","2019","SK On","NMC","59.73","AWD","172022.5","7.19","Private","BAT-10005115","1477","73.19","31.11","49.11","72.64","3.661","0.0041","369.76","44.74","59.99","0.69","95.82","94.66","43.72","26.81","18","0.57","0.37","31.77","144.87","0.11","0.74","2","2","20.34","74.41","29.7","44.89","63.19","0.88","0.16","57.83","12.73","19.02","9.63","46.77","1430.04","Mountainous","52.48","949.2","84.44","13","3","54.3","48.88","12.16","32.94","2","2","1","69.96","72.67","50.64","66.17","29.48","6669","0"
"EV119384","Tesla","Model 3","Sedan","2018","Guoxuan","LFP","84.13","AWD","190295.8","8.15","Private","BAT-10019384","1329","72.36","71.69","47.67","72.94","3.357","0.0203","245.06","26.93","39.8","0.581","95.27","93.39","60.88","27.64","41","0.25","0.55","33.7","250.29","0.49","0.69","1","0","85.83","63.18","38.7","63.49","86.6","0.21","0.11","111.1","44.15","63.93","39.4",,"2157.94","Desert","46.91","1104.1","62.76","10","0","65.47","19.73","28.63","0","0","1","0","34.46","73.12","80.86","91.3","33.97","7081","0"
"EV102763","Honda","Prologue","Truck","2023","Guoxuan","LFP","65.01","FWD","74051.8","2.88","Private","BAT-10002763","613","94.41","75.69","39.88","94.43","3.404","0.0025","333.59","17.69","27.8",,"97.36","96.18","61.38","5.59","1","0.65","0.3","54.48","60.94","0.26","0.8","2","0","35.08","49.04","65.22","6.86","60.06","0.92","0.72","28.24","-11.76","2.67","-26.36","61.54","442.94","Hilly","15.09","713.6","92.43","16","1","59.06","6.25","7.14","32.94","1","1","0","46.55","28.12","94.24","78.3","31.04","9443","0"
"EV118942",,"Macan Electric","Sedan","2022","Panasonic","LFP","141.68","RWD","35128.9","3.9","Fleet","BAT-10018942","530","95.91","7.44","33.23","97.28","3.677","0.002","308.87","24.85","39.81","0.303","97.19","95.58","135.89","4.09",,"0.7","0.28","15.79","538.83","0.65","0.61","1","0","118.76",,"56.14","57.51","33.31","0.78","0.29","65.99","-18.6",,"-33.28","84.7","1348.36","Hilly","27.19","159.6","88.79","26","1","82.64","15.06","7","32.94",,"3",,"51.76","27.27","83.1","75.51","42.53","10434","0"
"EV117004","Rivian","R1S","Van","2019","SK On","NMC","66.12","FWD","174516.3","7.06","Private","BAT-10017004","1489","78.31",,"52.64","78.88","3.718","0.0251","360.65","15.61","33.92","0.388","96.72","94.93","51.78",,"22","0.3","0.53","39.64","108.01","0.7","0.22","1","0","80.65","6.59","55.92","29.51","20.47","0.23","0.79","4.5","26.13","33.18","15.69","60.68","1749.28","Hilly","91.18","799.4","87.85","13","0",,"12.2","35.99","7.79","1","2","1","43.04","65.29","87.92","89.82","35.38","7136","0"
"EV103732","BMW","i4","Truck","2020","Panasonic","NMC","117.29",,"178713.2","6.48","Fleet","BAT-10003732","1048","84.15","2.59","39.76","83.92","3.472","0.0095","246.51","28.3","38.68","0.336","95.43","96.97","98.7","15.85","34","0.24","0.61","34.96","207.25","0.08","0.72","1","0","29.3","56.97","34.51","17.85","17.46","0.67","0.91","26.24","12.33","31.96","0.64",,"42.44","Flat","94.73","452.1","87.5","8","1","83.78","4.99","16.63","26.35","2","1","0","45.39","49.66","95.06",,"27.66","9246","0"
"EV110739","Kia","EV9","Crossover","2019","BYD Battery","NMC","89.31","AWD","152449.2","6.59","Private","BAT-10010739","984","80.64","23.84","20.71","80.05","3.641","0.0045","313.13","23.44","32.6","0.447","95.8","94.86","72.02","19.36","25","0.04","0.93","71.16","99.59","0.36","0.03","1","0","66.47","128.6","64.66",,"95.82","0.49","0.86","45.99","46.42","55.76","30.47","52.75","1663.4","Coastal","93.63","193.2","75.17","21","3","85.59","13","14.58","0","0","2","2","22.25","56.92","84.45","93.82","31.32","9064","0"
"EV110024","Kia","EV9","Crossover","2024",,"LTO","31.82","RWD","81053.8","1.8","Private","BAT-10010024","958","96.32","78.43","14.8","97.48",,"0.0094","323.32","23.01","35.74","0.208","98.38","95.56","30.65","3.68","18","0.2","0.78","19.76","126.02","0.79","0.16","2","0",,"4.43","67.46","35.19","67.71","0.94","0.43","7.82","34.26","51.65","31.15","27.9","1209.19","Flat","97.63","1045.9","79.97","3","1","46.37","9.18","18.2","1.48","0","1","1","13.91","24.82","92.3","92.2","31.22","11626","0"
"EV103447","Mercedes-Benz","EQE","Sedan","2018","BYD Battery","NMC","34.77","AWD","187215","7.8","Private","BAT-10003447","1392","81.05","88.95","37.71","81.22","3.811","0.0221","304.88","33.82","39.04","0.471","95.77","95.14","28.18",,"1","0.48","0.3","21.53","83.97","0.12","0.07","1","0","90.48","107.39","5.45","41.59","3.26","0.68","0.65","52.3","28.7","38.07","24.1","48.82","261.74","Mountainous","74.15","668.1","90.38","19","0","79.98","15.6","29.5","10.34","0","0","0","34.12","66.07","82.02","83.43","33.05","8679","0"
"EV101323","Volkswagen","ID.4",,"2024","Northvolt","NCA","55.49","RWD",,,"Fleet","BAT-10001323","431","99.8","52.16","77.81","99.89","3.454","0.0008","338.49","45.39","55.32","0.273","98.97","96.33","55.38","0.2","28","0.19","0.73",,"227.09","0.49","0.65","0","0","91.96","138.96","9.05","62.91","12.89","0.72","0.71","205.3","20.17","32.91","6.39","47.54",,"Flat","75.92","328.8","88.23","4","1","83.84","43.19","6.67","32.94","1","1","1","42.82","19.34","57.53","100","50.79","10645","0"
"EV113440","GM","Chevrolet Bolt","SUV","2018","BYD Battery","NMC","124.7","FWD","125531.9","7.65","Fleet","BAT-10013440","1009","72.85","44.74","28.68","72.42","3.797","0.004","356.92","29.41","35.06","0.511","95.69","95.29","90.84","27.15","21","0.23","0.66","37.87","208.59",,"0.05","0","0","81.99","52.75","74.24",,"33","0.3",,"48.92","7.25","16.48","-6.78","97.22","1777.89",,"97.82","1146.1","90.43","25","0","55.4","14.12","6.01","27.81","3","3","2","47.94","57.72","89.07","89.86","50.06","7179","0"
"EV119212","Porsche","Taycan","Truck","2023","BYD Battery","NMC","58.93","RWD","94428.8","3.24","Fleet","BAT-10019212","856","89.71","70.18","43.08","90.08","3.613","0.01","270.98","27.37","46.49","0.316","97.75","94.94","52.87","10.29","12","0.23","0.76","72.42","64.36","0.83","0.26","0","0","73.45","105.01","39.77","77.5","8.34","0.54","0.08","120.41","17.76","34.33","8.98","32.16","2301.43","Coastal","35.26","1089.9","96.49","22","1","63.19","22.61","16.38","28.73","0","0","0","42.48","39.33","75.21",,"59.7","9708","0"
"EV105385","Mercedes-Benz","EQE","Hatchback",,"CATL","NMC","140.17","AWD","101099.1","4.45","Private","BAT-10005385","802","94.79","33.26","31.43","93.49","3.43","0.015","260.68","21.65","36.22","0.247","97.49","95.42","132.87","5.21","7","0.25","0.5","51.79","261.97","0.18","0.41","2","0","106.3","143.3","88.15",,"33.86","0.98","0.11","114.25","32.84","43.64","23.09","75.83","1189.28","Hilly","18.54",,"89.42","29","2","96.23","7.29","25.68","3.38","0","0","0","21.27","37.74","89.89","86.71","56.94","10900","0"
"EV115478","Mercedes-Benz","EQA","Truck","2022","LG Energy Solution","LMO","64.75","RWD","189383.3","4.41","Fleet","BAT-10015478","1381","85.06","86.24","18.77","83.16","3.516","0.0105","323.47","18.61","34.45","0.439","96.24","96.61","55.08","14.94","30","0.15","0.71","21.46","162.11","0.06","0.99","0","2","87.38","11.62","21.03","8.38","71.65","0.8","0.43","12.96","30.4","44.47","18.18","47.43","2092.84","Coastal","8.75","1407.1","95.64","25","1","40.32","6.09","18.75","4.05","0","1","1","28.24","47.25",,"93.83","10.62",,"0"
"EV119080","BMW","iX","Crossover","2020","Northvolt","LFP","81.05","RWD","146012.3","6.08","Private","BAT-10019080","1612","87.56","54.47","33.23","84.8","3.497","0.0033","248.29","12.98","18.16","0.293","97.55","94.55",,"12.44","21","0.38","0.52","32.8","220.79","0.62",,"1","0","94.27","115.89","16.88","8.43","40.72","0.59","0.49","205.3","3.94","16.17","-8.57","18.5","1738.84",,"16.05","740.7","94.39","8","0","67.28","13.77","4.82","14.22","1","1","1","33.43","64.46","87.65","90.55","40.4","7849","0"
"EV115071","Honda","e:N1","Van","2017","LG Energy Solution","LMO","90.63","RWD","166021.7","9.04","Fleet","BAT-10015071","1322","74.7","92.48","48.29","75.29","3.721","0.0123","342.33","31.67",,"0.589","94.91","94.56","67.7","25.3","37","0.19","0.75","65","90.76","0.23","0.55","0","0","11.59","54.79","87.47","2.79","40.29","0.66","0.16","43.33","37.85","44.79","29.45","5.36","1421.06","Mountainous","59.73","587.5","88.19","21","0","81.4","11.91",,"0.43",,"0","0","36.78","73.88","87.86","98.85","40.04","7040","0"
"EV102490","MG","ZS EV","Truck","2016","Guoxuan","NMC","55.75","RWD","242312.1","9.82","Private","BAT-10002490","1786","74.96","3.84","38.9","73.96","3.442","0.0139","271.92","0.87","8.79","0.616","94.66","95.62","41.79","25.04","23","0.66",,"36.41","112.64","0.5","0.71","0","0","50.38","23.81","51.67",,"65.83","0.77","0.78","44.53","28.36","34.39","15.63","66.77","394.29","Hilly","42.2","711.8","93.5","1","0","77.81","7.98","18.2","0","1","3",,"45.77","85.53","91.6",,"41","5753","0"
"EV110874","Tata","Tiago EV","Crossover","2016","Envision AESC","LFP","84.18","FWD","159286.3","9.62","Private","BAT-10010874","1590","63.17","52.8","39.21",,"3.85","0.0137","315.7","42.44",,"0.865","93.92","94","53.18","36.83","22","0.14","0.7","50.06","167.54","0.31","0.23","2","1","116.34","140.02","52.16","23.41","23.87","0.32","0.78","75.37","-15.02","-3.87","-26.98","7.76","2282.07","Hilly","53.62","385.1","89.55","22","1","82.73","27.69","21.35","32.94","0","2","1","70.81","87.84","76.96","81.62",,"4323","1"
"EV115039","Renault","Megane E-Tech","Truck","2023","BYD Battery",,"126.57","FWD","149615.8","3.11","Fleet","BAT-10015039","1097","87.75","78.03","58.98",,"3.597","0.0042","359.7","47.62","65.2",,"97.55","95.14","111.07","12.25","14","0.58","0.39","46.55","190.59","0.49","0.38","1","0","108.39","122.56","90.82","41.58","91.53",,"0.49","127.26","-6.5","10.32","-16.76","96.54","1921.7","Hilly","89.4","1193.9","91.24","24",,"46.42","60.41","7.46","32.94","0","3","0","56.67","43.65","39.97","79.96","60.05","8527","0"
"EV117206","Ford","Mustang Mach-E","Van","2020","Panasonic","NCA","31.36","FWD","156019.9",,"Fleet","BAT-10017206","975",,"67.68","72.52","93.62","3.254","0.0082","312.38","30.2","51.6","0.237","97.12","95.52","29","7.51","26",,"0.86","69.91","22.28","0.85","0.92","0","0","77.16","57.48","81.86","23.5","55.35","0.37","0.85","97.53","5.09","16.62","-8.14","23.52","1158.06","Desert","16.67","866.1","92.12","3","0","55.2","32.41","13.95","32.94","0","1","0","49.78","47.78","65.92","100","47.58","9640","0"
"EV105121","Honda","Prologue","Hatchback","2019","Envision AESC","NMC","147.77","RWD","216949.3","6.62","Private","BAT-10005121","1619","82.07","5.43","36.22","81.28","3.85",,"334.95","34.21","44.72","0.521","96.39","96.31","121.27","17.93","19","0.24","0.67","27.73","415.49","0.54","0.83","0","1","108.19","124.82","62.03","98.97","87.43","0.68","0.6",,"-8.85","0.03","-21.27","39.54",,"Flat","80.5","400.8","96.27","28","2","69.5","20.64","5.75","32.94",,"3","1","62.44","58.73","77.12","96.39","60.01","7327","0"
"EV109168","Audi","e-tron GT",,"2015","BYD Battery","NCA","50.22","FWD","304979.2","11.24","Private","BAT-10009168","2083","82.99","77.48","38.43","81.72","3.587","0.0395","269.03","26.07","44.54","0.345","95.94","94.01","41.68","17.01","30","0.57","0.19","58.76","59.61","0.72","0.3","1","0","36.67","109.86","68.49","77.51","18.69","0.25","0.4","71.88","23.43","36.79","3.63","98.71","2186.24","Mountainous","27.08","368.7","91.83","14","2",,"18.1","56.73","21.11","1","2","2","43.03","100","82.7","84.4","47.5","7617","0"
"EV106246","MG","ZS EV","Truck","2015","CATL","LMO","43.17","RWD",,"10.66","Private","BAT-10006246","1530","82.59","25.99","45.21","78.32","3.41","0.0056","265.98","35.06","50.38","0.379","96.55","96.74","35.65","17.41","18","0.3","0.55","84.94","32.71","0.66","0.68","1","0","65.7","9.45","91.92","72.25","48.42","0.41","0.25","5.18","37.37","43","30.74","74.68","435.18","Hilly","55.23","1291.3","95.2","3","1","41.08","27.24","10.35","13.01","1","4","2","46.14","80.78","75.42","89.01","51.19",,"0"
"EV119289","Rivian","R1S","SUV","2016","BYD Battery","NMC","58.9",,,"10.04","Fleet","BAT-10019289","2134","78.83","16.33","34.87","78.85","3.768","0.0064",,"21.82","40.18","0.417","95.99","96.3","46.43","21.17","8","0.29","0.59","28.41","109.39","0.34","0.63","1","1","10.66","55.61","6.51","8.13","31.27","0.24","0.24","42.97","23.85","42.55","10.89","59.34","1781.65","Mountainous","99.16","295.1","87.86","29","1","81.7",,"12.15","16.33","1",,"1","39.73","93.67","87.74","86.1","15.91","7162","0"
"EV118344","MG","ZS EV","Sedan","2016","CATL","NMC","53.8","AWD","109398","10.16","Private","BAT-10018344","893",,"49.25","33.55","67.59","3.542","0.0023","343.57","41.07","51.04","0.711","94.9","92.4","37.3","30.67","31","0.39","0.45","36.15","86.87","0.89","0.67","3","0","41.14","31.81","57.5","14.58","83.26","0.41","0.47","23.87",,"4.25","-24.16","70.13",,"Coastal","71.04","1073.4",,"21","0",,"29.9","4.64","32.94","0","0","0","56.11","78.9","67.68","81.63","25.17","6014","0"
"EV111472","Tata",,"SUV","2018","BYD Battery","NMC","132.07","RWD","160872.5","7.93","Private","BAT-10011472","1090","84.57","26.24","79.91","85.29","3.484","0.0158","282.2","29.7","41.23","0.342","96.25","95.02",,"15.43","3","0.48","0.42","21.09","556.25","0.58","0.69","2","1","50.3","103.2","4.33","63.36","29.12","0.16","0.51","178.64","-20.36","-2.71","-38.12","41.61","870.19","Coastal","6.9","154.4","87.09","2","1","97.79","10.27","24.76","32.94","0","1","1","60.35","57.27","90.44","78.59","47.15","7658","0"
"EV107279","Volvo","XC40 Recharge","SUV","2016","CATL",,"61.29","FWD","156753.9","9.85","Fleet","BAT-10007279","1308","72.15","29.34","17.78","71.25","3.491","0.0081","338.63","7.68","27.54","0.668","96.18","93.12","44.22","27.85","26","0.16","0.82","83.21","64.61","0.62","0.32","0","0","28.68","112.69","81.12","43.52","83.5",,"0.44","68.32","41.64","60.74","25.21","6.17","581.13","Hilly","51.22","1178","71.18","17","1","42.64","18.89","14.33","0","0","1","1","29.66","77.51","79.96","100","41.27","6617","0"
"EV101527","Honda","Prologue","Crossover","2022","Panasonic","LMO","122.69","AWD","105089.7","3.69","Private","BAT-10001527","961","94.73","98.66","35.12","94.24","3.603","0.0001","371.11","15.98","25.58","0.288",,"95.98","116.22","5.27","15","0.11","0.67","45.06","262.01","0.11","0.47","0","0","96.06","115.11","25.23","71.43","60.81","0.33","0.55","35.53","-4.34","6.34",,"68.93","2541.15","Desert","98.4","271","91.97","29","1","76.29","12.86","4.6","29.92","0","1","2","35.81","33.76","84.11","100","29.27","9548","0"
"EV102910","Ford",,"Hatchback","2017","Panasonic","NMC","44.66","RWD",,"8.73","Fleet","BAT-10002910","1542","76.83","63.29","42.32","77.54","3.634","0.0078","294.35","46.88","57.13","0.514","95.6","93.6","34.31","23.17","4","0.4","0.45",,"259.52","0.52","0.43","0","0","52.14","100.3","36.07","85.22","12.06",,"0","88.43","24.68","41.86","20.92","27.64",,"Mountainous","25.05","1073.2","87.49","16","1","62.27","39.97","15.49","32.45","3","1","0","60.16","67.67","62.77","83.82","52.92","7619","0"
"EV109991","GM","Chevrolet Bolt","Crossover","2015","Guoxuan","LFP","136.01","RWD","210469.9","10.84","Private","BAT-10009991","1319","62.27","10.48","36.24","61.07","3.343","0.0054","327.61","36.33","48.25","0.751","93.29","94.45","84.69","37.73","31","0.29","0.61","46.09","156.72","0.51","0.21","0","0","62.21","128.13","76.94","65.42","64.78","0.45",,"93.34","45.37","56.24","27.55","90.56","495.72","Mountainous","25.96","691.9",,"0","2","63.19","26.68","12.8","2.88","0","2","2","44.2","89.21","75.27","89.89","56.55","5316","1"
"EV115374","MG","ZS EV","Van","2021","Northvolt","NMC","141.17","AWD","120295.9","5.28","Private","BAT-10015374","1067",,"21.01","13.23","89.63","3.731","0.0047","320.87","19.19","25.67","0.4",,"95.42","126.06","10.7","18","0.59","0.3","32.9","392.56","0.72","0.55","1","0","27.33","105.53","57.43","53.6","61.7","0.03","0.6","117.25","8.67",,"-3.6","52.5","140.92","Mountainous","6.97","542.1",,"21","3","69.11","2.84","12.95","17","0","1","0","35.7","47.06","100",,"47.07","8828","0"
"EV101845","Audi","e-tron GT","Sedan","2018","Northvolt","LFP","37.47","RWD","102644.5","7.41","Fleet","BAT-10001845","879",,"14.32","52.02","77.91","3.776","0.0046","302.08","4.52","9.63","0.484","95.02","94.83","28.5","23.93","27","0.2","0.79","53.26","41.02","0.19","0.45","1","1","95.6","90.47","18.93","33.89","30.22","0.69","0.9","79.05","23.13","28.53","16.98","44.68","1996.78","Coastal",,"329.9","84.3","14","0","79.01","8.33","6.29","0","1","2","1","31.52","62.31","92.34","89.77","30.49","7836","0"
"EV104111",,"Nexon EV","SUV","2020","Envision AESC","LFP","99.12","RWD","144320.4",,"Private","BAT-10004111","1328","86.02","27.54","77.4","85.19","3.609","0","360.9","42.29","56.22","0.298","96.97","94.88","85.26","13.98","39","0.46","0.53","95.63","68.45","0","0.9","0","1","44.94","64.19","57.69","43.8","64.68","0.41","0.76","22.94","31.47","48.98","23.6","77.69","2028.08","Desert","71.79","1132.6","92.27","30","0","54.12","37.17",,"24.75","1","0","0","60.68","59.71","64.67","86.3","33.48","8674","0"
"EV117991","Mercedes-Benz","EQE","Crossover","2023","CATL","LFP","124.89","AWD","177966.6","2.87","Private","BAT-10017991","1583","92.77",,"59.18","90.45","3.786","0.0033","348.31","52.07","57.38","0.258","97.54","96.22","115.86","7.23","39","0.18","0.62","23.31","261.26","0.22","0.01","0","2","13.3","102.28","9.43","80.8","14.79","0.28","0.71","83.27","12.62","26.26","4.42","91.32","930.96","Mountainous","4.16","127.3","94.33","7","1","77.57","44.38","10.18","32.94","0","1","0","48.87","53.23","57.8","87.28","40.81","9537","0"
"EV102680","Rivian",,"SUV","2021","LG Energy Solution","NMC","113.88",,"277228.2","5.63","Private","BAT-10002680","2378","75.99","89.77","25.6","77.05","3.809","0.0041","300.91",,"42.74","0.531","96.01","95.55","86.54","24.01","16","0.52","0.24","80.11","79.38","0.07","0.74","2","0","31.55","8.68","42.34","96.21","62.69","0.5","0.58","8.96","32.69","46.18","18.26","49.76","1923.65","Coastal","39.04","151.8","91.27","1",,"92.58",,"11.3","10.05","1","2","1","45.19","81.4","98.48","83.28","40.03","6426","0"
"EV104040","Volkswagen","ID.3","Sedan","2019","SK On","NCA","82.66","FWD","174300","6.91","Private","BAT-10004040","1573","93.26","65.39","14.53","95.28","3.671","0.0163","319.38","42.34","51.02","0.193","96.74","97.58","77.09","6.74","30","0.13","0.73","69.23","81.48","0.04","0.32","2","0","45.8","37.08","22.65","3.49","28.2","1",,"28.21","28.1",,"22.74","6.51","720.54","Mountainous","2","998.4","97.01","13","0","62.02","23.91","23.09","22.92","3","2","1","22.77","62.92","78.21","85.17","16.36","9811","0"
"EV100301","BYD","Seal","Van","2022","LG Energy Solution","NCA","61.02","FWD","141167.6","3.5","Private","BAT-10000301","1149","94.18","80.13","48.54",,"3.84","0.0023","384","34.44",,"0.24","97.92","96.4","57.47",,"3","0.31",,"80.29","71.22","0.38","0.68","0","0","40.54","54.84","19.44","91.37","17.13","0.46","0.75","65.75","37.39","48.52","21.72","52.36","313.12","Desert","17.34","830.7","91.78","13","0","70.3","36.64","6.51","17.77","0","2","0","33","36.4","61.9","100","47.19","10869","0"
"EV100238","Porsche","Taycan","Sedan","2019","Envision AESC","LFP","113.48","FWD","271497.2","6.86","Private","BAT-10000238","2149","84.02","35.7","40.22",,"3.484","0.0194","303.11","29.94","40.58","0.416","96.31","95.86","95.35","15.98","10","0.13",,"68.42","105.51","0.25","0.32","2","0","114.66","115.04","43.1","67.86","94.93","0.39","0.78","86.15","-14.58","-3.89","-33.75","43.18","1627.59","Hilly","75.89","133.8","86.92","10","0","96.74","22.61","25.96","32.94","0","2","0","46.56","76.29","76.75","91.72","35.74","7697","0"
"EV100284","Tesla","Model Y","Hatchback","2017","Guoxuan","LFP","111.41","AWD","148267.6","8.71","Private","BAT-10000284","1583","71.84","51.07","19.86","72.71","3.584","0.0027","286.72","27.36","42.81","0.651","96.16","95.52","80.04","28.16","11","0.18","0.81","30.13","353.56","0.29","0.59","4","0","23.37","107.38","77.95","0.83","67.22","0.35","0.76","57.45","15.58","27.44","0.27","99.23","2298.85","Flat","93.17","267.4","94.45","6","4","80.73","17.13","13.75","27.23","0","1","0","45.12","78.93","82.28","85.28","30.24","7652","1"
"EV116253","Lucid","Air","Hatchback","2017","LG Energy Solution","LTO","71.34","AWD","96767.5","9","Private","BAT-10016253","994","69.47","32.44","48.65","67.87","3.85","0.0088","281.05","29.07","40","0.642","94.72","94.05","49.56","30.53","34","0.1","0.81","27.53","153.1","0.18","0.81","1","2","68.61","47.63","18.91",,"8.85","0.5","0.86","27.66","42.61","60.23","26.08","92.57","1083.01","Desert","18.42","344.1",,"18","0","82.02","11.44","13.01","0","0","2","2","40.61","73.6","88.95","87.43","26.31","6667","0"
"EV116533","GM","Chevrolet Bolt","Crossover","2024","Panasonic","LFP","76.37","AWD","157219.9","2.08","Fleet","BAT-10016533","1012","91.8","6","47.92","92.43",,"0.0041","328.07","5.63","25.65","0.186","96.25","96.29","70.11",,"14","0.37","0.58","31.21","172.87","0.52","0.05","2","1","58.45","54.35","85","2.86","78.11","0.44","0.89","97.22","43.4","48.93","32.27","99.29",,"Coastal","44.94","128.1","89.96","30","0","96.23","6.67","6.95","0","2","4","0","24.19","29.21","94.85","70.86",,"10855","0"
"EV110199","Mercedes-Benz","EQA","Sedan","2017","BYD Battery","NMC","66.26","RWD","252925.2","8.84","Fleet","BAT-10010199","1519","71.84","89.49","25.64","71.46","3.558","0.0048",,"49.88","66.91","0.645","95.58","94.87","47.6","28.16","3","0.21","0.58","28.78","134.7","0.69","0.68","1","0","30.09","112.47","84.23","97.13","63.85","0.44","0.41","157.41","-15.66","-4.24","-33.28","96.91","2310.45","Flat","78.23","130.8","84.38","28","1","85.15","67.94","11.06","32.94","3","1",,"56.67","77","32.23","93.47","66.17","6153","1"
"EV115726","Mercedes-Benz","EQE","Sedan","2017","CATL","LFP","49.68","AWD","276013.7","9.03","Private","BAT-10015726","1871","78.13","69.76","9.81","78.21","3.684","0.0064","261.56","29.4","36.08","0.482","96.42","95.94","38.81","21.87","14","0.26","0.51","49.66","79.35","0.63","0.66","0","1","102.73","30.98","13.53","1.91","13.92","0.62","0.78","27.35","5.66","24.48","-12.26","58.23",,"Coastal","1.32","86.5","91.24","19","4","86.94","0","17.9","30.42","0","2","1","44.82","83.01","99.17","91.78","16.32","6542","0"
"EV110986","Volvo","XC40 Recharge","SUV","2023","CATL","LFP","100.84","AWD","56308.5","2.25","Private","BAT-10010986","335","99.34","74.54","62.14","100","3.621","0.001","347.62","14.11","32.95","0.165","98.71","96.1","100.17","0.66","35","0.29","0.47","17.7","343.86","0.85","0.56","1","0",,"132.71","31.44","89.7","93.08","0.86","0.18","72.99","47.32","66.5","37.57","21.59","2509.32","Hilly","28.4","1138","62.15","12","0","60.45","14.69","1.77","0","2","2",,"25.94","20.75","83.76","86.89","44.08","10528","0"
"EV114472","Nissan","Ariya","Sedan","2023","Envision AESC","NMC","32.09","FWD","119264.2","2.69","Private","BAT-10014472","1313","90.72","27.77","54.2","92.87","3.621","0.0055","264.33","38.93","48.73","0.2","97.5","95.47","29.11",,"38","0.35",,"34.78","65.02","0.78","0.39","1","0",,"57.08","65.8","61.39","23.19","0.3","0.16","16.37","20.88","28.11","7.02","52.03","1096.1","Flat","90.84","946.3","96.6","16","2","48.59","26.87","13.85","27.85","0","1","1","46.26","45.03","71.33","89.19","42.42","9388","0"
"EV117542","Audi","Q4 e-tron","Crossover","2017","Envision AESC","LFP","49","FWD","211067.7","9.01","Fleet","BAT-10017542","1457","76",,"15.95","76.73","3.65","0.0168","332.15",,"32.27","0.618","94.6","93.78","37.24","24",,"0.7","0.24","28.22","169.51","0.54","0.74","0","1","100.86","19.49","50.19","33.7","67.3","0.74","0.35","8.63","39.11","46.17","19.94","47.36","812.53","Desert","31.37","479.9","89.25","5","1","78.01","5.89","24.17","0","0","2","2","45.45","74.55","93.38","81.6","26.4",,"0"
"EV108493","Porsche","Taycan","Hatchback","2015","Envision AESC","LTO","47.2","AWD","442387.2","10.83","Private","BAT-10008493","2740","59.26","49.77","41.68","56.88","3.837","0.0097","314.63","40.07","59.13","0.839","93.33","92.72","27.97","40.74","7","0.39","0.6","45.59","49.84","0.18","0.24","0","1","43.01","96.11","18.11","85.12","30.4","0.88","0.78","115.25","33.35",,"17.64","21.05","1641.64","Desert","98.12","109.6","83.96","5","2","82.68","51.3","20.54","25.78","0","2","2","55.72","100","50.95","92.44","41.19","4544","1"
"EV101883","Tata","Tiago EV","Crossover","2023","Envision AESC","LFP","29.04",,"118863.5","2.89","Fleet","BAT-10001883","815","92.77",,"34.83","92.63","3.609","0.0114","267.07","35.68","55.09","0.304","98.16","96.32","26.94","7.23","16","0.26","0.73","22.75","104.98","0.81","0.98","2","0","80.06","124.53","65.35","36.97","97.02","0.65","0.14","134.61","-9.15","10.59","-26.33","79.76","1179.52","Desert","32.18","1176.8","94.25","12","0","60.21","39.83","17.77","32.94","0","1","0","40.46","30.67","66.37","91.51","40.58","10232","0"
"EV116304","Mahindra","XUV400","Sedan","2023","Panasonic","LMO","144.07","RWD","140433","3.42","Fleet","BAT-10016304","873","88.49","36.49","40.5","87.26","3.665","0.0292","344.51","26.47","34.64","0.309","96.64","96.32","127.49","11.51","28","0.51","0.29","11.2",,"0.59","0.12","1","0","48.27","4.31","86.31","92.92","61.35","0.49","0.66","3","46.4","55.55","39.38","34.51","2375.92","Coastal","46.29","863.7","83.85","23","0","65.21","13.5","38.27","0","0","2","0","22","30.73","87.08","79.48","52.63","11059","0"
"EV116403","Volvo","XC40 Recharge","Crossover","2024","Envision AESC","LFP","127.93","AWD",,"2.01","Private","BAT-10016403","1194","94.28","85.48","79.17","95.53","3.658","0.0047","314.59","40.4","58.57","0.221","96.97","95.71","120.61","5.72","38","0.47","0.49","24.86","466.98","0.07","0.37","2","0","41.74","31.01","39.08","70.39","66.62","0.88","0.98","17.4","6.26","17.09","-13.5","55.98","744.95","Mountainous","46.53",,"96.28","14","1","83.47","48.11","11.53","32.94","0","1","0","55.56","28.52","51.46","78.5","25.5","10464","0"
"EV105000","Audi","Q4 e-tron","Hatchback","2015","SK On","NMC","102.05","AWD","160007.1","11.1","Fleet","BAT-10005000","1281","71.01","74.67","56.91","69.78","3.607","0.0031","295.77","32.25","42.53","0.658","95.8","94.3","72.47","28.99","29","0.22","0.6","76.33","75.1",,"0.5","1","0","114.81","138.66","33.24","5.48","70.81","0.97","0.29","83.09","-21.19","-12.64","-36.75","27.28","2491.95","Desert","38.32","1448.2","83.9","2","2","44.46","20.32","9.55","32.94","0","2","0","63.2","87.46","75.37","96.28","26.27","5980","0"
"EV106824","MG","ZS EV","Crossover","2019","Panasonic","NMC","65.25","RWD","150738.2","7.02","Private","BAT-10006824","932","84.2","63.7","39.58","83.64","3.701","0.0144","303.48","43.88","52.02","0.346","96","96.79","54.94","15.8","13","0.59","0.23","25.03","133.83","0.45","0.73","0","0","62.15","46.18","88.62","16.7","82.39","0.9","0.04","60.31","21.11","34.8","16.11","19.74","1435.06","Flat","45.11","1332","90.69","28","1","40.98","34.39","22.81","30.91","0","0","1","50.26","55.89","69.05","88.39","40.71","8563","0"
"EV102190","Nissan",,"Van","2017","Guoxuan","LFP","147.2","RWD","155334.8","8.9",,"BAT-10002190","1572","76.77","9.52","72.67","75.49","3.433","0.0037","274.64","19.58","38.7","0.493","95.47","94.14","113.01","23.23","39","0.56","0.32",,"447.15","0.93","0.14","0","0","101.5","116.08","82.39","65.57","81.9","0.03",,"124.73","11.53","16.56","8.12","37.93","1390.38","Hilly","13.55","577.4","95.43",,"0","74.46","0.65","6.58","27.17","1","1","0","65.61","85.33","99.99","85.01","60.21","5707","0"
"EV103102","Mercedes-Benz","EQE",,"2018","LG Energy Solution","NCA","51.91","FWD","254420.3","7.79","Private","BAT-10003102","2386","76.78","36.64","49.39","77.68","3.291","0.0012","250.12","14.78",,"0.43","96.11","94.35","39.86","23.22","40","0.23","0.54","132.07","26.64","0.01","0.7","1","0","28.59","93.64","15.1","97.01","36.58","0.52","0.58","81.97","33.22","40.34","22.33","98.16","540.02","Flat","3.33","1183.6","95.15","13","1","53.38","6.04","6.11","0","0","0","0","31.65","94","92.83","89.91","37.74","7692","0"
"EV100288","Tesla","Model Y","SUV","2020","BYD Battery","LFP","90.53","RWD","276378.5","6.11","Fleet","BAT-10000288","2431",,"8.95","12.04","87.84","3.549","0.0002","291.02","29.59","35.64","0.415","95.76","94.78","77.07","14.87","40","0.25","0.72","22","376.06","0.24","0.17",,"0","66.96","39.94","62.9","89.47","2.64","0.53","0.29","21.05","-24.45","-13.12","-33.68","97.98","2569.47","Hilly","11","459.8","87.29","7","0","83.5","11.5","1.17","32.94","1","1","2","49.94","78.19","83.64","88.68","56.1","7686","0"
"EV114659","Volvo","EX30","Van","2019","Northvolt","NMC",,"FWD","240032.1","7.44","Private","BAT-10014659","1800","81.32",,"41.2","80.55","3.543","0.0261","325.96","33.21","43.23",,"96.17","96.58","74.59","18.68","37","0.3","0.69","35.63","224.37","0.05","0.95","1","0","67.02","142.22","27.43","12.2","30.43","0.25","0.63","118.86","-15.56","-1.42","-33.94","6.78","1329.37","Hilly","61.04","1333.7","92.29","22","2","33.8","17.36","41.2","32.94","0","0","1","49.47","70.93","84.12","91.5","29.64",,"0"
"EV106055","Mahindra","XUV400","Sedan","2023","Envision AESC","LFP","67.98","RWD","40290.1",,"Private","BAT-10006055","352","90.74","73.71","38.28","92.47","3.433","0.0117","257.47","43.08","50.27","0.214","96.63","96","61.69","9.26","35","0.67","0.33","16.48","311.39","0.87","0.26",,"0","16.83","39.78","9.33","23.52","58.9","0.38","0.94","53.83","0.87","10.84","-4.74","59.57","2279.06","Mountainous","41.8","1111.9","88.74","26",,"49.06","32.18","20.04","32.94","1",,"0","52.95","23.56","67","82.79","25.1","10086","0"
"EV102739","Audi","e-tron GT","Crossover","2018","LG Energy Solution","LMO","136.9","RWD","336609.3","7.74","Private","BAT-10002739","2776","75.16","11.47","40.27","74.56","3.544","0.0087","301.24","11.96","32.72","0.623","95.72","94.05",,"24.84","19","0.34","0.52","10.81","600","0.68",,"2","0","73.3","64.37","11.49","65.65",,"0.03","0.4",,"21.54","31.53","5.99","76.19","427.01","Mountainous","85.42","262.6","86.71","11","0","83.95","12.58","15.25","11.18","0","3","0","35.67","89.98","84","89.91","27.08","6037","0"
"EV105289",,"XC40 Recharge","Truck","2022","Panasonic","LMO","87.2","FWD","146882.7","3.33","Private","BAT-10005289","987","94.63","2.24","20.03","93.64","3.85",,"331.1","39.47","54.11","0.182","96.99","96.9","82.52","5.37","13","0.09","0.88","29.21","291.63","0.19",,"1","0","88.47","115.68","5.47","10.9","9.84","0.07","0.03","29.99","26.13","31.48","10.34","42.66","264.55","Mountainous","76.33",,"94.9","16","0","56.52","38.97","18.09","27.98","0","0","1","30.62","35.19","60.85","100","20.51","9851","0"
"EV112793","BYD","Seal","SUV","2024","Northvolt","NMC","74.23","RWD","163674.3","2.53","Private","BAT-10012793","1658","86.37","47.92","45.7","85.06",,"0.0053","344.64","32.51","52.15","0.394","96.34","94.61","64.11","13.63","19","0.41",,"56.61","78.61","0.52","0.71","0","2","98.41","19.49","96.25","76.29","94.86","0.29","0.26","20.49","33.99","40.77","21.15","43.82","1444.79","Hilly","20.34","1159.9","94.82","4","0","59.34","30.41","7.98","18.16","1","2","0","66.19","46.26","70.5","79.3","47.55","7488","0"
"EV101410","Renault","Zoe","Truck","2023","SK On","LMO",,"RWD","65560.5","2.64","Private","BAT-10001410","783",,"99.97","53.07","98.37","3.55","0.0026","252.05","30.93","36.93","0.288","97.41","97.64","100.52","3.05","24","0.38",,"41.81","153.32","0.4","0.75","2","1","79.54","4.16","15.8","48.84","8.43","0.6","0.52","3","-3.6","15.58","-7.48","63.26","2589.29","Mountainous","48.3","344.5","90.59","12","2","84.27","10.65","9.71","32.94","1","1","0","39.07","29.5","89.37","76.76","27.2","10418","0"
"EV117237","Kia","EV9","Hatchback","2023","CATL","NMC","59.95","AWD","205585.7","2.95","Fleet","BAT-10017237","1330","92.34","89.53","43.3","90.99",,"0.0043","273.37","15.62","33.62","0.209","97.13","95.9","55.36",,"13","0.31","0.61","18.7","234.53","0.67",,"2","0","60.53",,"78.91","86.62","56.8","0.73","0.41","108.81","36.61","55.82","18.6","40.18","2093","Coastal","3.15","126.3","74.75",,"1","92.79","17.42","10.88","0","1","1","0","25.08","45.93","82.57","89.37","64.68","10074","0"
"EV106928","GM","Cadillac Lyriq",,"2023","CATL","NCA","40.52","RWD","68809.4","3.1","Fleet","BAT-10006928","703","91.41","51.08","17.56","91.64","3.39","0.015","305.1","49.2","56.9","0.335","97.64","95.23","37.04","8.59","41","0.27","0.62","55.43","47.37","0.29","0.68","3","1","37.78","122.58","18.8","43.38","67.55","0.76","0","205.3","-1.79","11.43","-8.09","51.26","812.15","Mountainous","5.41","56.6","86.72","12","2","85.79","44.63","23.63","32.94","2","1","0","43.71","29.48","58.92","80.06","42.81","9559","0"
"EV104779","Tesla","Model S",,"2019","SK On","LMO","102.43","RWD","157804.6",,"Private","BAT-10004779","983","93","6.97","56.07","92.77","3.605","0.0083","252.35","19.68","33.77","0.279","97.54","97.57","95.26","7","23","0.37","0.41","26.89","348.83","0.1","0.16","0","1","12.32","126.05","74.01","35.41","65.2","0.16","0.3","205.3","1.2","19.2","-8.02","31.34","986.13","Flat","9","1339.1","97.53","7","2","46.27","6.27","16.25","32.57","1","1","0","52.4","51.57","92.87","83.8","66.54","8721","0"
"EV106812","BYD",,"SUV","2017","BYD Battery","NMC","120.76","AWD","223274.1","8.7","Fleet","BAT-10006812","1948","82.08","47.33","52.84","83.39",,"0.0002","273.66","26.86","43.17","0.592","95.22","96.83","99.12","17.92","14","0.43","0.33","99.37","65.18","0.16","0.76","0","2","58.92","109.83","66.31","91.92","18.3","0.16","0.09","86.15","-11.13","-1.64","-26.25","43.98","1020.92","Hilly","33.59",,"94.16","0","0","51.33","4.65","1.42","32.94","1","0","1","76.94","80.28","98.72","80.89","64.16","5795","0"
"EV107783","Mercedes-Benz","EQA","SUV","2019","Panasonic","LFP","133.49","RWD","137652.9","7.38","Fleet","BAT-10007783","1304","75.03","24.36","45.91","76.36",,"0.0163","346.56","33.13","42.87","0.512","95.19","94.3","100.16","24.97","30","0.01","0.76","16.83","600","0.06","0.25","2","0","65.27","52.4","19.36","22.21",,"0.86","0.85","75.79","-22.5","-14.76","-35.65","62.89","1544.56","Flat","98.7","176.2","84.21","30","0","90.75","20.69","21.78","32.94","1","4","1","47.99","73.36","82.05","100","21.74","6386","0"
"EV112762","Mahindra","BE 6","SUV","2017","SK On","NMC","90.16","FWD","135594.9","8.91","Fleet","BAT-10012762","973","85.74","12.59","24.05","86.91","3.85","0.0173","304.15","21.68","43.18","0.468","97.17",,"77.3","14.26","17","0.48","0.3","13.49","434.75","0.35","0.2","1","0","110.11","55.71","72.36","16.09","86.52","0.54","0.66",,"34.91","47.31","26.16","70.41","985.85","Hilly","87.77","1305.3","87.11","11","1","51.55","17.26","26.55","8.27","0","0","0","33.64","59.83","82.94","86","39.93","8333","0"
"EV106663","Rivian","R1T",,"2017","Northvolt","NMC","39.34","AWD","168336.8","8.89","Private","BAT-10006663","1243","67.69","38.2",,"67.01","3.617","0.0008","354.47","30.54","42.22","0.607","94.29","93.52","26.63","32.31","25","0.36","0.56","82.41","24.81","0.06","0.35","1","1","99.09","21.97","23.66","5.4","46.02","0.59","0.53","27.01","-11.11","-0.46","-16.39","36.93","1335.99","Flat","54.11","34.4","82.25","28","0","100","12.61",,"32.94","3","1","0","63","76.39","90.32","80.46","17.14","6424","0"
"EV107201","Lucid","Air","Crossover","2022","SK On","NMC","83.02","FWD",,"4.27","Fleet","BAT-10007201","1011","88.73","40.51","60.77","88.38","3.84","0.0058","280.32","25.17","32.55","0.257","96.18","97.08","73.66","11.27","17","0.45","0.31","80.14","59.41","0.42","0.9","0","0","42.36","120.53",,"19.32","31.66","0.67","0.6","108.98","-15.94","-8.21","-29.15","60.83","2509.11","Hilly","67.57","1326.4","96.26","4","0","44.98","6.39","10.76","32.94","3",,"1","49.14",,"94.63","83.19","33.01","9112","0"
"EV101426","BYD",,,"2015","Guoxuan","NMC","103.09","AWD","167371.2","11.22","Fleet","BAT-10001426","1302","62.52","20.99","57.29","63.47","3.738","0.0011",,"44.77","58.34","0.828","93.42","93.26","64.45","37.48","7","0.35","0.41","57.96","162.6","0.22","0.01","0","0",,"41.69","0.11","10.83","82.99","0.37","0.47","41.57","19.08","25.53","5.94","22.27","2001.13",,"76.29","364.9","84.28","8","1","82.38","49.93","5.94","32.94",,"0","1","65.14","93.66","47.24","94.92","11.52","4410","1"
"EV117003","Volkswagen","ID.4","Sedan","2022","Panasonic","NMC","80.83",,"192673.9","4.39","Fleet","BAT-10017003","1425","85.29","70.27","62.42","84.94","3.513","0.0077","333.74","17.97","23.56","0.336","96.11","94.63","68.94","14.71","35","0.22","0.67","78.16","102.7","0.58","0.97","2","1","86.9","39.12",,"33.48","84.91","0.41","0.37","36.3","-10.95","7.4","-30.72","60.46","2481.6","Mountainous","78.09","1300.6","91.91","0","1","39.44","2.12","15.53","32.94","1","0","0","52.32","52.56","98.72","92.29","28.7","7784","0"
"EV115259","Honda","Prologue","SUV","2019","Northvolt","LMO","121.3","FWD","137648.3","6.8","Private","BAT-10015259","1376","80.17","35.67","15.26","80.63","3.557","0.0005","334.36","2.79","10.43","0.424","95.31","96.21","97.25",,"13","0.13","0.63","41.61","232.13","0.47","0.66","2","0","97.72","112.52","83.44","69.56","30.06","0.41","0.25","52.44","7.77","20.46","-2.74","43.66","392.54","Mountainous","62.22","32.7","85.05","23","0","99.75","6.49","4.33","2.66","0","1","0","23.95","62.13","94.73","97.64","54.57","8405","0"
"EV101479","Kia","EV6","SUV","2018","BYD Battery","NMC","94.97","AWD","272716.2","8.14","Private","BAT-10001479","2426","72.67","78.47","42.01","74.18","3.496","0.0187","286.67","16.22","37.42","0.594","95.63","94.19","69.01","27.33","11","0.1","0.81","26.99","196.11","0.11","0.22","3","1","84.33","132.37","78.26","98.21","8.68","0.25","0.96","202.73","16.57","32.87","-0.36","26.56","2194.39","Mountainous","30.08","397.2","88.26","4","0","80.19","3.88","27.3",,"1","0","0","50.13","89.63","96.19","83.25","81.77","6508","0"
"EV110359","GM","Chevrolet Bolt","Crossover","2021","Envision AESC","LFP","107.83","RWD","160744.1","4.68","Fleet","BAT-10010359","1049","83.33","24.39",,"83.49",,"0.0154","250.2","29.33","44.53",,"96.8","94.82","89.85","16.67","16","0.43","0.52","30.68","274.17","0.21","0.69","1","1","27.36","73.09","11.1","99.35","11.49","0.35","0.27","108.24","-4","1.89","-16.7","14.18","277.9","Coastal","28.39","1161.3","91.54","5","1",,"15.92","25.17","32.94","1","1","0","53.51","44.24","82.24","85.72","50.63","7568","0"
"EV102826","Tata","Nexon EV","SUV","2015","Northvolt","LTO","74.94","FWD","374381.8","11.35","Private","BAT-10002826","2617","66.31","71.79","42.66",,"3.533","0.0045","300.3","35.75","50.16","0.732","93.94","92.69","49.69","33.69","10","0.01",,"20.32","232.06","0.03","0.57","1","0","96.52","142.33","67.33","29.15","84.05","0.77","0.17","196.03","-1.36","10.26","-21.12","38.27","2272.73","Flat","40.19",,"87.73","0","0","48.81","23.43","7.05","32.94","0","0","0","59.1","100",,"100","43","4284","0"
"EV104799","MG","Comet EV","SUV","2017","Northvolt","LFP","25.42","FWD","183057.5","9.3","Private","BAT-10004799","1310","72.82","63.69","54.22","72.97","3.521","0.0067","306.33","19.13","30.2","0.519","94.8","94.8","18.51","27.18","12","0.21","0.75","29.07","71.89","0.82","0.94","3","0","91.8","141.91","64.88","61.4","0.7","0.89","0.02","205.3","22.34","39.71","11.92","52.36","471.66","Desert","48.42","879.1","92.98","8","0","67.29","19.01","12.36","7.86","0","3","1","44.85","76.2","80.83","87.26","67.22","7523","0"
"EV114970","GM","Chevrolet Bolt","Crossover","2024","CATL","LMO","72.89","RWD","119695.5","2.09","Fleet","BAT-10014970","967","92.56","51.68","39.78","93.57","3.636","0.0159","338.15","45.55","56.96","0.266","97.24","97.1","67.47","7.44","22","0.15","0.62",,"88.82","0.44","0.28","0","1","86.62","50.91","66.81","21.17","1.78","0.62","0.47","78.7",,"14.77","-17.07","9.72","1325.25","Desert","48.01","361.1","89.68","2","1","82.55","48.42","26","32.94","0","1","1","46.86","31.62","49.75","96.41","50.33","9171","0"
"EV103292","Porsche","Macan Electric","Crossover","2016","CATL","LMO","61.14","FWD","172185.2","9.76","Private","BAT-10003292",,"81.61","69.65","41.99","83.16","3.615","0.0074","253.05","8.01","20.78","0.399","95.49","95.67",,"18.39","6","0.39","0.51","87","60.54","0.33","0.09","1","0",,"81.47","66.19","95.77","95.86","0.78","0.43","30.15","45.85","58.44","30.01","34.14","976.36","Hilly","65.02","510.8","72.13","4","1","71.58","15.66","12.46","0","0","2","1","28.26","83.87","84.96","83.46","38.61","7732","0"
"EV106665","Volkswagen","ID.3","Sedan","2016","SK On","NMC","120.57","FWD","174754.2","9.71","Fleet","BAT-10006665","1640","67.84","53.62","37.05","67.42","3.696","0.0051","277.2","22.61","28.51","0.647","94.79","93.78","81.79","32.16","40","0.43","0.5","36.86","238.99","0.55","0.86","0","1","13","141.49","44.95","39.74","3.61","0.61","0.51","93.16","43.43","48.96","29.39","77.41",,"Hilly","67.48","1111.3","82.68","26","1","60.06","12.09","12.1","0","0","2","1","42.8","87.35","82.92","88.15","42.63","5707","0"
"EV106807","BYD","Dolphin","Sedan","2022","Guoxuan","LFP","85.89","RWD","90891.3","3.8","Private","BAT-10006807","587","86.55","40.79","56.15","86.39","3.739","0.0063","373.9","17.89","25.71","0.247","96.57","95.19","74.34","13.45","30","0.15","0.68","35.05","171.14","0.15","0.21","1","2","114.27","38.53","62.51","94.83","16.49","0.71","0.32","17.92","23.97","38.28","10.49","30.64","1881.83","Flat","60.8","515.2","94.89","23","0","81.53","4.17","11.62","1.74","0","0","1","35.31","31.03","96.49","79.72",,"8986","0"
"EV102845","Mahindra","XUV400","Crossover","2019","BYD Battery","NMC","109.81","RWD","159605.4","7.14","Private","BAT-10002845","1046","88.17","64.94","62.49",,"3.399","0.0154","339.9","18.47","40.33","0.408","95.94","94.92","96.82","11.83","39","0.23","0.58","55.23","176.86","0.14","0.04","1","0","13.61","39.31","79.66","30.35","94.33","0.48","0.84",,"16.72","36.42","8.93",,"2158.52","Coastal","94.09","675.3","96.82","24","2","67","6.31","27.68","23.61","1","1","0","40.3","58.99","92.6","95.82","30.11","8309","0"
"EV107094","GM","Cadillac Lyriq","Crossover","2022","CATL","NMC","57.69",,"64177.8","4.03","Fleet","BAT-10007094","670","86.92","48.86",,"85.2","3.642","0.0087","320.5","33.9","51.76","0.423","96.26","96.53","50.14",,"39","0.33","0.53","28.01","190.77","0.9","0.75","3","0","87.27","61.89","50.74","55.09","33.31","0.16","0.11","44.8","-7.94","11","-26.88","23.51","1769.12","Desert","23.63","109.7","95.8","3","0","97.47","24.61","12.42","32.94","0","0","0","43.28","31.59","76.96","76.87","38.18","9887","0"
"EV112531","MG","ZS EV",,,"LG Energy Solution","NCA","136.8",,"130084.6","3.92","Fleet","BAT-10012531","1393","87.77","53.73","29.11","86.97","3.46","0.0055","346","35.55","56.53","0.325","97.5","97.39","120.07","12.23","14","0.09","0.9","86.85","96.79","0.69","0.02","2","0","49.99","132.9","47","48.56","71.02","0.36","0.46",,"23.47","36.19","20.07","41.18","2222.18","Flat","1.12","1350.6","90.8","13","0",,"31.55","9.73","32.94","0","1","0","39.58","49.24","71.4","90.74","48.69","9390","0"
"EV106173","BYD","Seal","Crossover","2023","SK On","LFP","67.66","FWD","78190.3","2.77","Fleet","BAT-10006173","677","89.08","37.96","50.82","89.46","3.511","0.0032","252.79","33.34","54.44","0.393","96.23","96.16","60.27","10.92","38","0.19","0.6","29.51",,"0.15","0.07","0","2","98.28","44.35","24.56","44","19.97","0.83","0.54","39.28","34.38","49.5","22.64","82","1627.52","Hilly","48.79","1029.5","91.46","15","1","58.23","40.66","7.37","20.06","0","3","1",,"32.56","60.54","83.77","34.32","9887","0"
"EV104675","Tesla","Model Y","Crossover",,"Guoxuan","LMO","46.72","RWD","136972.1","5.97","Private","BAT-10004675",,"79.96","14.55","53.51","79.76","3.728","0.0115","298.24","24.49","38.3","0.409","96.49","95.79","37.36","20.04","34","0.7","0.08","27.78","95.76","0.41","0.01","1","2","87.8","132.46","87.57","28.67","28.73","0.68","0.24","180.46","-20.42","-12.2","-36.91","99.7","2137.68","Mountainous",,"730.5","94.64","17","1","56.47","1.42","20.94","32.94","1","0","0","83.1","53.49","100","58.7","74.93","6365","0"
"EV110357","Nissan","Ariya","SUV",,"LG Energy Solution","LFP","85.14","RWD","252924.1","4.05","Private","BAT-10010357","1812","76.8","40.48","71.94","79","3.788","0.0069","390.16","29.36","35.72","0.522","96.05","93.58","65.39","23.2","11","0.53","0.41","37.15","182.9","0.43","0.23","1","0","63.45","62.27","95.08","59.87","80.17","0.17","0.81","91.05","12.82",,"-1.14","50.6","1568.25","Coastal","24.66","471.8",,"19","0","86.95","7.89","10.62","22.9","1","2","2","64.69","60.53","91.44","86.11","60.54","6810","0"
"EV105801","Lucid","Air","SUV","2019","LG Energy Solution","NMC","63.08","FWD","127768.7","6.98","Private","BAT-10005801","1249","79.82","50.3","53.38","80.24","3.473","0.0182","246.58","28.56","35.18","0.449","96.93","95.91","50.35","20.18","29","0.22","0.73","38.31","145.71","0.47","0.26","1","0","76.15","63.07","78.71","67.01","63.54","0.42","0.59","32.64","37.55","53.01","29.06","83.81","2282.81","Coastal","24.58","734.7","75.29","29","1","68.42","16.32","28.75","0","1","3","1","32.2","64.41","85.54","91.09","43.66","9132","0"
"EV111368","Lucid",,"Crossover","2020","BYD Battery","LFP","108.7","AWD","152851.4","6.02","Private","BAT-10011368","1272","82.91","21.04","34.68","81.46","3.669","0.0171","374.24","37.4","49.36","0.448","97.17","96.21","90.12","17.09","2","0.04","0.72","88.05","119.72","0.56","0.6","0","1","27.03","7.93","47.23","95.24","87.27","0.01","0.39","7.48","-12.03","7.68","-21.77","40.45","1259.1",,"5.57","1254.5","88.52","5","5","28.63","25.12","33.33","32.94","2","2","0","52","61.76","74.26","97.7","32.67","7490","1"
"EV103985","Tata","Nexon EV","Hatchback","2019","Northvolt","LTO","109.95","RWD","79028.6","6.88","Private","BAT-10003985","758","88.32","20.26","49.26","88.43","3.543","0.0001","329.5","43.05","56.29","0.202","96.04","96.36","97.11","11.68","13",,"0.67","37.16","286.45","0.75","0.42","0","0","63.81","136.64","74.03","2.46","74.15","0.44","0.36","140.71","-14.87","2.09","-31.25","22.38","11.21","Mountainous","41.48","1022.2","93.57","29","1","59.9","36.25","3.18","32.94","0","0","0","49.75","51.36","61.04","91.81","45.01",,"0"
"EV108457","GM","Cadillac Lyriq","Truck","2024","Northvolt","LFP","43.14",,"64307.2","2.07","Private","BAT-10008457","704",,"6.64","55.1","94","3.33","0.0022","259.74","16.31","28.05","0.267","96.79","95.69","39.72",,"11","0.44","0.45","11.09","333.28","0.5","0.73","3","0","65.51","117.14","5.38","15.35","39.7","0.42","0.37","113.17","11.06","22.65","7.69","70.57","2159.61","Mountainous","72.93","202.8","89.84","21","1","88.81",,"8.54","16.99","0",,"0","35.71","19.35","90.05","80.51","36.5","10348","0"
"EV114130","Rivian","R1S","SUV","2018","SK On","NMC","35.64","RWD","125026.3","8.22","Private","BAT-10014130","858","78.12","35.08","63.39","80.03","3.484","0.0083","313.56","17.3","34.87","0.557","94.87","96.16","27.84","21.88","32","0.21","0.71","12.61","186.29","0.19","0.4","1","0","89.24","9.65","92.11","8.31",,"0.66","0.23","19.08","-4.46","3.8","-23.43","50.28","299.95","Mountainous","82.78","1095.9","90.43","21","0","58.41","8.13","13","32.94","1","3","1","59.64","65.07","93.53","90.43","28.33",,"0"
"EV110507","Mercedes-Benz","EQA","SUV","2020","Envision AESC","LFP","107.58","FWD","96460.4","5.69","Fleet","BAT-10010507","613","83.61","62.95","22.48","83.15","3.523","0.0075","317.07","31.91","50.2","0.397","95.89","96.25","89.95","16.39","15","0.6","0.15","43.25","201.83","0.09","0.96","4","1","43.84","127.1","34.33","55.73","68.27","0.18","0.18","55.79","-2.18","6.8","-15.57","66.19","357.49","Desert","20.51","1185.8","92.76","27","2","37.52","25.22","15.82","32.94","1","0","0","49.35",,"71.52","64.72","38.18","9026","0"
"EV111031","Mercedes-Benz","EQA","Truck","2022","Envision AESC","LTO","81.26","AWD","131183.4","4","Fleet","BAT-10011031","1091","86.08","45.9","48.04","83.01","3.722","0.0039","372.2","33.77","55.39","0.323","95.79","95.4","69.95","13.92","13","0.35","0.51","66.4","75.43","0.38","0.73","0","0","24.75","137.8","40.77","49.76","75.28","0.93","0.99","165.84","46.01","55.4","42.9","36.18","755.32","Flat","37.69","290","77.31","26","1","73.94","46.56","8.17","9.38","1","1","0","34.04",,"57.35","91.26","50.26","9100","0"
"EV119415","Audi","Q4 e-tron","Hatchback","2018","Guoxuan","LTO","81.52","AWD","239230.6","8.06","Private","BAT-10019415","2552","76.61","40.96","58.96","77.04","3.648","0.005","372.1","31.25","51.78","0.601","95.23","96.11","62.45","23.39","14","0.35","0.47","45.79","93.51","0.41","0.22","1","1","48.51","60.26","91.82","14.22","46.13","0.27","0.7","80.25","35.76","41.42","18.26","17.51","637.07","Desert","71.23","548.6","87.01","3","0","74.63","43.47","6.83","16.02","0","5","1","56.93","88.83","54.85","79.29","58.01","4987","1"
"EV107369","Lucid","Air","Van","2016","Guoxuan","NCA","98.18","RWD","131637.6","9.65","Fleet","BAT-10007369","1157","62.78","29.71","74.51","61.38","3.614","0.0156","365.01","20.93","27.8","0.845","94.8","92.93","61.64",,"30","0.16","0.69","24.27","282.92","0.39","0.22","1",,"37.93","5.44","91.32","24.8","99.12","0.34","0.04",,"-6.62","1.05","-24.64","26.95","2507.12","Hilly","71.53","603.1","83.65","19","2","71.25","11.33","25.21","32.94","4","2","0","71.24","80.36","94.05","97.45","31.32","5143","0"
"EV117224","BMW","iX1","Hatchback","2021","Guoxuan","NMC","68.53","FWD","118349.2","5.27","Private","BAT-10017224","893","89.77","72.05","32.46","89.35","3.542","0.0031","329.41","37.65","42.81","0.331","97.45","97.7","61.52","10.23","8","0.17","0.6","35.56","114.97","0.08","0.24","0","0","104","46.1","86.59","86.05","23.74","1","0.8",,"-17.19","-2.95","-35.05","53.9","1935.57","Desert","98.44","1484.2","95.28","0","1","38.65","4.89","9.3","32.94","0","0","0","41.13","35.84","98.55","95.74","59.69","9810","0"
"EV109311","Nissan","Leaf","Hatchback","2024","BYD Battery","NMC","76.92","FWD","119877.4","1.99","Fleet","BAT-10009311","925","90.83","31.45","67.68","89.84","3.628","0.0001","322.89","7.58",,"0.304","97.67","95.27","69.87","9.17","30","0.15",,"31.12","170.35","0.58","0.66","1","0","37.24","116.14","23.5",,"76.26","0.7","0.95","46.95",,"18.56","0.27","81.86","1697.73","Hilly","18.29","78.5","90.57","9","4","82.83","8.01","8.61","4.88","1","2","1","29.02","28.4","93.26","94.31","24.13","10740","0"
"EV106253","Renault","Zoe","Sedan","2023","LG Energy Solution","LTO","86.62","FWD","17350.1","2.19","Fleet","BAT-10006253","463","95.29",,,"93.75","3.642","0.0045","276.79","42.6","51.45","0.226","97.67","96.78","82.54","4.71","37",,"0.67","80.69","87.76","0.05","0.11","0","0",,"18.32","22.86",,"53.69","0.45","0.58","27.86","38.67","57.9","30.37","88.5","38.4","Flat","66.7","165.7","74.49","24","0",,"41.48","7.39","12.78","0",,"0","17.73","24.88","56.42","85.03","24.9","11353","0"
"EV105564","Porsche","Taycan","Sedan","2024","LG Energy Solution",,"89.48","AWD","126069.2","2.39","Private","BAT-10005564","1222","90.26","13.19","20.97","90.35","3.682","0.0002","276.15","8.23","13.23","0.383","97.3","96.41","80.76","9.74","11","0.58","0.21",,"600","0.02","0.92","0","0","42.29","122.76","52.26","83.36","4.31","0.88","0.38","82.29","20.22","33.83","7.55","27.29","2618.76","Hilly","46.17","729.4","95.48","28","3","65.7","2.16","7.18","0","1","0","1","29.71","32.3","95.26","90.09","57.97","9467","0"
"EV117857","Honda","e:N1","SUV","2017","LG Energy Solution","LMO","97.67","AWD","205165.1","8.98","Private","BAT-10017857","1699","83.45","81.42","33","84.29","3.508","0.0247","291.16","42.9","53.47","0.31","97.29","94.86","81.51","16.55","3","0.55",,"37.33",,"0.53","0.81","4","1","54.07","69.4","69.96","34.05","95.24","0.01","0.57","74.35","36.45","56.44","30.55","25.57","562.41","Coastal","19.9","1433.6","81.92","25","1","37.69","38.5","36.51","17.02","1","0","0","47.63","81.59","62.23","71.97","35.36","7825","0"
"EV113302","Volkswagen","ID.4","Crossover","2021","BYD Battery",,"51.48",,"199809.5","5.57","Private","BAT-10013302","1563","83.86","51.33","30.51","83.7","3.489","0.001","247.72","62.72","71.02","0.492","97.21","95.25","43.17","16.14","9","0.21","0.72","12.6","339.58","0.53","0.01","1","0","42.3","14.77","96.11","48.13","67.47","0.19","0.85","14.52","-6.87","1.3","-15.7","79.8","393.9","Desert","5.81","1300.1","91.02","11","1","49.06","64.67","7.16","32.94","0","0","1","48.3","63.02","35.94","100","46.37","6843","0"
"EV104777","Mahindra","XUV400","SUV","2019","Envision AESC","NMC","68.45","AWD","81274.6","7.19","Private","BAT-10004777","973","73.29","43.96","48.29","74.6","3.48","0.0267","323.64","25.75","36.47","0.472","95.97","93.36","50.17","26.71","1","0.33","0.65","24.69","156.98","0.8",,"2","1","64.39","69.44","62.65","68.49","30.99","0.74","0.15","58","-14.34","3.31","-31.86","79","2218.25","Coastal","53.35","1262.3","93.46","27","2","43.57","1.68","39.42","32.94","2",,"0","61.37","60.55","100","74.2","46.17","7350","0"
"EV106481","Tesla","Model 3","Sedan","2016","BYD Battery","NCA","128.17","RWD","201498.4","10.05","Private","BAT-10006481","1253",,"68.93","27.77","60.81","3.553","0.003","259.37","30.48","46.33","0.672",,"91.83","80.5","37.19","12","0.67","0.29","56.97","202.73","0.2","0.93","1","1","115.63","130.18","42.69","75.93","78.68","0.64","0.84","130","-5.35","9.52","-21.8","95.25","17.1","Desert","49.93","703.6","82.44","17","1","63.45","31.5","7.31","32.94","0","1","0","67.46","91.68","69.17","80.61","47.68","5554","1"
"EV105988","Mercedes-Benz","EQA","Crossover","2021","SK On","LFP","43.18","FWD","76204.5","4.86","Private","BAT-10005988","922","82.33","59.24","39.33","84.96",,"0.0025","305.29","34.05",,"0.341","96.18",,"35.55","17.67","28","0.44","0.49","43.3","92.59","0.9","0.86","0","0","101.31","101.05","48.37","4.23","52.43","0.77","0.43","84.43","-18.6","-12.42","-31.38","78.28","549.35","Hilly","5.09","1125.4","88.41","4","2","36.38","13.11","8.7","32.94","1","1","3","49.26","51.05","90.25","88.68","28.25","7966","0"
"EV117177","Rivian","R1T","SUV","2016","SK On","NMC","95.61","FWD","188964","9.92","Fleet","BAT-10017177","1275","62.69","55.42","35.68","60.93",,"0.0059","292.49","6.93","22.29","0.814","94.88","93.23","59.94","37.31","10","0.58","0.25","33.27","240.78","0.42","0.35","1","0","20.4","108.5","38.7","9.09","85.15","0.71","0.05","60.01","10.09","27.76","-3.75","25.78","676.13","Hilly",,"1036.7","86.55","28","1","62.64","9.87","10.73","12.2","0","0","1","44.39","85.3","88.83","81.45","28.69","6042","0"
"EV113320","Mercedes-Benz","EQA","Sedan","2020","Panasonic","LTO","133.42","FWD","122487.5","6.16","Private","BAT-10013320","805","77.47","72.1","75.69","78.25","3.657","0.0111","266.96","10.91","17.74","0.547","95.58","95.04","103.36","22.53","40","0.38",,"16.64","600","0.58","0.76","2","0","50.09","124.07","17.45","40.7","11.43","0.69","0.37","108.01","0.83","10.89","-9.8","37.12","388","Coastal","57.55","1217.7","91.86","11","0","50.62","5.65","17.35","16.91","0","2","0","44.26","58.29","94.77","89.47","34.38","8738","0"
"EV104257","Rivian","R1T","Hatchback","2016","Northvolt","LMO","73.06","AWD","191786.6","10.04","Private","BAT-10004257","1710","84.35","50.2","34.52","86.86","3.395","0.0113","322.52","37.84","58.7","0.268","96.39","94.12","61.63","15.65","8","0.46","0.29","24.51","193.79","0.57","0.44","0","1","23.43","56.97","78.25","35.68","81.49","0.09","0.75",,"-11.66","-5.1","-30.31","58.02","606.17","Hilly","63.25","156.7","94.12","15","1","84.96","44.37","18.06","32.94","1","1","3","59.03","86.33","55.85","77.73","37.81","6347","1"
"EV102126","Tata",,"Hatchback","2023","Northvolt","NCA","137.4","AWD","101416.4","2.92","Private","BAT-10002126","1065","87.6","78.42","56.45","88.31","3.553","0.001","326.88","36.51","41.96","0.3","96.13","96.72","120.36","12.4","6","0.49","0.3","26.49","421.66","0.33","0.45","0","1","15.51","110.08","85.1","77.74","36.6","0.92","0.56","102.3","18.36","37.45","9","18.72","2535.53",,"11.88","124","87.33","17","2","90.49","10.05","9.13","23.6","0","1","0","47.69","36.75","91.05","77.04","59.1","9372","0"
"EV103298","Lucid","Air","Sedan","2018","Panasonic","LMO","136.01","FWD","209444.4","8.06","Private","BAT-10003298",,"82.46","81.47","25.46","81.01","3.661","0.0001","369.76",,"60.87","0.512","96.29","94.3","112.15","17.54","18","0.32","0.67","26.61","436.7","0.52","0.34","0","1","25.13","91.02","10.95","2.62","96.57","0.94","0.82","108.77","36.78","53.5","24.95","58.33","2056.02","Hilly","75.77","403.9","78.22","1","0","83.26","58.94","0.49","24.09","1","0","0","40.77","62.96",,"92.78","14.05","8322","0"
"EV104709","Nissan","Leaf","Sedan","2017","LG Energy Solution","NMC","67.7","AWD","157321.5","8.94","Private","BAT-10004709","1249","71.89","24.06","45","73.06","3.519","0.0101",,"43.34","55.25","0.62","94.58","93.83","48.67","28.11","24","0.4","0.56","11.74","340.19","0.29","0.87","1","1","49.18","19.9","80.29","25.84","61.44","0.24","0.62","27.96","19.21","28.03","1.17","39.89",,"Desert","88.16","1089.3","84.68","30","1","58.5","49.08","15.88","32.94","0","2","1","64.71","80.79","52.21","84.48","49.06","5636","1"
"EV117104","Lucid","Air","Hatchback","2021","Northvolt","LMO","102.91","FWD","269028","5.06","Private","BAT-10017104","1652","77.81","50.46","30.16","77.35","3.537","0.0184","247.59","39.07","45","0.525","94.81","94.17","80.07","22.19","1","0.38","0.41","27.11","371.9","0.28","0.54","3","0","70.4","28.67","37.81","96.05","15.44","0.02","0.2","19.32","-1.08","14.42","-16.41","6.97","1826.98","Flat","52.19","1422.5","86.74","1","1","35.99","17.4","28.89","32.94","3","1","0","49.56","65.26","83.68","82.17","43.41","7662","0"
"EV107610","GM","Cadillac Lyriq","SUV","2016","SK On","NMC","131.1","AWD","405457.7","10.28","Fleet","BAT-10007610","3236",,"54.62",,"51.48","3.673","0.0076","293.84","37.12","53.49","1.033","93.85","91.25","66.8","49.05","34","0.24","0.56","54.69","216.06","0.36","0.31","0","0","100.15","27.02","96.13","87.85","73.33","0.54","0.33","41.01","-12.23","6.01","-18.07","16.41","1189.44","Coastal","85.08","918","88.71","17","2","51.93","39.32","16.16","32.94","0","1",,"69.39","100","63.69","93.31","51.87","2965","0"
"EV109404","Ford","F-150 Lightning","SUV","2023","Envision AESC","NMC",,"AWD","256338.6","3.61","Private","BAT-10009404","3093","83.86","51.99","38.01","84.57","3.504","0.0154","248.78","13.13","32.72","0.417","96.21","94.43","42.34","16.14","6","0.9","0","18.64","176.94","0.63","0.88","1",,"23.45",,"89.69","9.01","32.06","0.11","0.1","59.7","-12.02","1.93",,"49.04","854.18","Mountainous",,"825.7","91.64","11","1","64.67","12.37","22.72","32.94","0","0","2",,"78.46","86.8","76.44",,"5727","0"
"EV113612","Renault","Megane E-Tech","SUV","2023","BYD Battery","LMO","136.34","RWD","158744.2","3.04","Private","BAT-10013612","1274","89.18","25.15","26.18","87.07","3.604","0.0179","364","43.01","58.2","0.386","97.87","96.25","121.59","10.82","33","0.09","0.74","15.83","511","0.6","0.97","1","0","29.01","30.83","95.19","31.03","97.92","0.5","0.18","18.73","-21.07","-6.08","-36.72","37.76","1754.98","Coastal","93.95","1194.7","97.12","5","0","48.1","43.62","24.98","32.94","0","1","1","43.66","45.43","59.66","100","42.94",,"0"
"EV108802","Honda","e:N1","Van","2021","Panasonic","NMC","72.55","AWD","92552.4","5.22","Private","BAT-10008802","793","90.54","40.42","33.9","92.06","3.452","0","279.61","48.67","60.5","0.399","97.83","97.52","65.69","9.46","40","0.53","0.35","58.99","59.77","0.09","0.74",,"0","27.42","36.06","34.5","77.92","74.38","0.28","0.13","34.45","45.3","50.33","29.28","55.02","1279.31","Hilly","82.83","574.2","84.99","5","1","68.23","57.85","2.34","15.2","1","1","0","42.17","44.91","44.78","89.47","36.27","10332","0"
"EV112472",,"Macan Electric","Van","2016","Panasonic","LFP","40.47","FWD","142805.5",,"Fleet","BAT-10012472","1626","72.07","98.13","83.85","72.95","3.58","0.0042","264.92","31.46","40.23","0.576","95.4","94.8","29.17","27.93","21","0.24","0.52","20.08","109.99","0.51","0.04",,"0","44.84","51.46","9.83","34.44","25.45","0.26","0.09","31.8","26.89","33.9","15.64","29.63","2483.02","Hilly","94.99","565.7","86.9","24","1","77.98","17.75","11.27","13.34","0","2","0","49.03","88.4","80.41","93.78","20.59","6383","0"
"EV116318","BMW","iX1","Crossover","2015","SK On","NMC","121.91","RWD","305215.8","10.6",,"BAT-10016318","2626","80.6","23.45","14.91","77.24","3.606","0.0012","335.36","31.64","40.28","0.532","95.16","96.47","98.26","19.4","24","0.29","0.63","56.88","141.21","0.09","0.3","2","1","45.84","133.46","89.45","98.65",,"0.27","0.84","144.45",,"-0.1","-14.44","35.92","1517.49","Flat","51.4","763.2","96.36","24",,"74.29","10.06","5.26",,"0","2","0","53.73","100","87.02","75.63","61.14","6071","0"
"EV119244","Lucid","Air","Van","2017","CATL","LFP","59.8","AWD","124288.2","8.71",,"BAT-10019244","1416","69.46","11.61","49.48","68.06","3.552","0.0037","259.3","23.79","35.8","0.674","94.95","94.1","41.54","30.54","16","0.5","0.29","65.03","66.57","0.66",,,"0","94.57","56.72","48.79","41.59","23.06","0.48","0.79","44.8","47.5","62.51","29.21","70.99","1857.92","Mountainous","1.14","1255.9","72.58","13","0","51.61","18","7.49","0","3","2","0","35.67","79.36","80.06","85.26","42.28","7133","0"
"EV101737","Renault","Megane E-Tech","SUV","2023","SK On",,"48.32","AWD","132402.4","2.68","Private","BAT-10001737","800","87.97","56.35","20.54","87.77","3.487",,"334.75","34.88","44.78","0.38","96.57","96.01","42.51","12.03","40","0.48","0.34","59.55","80.79","0.02","0.53","0","0","116.82","118.65","57.59","37.27","33.74","0.87","0.12","151.48","13.31","23.38","5.25","45.92","734.54","Flat","76.51","1333.2","92.63","25","1","47.16","10.15","5.62","31.47","0","1","0","49.85","25.71","89.16","93.26","55.65","9076","0"
"EV107003","GM","Chevrolet Bolt","Truck","2016","SK On","NMC","79.73",,"135888.5","10.33","Private","BAT-10007003","1253","69.21","95.4","28.54",,"3.624","0.0009","362.4","57.72","66.2","0.725","93.94","92.75","55.18","30.79","40","0.09",,"13.98","366.09","0.6","0.27","1","1","107.45","3.5","57.89","26.54","12.34","0.89","0.67","3","-13","3.58","-28.2","33.29","1940.34","Mountainous","80.49","1322.8","86.54","9","1",,"63.73","5.54","32.94","1","0","1","59.65","80.27","34.45","86.51","30.41","7075","1"
"EV102360","Lucid","Air","SUV","2022","SK On","NMC","112.57","FWD","191621.9","3.99","Private","BAT-10002360","1388","86.94","23.99","57.62","83.74","3.46",,,"34.36","51.79","0.431","96.71",,"97.87","13.06","20","0.17","0.67","16.06","600","0.1","0.97","3","0","37.49","139.71","66.66","34.64","95.35","0.62","0.74","142.99","7.73","14.69","-5.23","9.82","152.48","Desert","57.33","574.7","95.88","29","0","68.98","37.88","10","32.94","1","2","0","51.18","46.62","60.63","87.75","42.69","7602","0"
"EV115306","Lucid","Air","Truck","2015","LG Energy Solution","NCA","137.09","FWD","197868.1","11.05","Private","BAT-10015306","1941","65",,"26.15","64.44","3.587","0.0061","272.61","32.91",,"0.779","94.55","94.77","89.11","35","16","0.23","0.7","87.77","103.57","0.71","0.16","1","0",,"53.63","48.78","24.64","11.81","0.29","0.11","26.24","39.02","47.87","31.55","22.52",,"Hilly","8.12","1358.7","82.57","12","0","44.13","8.58","8.26",,,"1","0","31.73","100","94.89","89.36","31.52","5481","0"
"EV111775","Ford","F-150 Lightning","Hatchback","2017","SK On","NCA","37.92","FWD","114209.3","9.53","Fleet","BAT-10011775","1257","70.99","52.93","35.54","68.92","3.531","0.0081","268.36","24.33","39.51","0.651","94.53","93.49","26.92","29.01","20","0.14","0.71","85.03","22.76","0.48","0.18","1","0","57.98","23.83","68.22","33.6","79.38","1","0.36","28.19","-15.52","-10.31","-21","70.27","1783.62","Hilly","76.05","381.1","91.19","20","1","85.26","4.55","12.79","32.94","0","1","3","50.94","85.08","95.08","90.96","39.49","6089","0"
"EV112959","Tesla","Model 3","Sedan","2017","Panasonic","NMC",,"RWD","200522.3","8.84","Private","BAT-10012959","1905","68.01","62.63","75.89","65.47",,"0.0191",,"17.27","27.47","0.574","95.56","94","82.21","31.99","40","0.08","0.86","18.11","383.23","0.05","0.11","0","1","12.34","22.28","48.76","33.02","69.26","0.53","0.63","20.72","28.51","42.2",,"85.3","156.37","Desert","51.8","1417.7","87.09","20","2","33.18","5.82","30.53","0","1","0","0","38.17","84.12","96.74","95.13","22.61","6555","0"
"EV114036","Audi","Q4 e-tron","SUV","2015","SK On","LMO","135.45","AWD","281322.2","10.97","Fleet","BAT-10014036","2282","76.67","67.73","34.11",,"3.698","0.0186","295.84","16.16","33.53","0.641","95.85","93.98","103.85","23.33","24","0.33","0.65","42.18",,"0.66","0.19","0","0",,"38.74","62.97","30.74","74.86","0.68","0.67","37.59","-9.75","6.14","-27.73","28.95","2086.73","Hilly","75.57","797.6","84.06","3","2","63.77","10.57","28.43","32.94","0","0",,"58.25","96.43","91.71","95.79","33.14","5861","0"
"EV113911","GM","Cadillac Lyriq","Hatchback","2020","Guoxuan","NMC","148.29","FWD","193490.7","5.94","Private","BAT-10013911","1437","86.27","75.33","59.75","83.78","3.761","0.0033","327.21","47.01","58.7","0.396","96.4","97.32","127.93","13.73","9","0.35","0.52","32.36",,"0.43","0.01","1","0","10.54","12.61","18.81","1.28","93.29","0.25","0.3","6.61","-10.26","6.86","-14.43","52.15","156.08","Desert","98.21","364.7","86.41","23","1","82.87","55.55","8.42","32.94","1","2","1","46.04","51.15","45.52","82.85","10.32","8855","0"
"EV109914","Porsche","Macan Electric","Hatchback","2024","LG Energy Solution","LMO","52.08","FWD","64800.2","1.88","Private","BAT-10009914",,"99.8","78.12",,"98.84","3.805","0.0058","315.82","32.2","42.95","0.166","97.12","96.09","51.98","0.2","16","0.36","0.55","19.66","224.86",,"0.67","1","1","70.52","119.08","97.67","10.09","20.39","0.69","0.71","205.3","-10.96","-0.71","-24.07","73.08","91.28","Mountainous","71.91","770.8","90.74","4","2","62.01","13.72","13.47","32.94","0","1","0","55.23","28.1","87.11","82.68","71.8","9890","0"
"EV119617","Rivian","R1S","SUV","2017","Northvolt","LFP","65.26","AWD","142793.4","8.46","Private","BAT-10019617","915","87.08","13.11","69.42","86.25","3.801","0.0197","326.89","35.75","48.09","0.397","96.54","95.84","56.83","12.92",,"0.69","0.15","21.93","300.6","0.09","0.24","1","2","36.22","121.61",,"95.24","57.97","0.69","0","158.44","44.42","62.09","24.46","52.33","280.34","Hilly","86.84","1183","70.46","20","1","40.81","32.03","30.75","3.67","2","1","0","41.51","62.98","70.91",,"50.57",,"0"
"EV112772","Volvo","EX30","Hatchback","2015","LG Energy Solution","LMO","30.31","RWD","162267.8","11.01","Private","BAT-10012772","1068","74.86","41.11","28.17","75.77","3.487","0.0001","341.73","28.95","41.2","0.597","96.12","93.61","22.69","25.14","13","0.22","0.59","47.49","43.09","0.58","0.31","2","2","82.98","95.18","19.14","42.21","47.36","0.05","0.27","84.25","1.76","15.77","-5.96","18.6","382.32","Hilly","85.75","146.1","85.12","23","1","84.27","8.69","4.49","32.94","1","2","1","56.32","91.35","89.64","77.15","36.27","6886","0"
"EV102796","Honda","e:N1","Truck","2021",,"LTO","30.09","RWD","144993.1","5.27","Fleet","BAT-10002796","1437","82.19","50.41","52","81.14","3.729","0.0238","279.68","22.12",,,"96.03","95.89","24.73","17.81","4","0.07","0.69","26.48","71.67","0.9","0.09",,"0","85.74","62.01","6.81","21.89","84.74","0.8","0.03","71.48","36.29","49.65","20.99","28.87","1716.85",,"59.46","74.6","81.82","17","0","91.17",,"34.45","5.94","1","0","0","26.38","59.44","79.29","94.51",,"8725","0"
"EV118675","Lucid","Air","Crossover","2024","SK On","LFP","56.95","RWD","130606.1","2.07","Fleet","BAT-10018675","1250","93.09",,"41.09","92.55","3.555","0.0141","273.74","31.58","47.9","0.226","97.42","97.01","53.01","6.91","25","0.31","0.47","19.46","162.22","0.45","0.65","2","0","52.65","119.32","60.89","8.01","92.65","0.32","0.86","122.96","38.46","44.88","22.81",,"1080.11","Mountainous","97.77","218","95.53","19","3","84.23","27","28.14","9.44","1","4","3","35.85","35.37","70.88","94.29","38.87","10604","0"
"EV100469","Ford","Mustang Mach-E","SUV","2024","BYD Battery","LFP","132.39","FWD","150944.7","2.15","Private","BAT-10000469","1155","94.23","51.53",,"93.61","3.744","0.0135",,"12.77","29.54","0.207","97.63",,"124.75","5.77","35","0.33","0.57","105.87","107.76","0.56","0.33","0","1","23.04","12.84","90.4","71.41","35.1","0.18","0.42","9.45",,"-1.81","-39.79","95.71","1388.48","Desert","37.03","801.3","94.83","21","0","55.42","0","20.06","32.94","2","0","1","50.95","35.85","99.45","84.44","51.46","10307","0"
"EV100559","Ford","F-150 Lightning","Sedan","2015","LG Energy Solution","LMO","144.15","RWD","244434.1","11.21","Private","BAT-10000559","1633","81.49","93.86","74.4","81.55","3.509","0.0012","270.19",,"42.68","0.565","95.86","93.94","117.47","18.51","33","0.29","0.49",,,"0.15","0.54",,"0","76.69","112.81","58.51",,"23.78",,"0.5","38.17","-7.24","4.69","-27.1","68.7","1129.35","Hilly","85.9","629.2","96.38","24","1","64.96","8.89","4.65","32.94","1","0","0","60.2","93.3","94.68","95.06","50.75","7165","0"
"EV107017","BYD",,"Truck","2017","Guoxuan","LTO","76.19","AWD","305248.9","9.01","Fleet","BAT-10007017","1727","70.77","42.62","45.8","70.18","3.405","0.0259","272.4","35.38","42.51","0.663","94.08","93.74","53.92","29.23","21","0.22","0.6","12.52","492.28","0.89","0.1","3","0","52.78","54.85","93.6","52.77","25.66","0.9","0.64","123.9","16.13","33.77","-2.07","30.85","1218.75","Coastal","37.82","1008.3",,"22","0","64.12","20.49","34.04","26.38","2","2","1","51.58",,"81.01","78.56","63.41","5468","0"
"EV100733","BMW","iX","Truck","2017","Guoxuan","LMO","40.89","RWD","199012.1","8.89","Private","BAT-10000733","1841","71.81","36.81","52.21","70.56","3.617","0.0163","285.74","26.08","36.25","0.609","94.53","93.24","29.36","28.19","33","0.08",,"42.49","58.32","0.35","0.21","4","0","112.12","110.16","34.1","64.36","68.48",,"0.62","89.92","-9.26","3.22","-19.76","93.48","1272.07","Desert","32.82","1349.4","93.43","28","0","43.13","4.15","25.03","32.94","0","1","1","57.27","83.48","92.66","79.58","39.31","6673","0"
"EV106771","Volkswagen","ID.3","Sedan","2020","Envision AESC","LFP","118.78","RWD","260337.4","5.99","Fleet","BAT-10006771","1964","79.8","47.89","65.3","79.59","3.602","0.0112","298.97","30.35","35.51","0.447","95.65","95.09","94.79","20.2","37","0.2","0.65","27.22","379.3","0.19","0.12",,"0","20.52","9.12","19.31","56.77","47.45","0.36","0.64","16.59","-10.65","-3.25","-15.32","64.35","951.89","Mountainous","59.5","1082.7","89.55","14","1","45.55","9.36","17.71","32.94","1","0","1","56.04","67.93","89.83","99.31","28.15","6793","0"
"EV118322","Renault","Megane E-Tech","Sedan","2019","LG Energy Solution","LTO","84.06","AWD","145215.3","6.79","Private","BAT-10018322","1206","79.63","99.34","51.88","78.68","3.74","0.0002","314.16","24.74","40.48","0.468","95.16","94.37","66.94","20.37","21","0.26","0.65","56.58","113.35","0.78","0.16","3","2","91.47","31.25","18.14","98.14","79.61","0.88","0.43","14.22","-14.06","-3.67","-17.86","67.96","971.71","Desert","23.61","1203.7","90.51","10","1","41.76","0","5.58","32.94","0","0","1","58.19","61.45","97.01","72.65","17.44","7206","0"
"EV111267","Ford","F-150 Lightning","Sedan","2023","Envision AESC",,"115.48","AWD","145124.5","3.07","Private","BAT-10011267","1155","87.54","91.42","32.41","88.33","3.53","0.0157","353","24.78","33.92","0.406","97.34","96.54","101.09","12.46","35",,"0.69","47.15","214.23","0","0.55","0","0","17.58","15.27","49.63","34.59","32.96","0.3","0.74","10.06",,"46.82","32.58","35.09","371.05","Mountainous","32.4","305.6","89.28","14","0","87.88","8.43","22.64","0","3","0","1","22.49","41.45","95.17","99.49","39.46","10010","0"
"EV102040","Volkswagen","ID.3","Van","2020","Northvolt","LMO","81.66","RWD","163885.1","6.24","Private","BAT-10002040","1109","81.45","33.21","16.83","78.88","3.831","0.0087","348.62","40.32","51.6","0.504","96.87","95.27","66.51",,"18","0.58",,"44.18","126.54","0.12",,"2","1","36.48","100.77","87.28","52.11","42.98","0.98","0.24",,"20.86","37.18","7.95","53.53","2521.25","Flat","30.27","859","89.83","23","1","62.59","36.81","16.09","30.74","0","0","1","61.09","58.07","65.26","64.52","41.07","8292","0"
"EV119764","Mercedes-Benz","EQE","SUV","2021","LG Energy Solution","LFP","99.8","RWD","79338.5","5.41","Fleet","BAT-10019764","820","87.72","50.61","42.11","86.92","3.527","0.0384","306.85","22.93","44.7","0.385","97.19","96.87","87.54","12.28","25","0.64","0.2","21.73","393.24","0.33","0.32","0","0","11.74","38.5","96.93","56.68","56.67","0.99","0.58","37.39","-12.07","7.88","-27.97","54.96","2587.19","Coastal","20.49","895.5","86.85","23","0","69.25","20.84","53.59","32.94","0","4","0","56.56","43.96","79.86","80.67","53.85","8934","0"
"EV103529","Kia","EV6","Van","2021","LG Energy Solution","LFP","98.78",,"183185.4","4.81","Private","BAT-10003529","1262","87.48","42.92","15.75","87.84","3.458","0.0326","331.97","22.01",,,"96.35","97.12","86.41","12.52","15","0.4","0.41","25.03","292.12","0.49","0.48","2","1","56.81","80.01","91.67",,"49.55","0.58","0.38","50.42","0.56","19.39","-8.23","7.41","950.78","Hilly","61.4","941.3","97.69","0","0","59.62","1.35","45.38","32.94","1","0","0","60.02","48.28","100",,"62.75","8015","0"
"EV117870","Mahindra","XUV400","SUV","2023","Panasonic","LMO","126.34","RWD","146623","3.27","Fleet","BAT-10017870","1016","85.35","22.14","27.02","86.6","3.51","0.0039","284.31","35.21","42.65","0.328","95.72",,"107.83","14.65","2","0.1",,"19.34","449.85","0.63","0.85",,"0","58.58","95.94","95.5","85.87","95.59",,"0.1","107.13","31.11","50.37","16.85","50.14","398.14","Hilly","70.19","1332.9","87.75","25","1","43.88","14.93","7.84","11.54","0","0","1","34.63","34.89","81.96","89.87","60.46",,"0"
"EV104774","GM","Cadillac Lyriq","Crossover","2016","CATL","NMC","95.81","AWD","124161.6","10.24","Fleet","BAT-10004774","1278","79.96","96.72","47.59","80.43","3.485","0.001","348.5","24.37","32.6","0.531","95.56","94.24","76.61","20.04",,"0.3","0.66","23.22","321.92","0.13","0.59","1","0","116.07","23.51","83.76",,"23.46","0.34","0.85","16.94","14.65","29.36","9.58","69.39","349.09","Desert",,"1486.4","86","11","0","42.33","6.92","4.03","17.95","3",,"1","47.03","82.14","90.96","98.09","44.4",,"0"
"EV100184","Porsche","Taycan","Sedan","2018","Envision AESC","LFP","123.48","FWD","143678.1","7.63","Fleet","BAT-10000184","1247","80.29","47.61","49.19","81.48","3.618","0.0108","343.71","31.81","41.52","0.448","95.85","96.02","99.14","19.71","19","0.58",,"43.32","148.86","0.38","0.52","1","0","27.27","95.84","93.27","48.8","27.79","0.25",,"100.32","2.88","16.79","-9.76","10.43","1476.92","Mountainous","34.94","1221.6","91.48","18","1","40.95","12.12","16.32","32.94",,"0","0","71.74","63.54","90.37","85.04","58.4","6239","0"
"EV116218","Nissan","Ariya","Truck","2020","CATL","LFP","113.26","FWD","97205.6",,"Private","BAT-10016218","1249","80.23","47.01","39.42",,"3.448","0.0039","296.53","32.76","40.27","0.433","96.04","94.36","90.87","19.77","29","0.44","0.43","57.05","193.08",,"0.3","3","1","38.52","21.12","36.41","88.45","68.55","0.6",,"22.71","27.56","41.28","24.32","11.04","2180.9","Flat","19.27",,"87.51","28","1","62.84","10.23","10.87","12.71","1","2","0","50.09","60.22","91.18","70.87","35.31","7850","0"
"EV119176",,"Ariya","Sedan","2019","Envision AESC","NMC","90.62","RWD","241799.9","6.64","Private","BAT-10019176","2025","79.73","52.84","69.88","78.31","3.494","0.017","248.07","22.97","28.93","0.532","96.4",,"72.25","20.27","18","0.62","0.26","17.65","276.03","0.93","0.94","1","0","106.47","76.75","22.59","31.61","1.11","0.04","0.34","74.86","24.42","31.66","11.1","84.96","1754.75","Coastal","46.22","1351.8","88.62","8","0","39.77","13.62","25.14","4.51",,"2","1","45.3","77.79","86.2","87.24","37.57","7302","0"
"EV119869","Porsche","Taycan","Crossover","2020",,"NMC","81.59","RWD","230226.1","6.08","Fleet","BAT-10019869","1808","85.89","57.49","55.41","86.38","3.62","0.0038","362","40.44","46.92","0.309","96","95.59","70.08","14.11","31","0.2","0.57","97.82","45.53","0.65","0.81","3","1","63.2","138.55","24.45","81.02","95.88","0.13","0.68","157.3",,"46.7","17.82","67.88","834.71","Flat","15.94","1109","91.36","7",,"49.55","16.4","10.21","15.8","0","2","0","40.87","63.3","80.3","85.32","52.35","9073","0"
"EV114951","Lucid","Air","Van","2015","Northvolt","LFP","64.17","AWD","241102.2","11.08","Private","BAT-10014951","1880","70.57",,"74.83","69.63","3.473","0.0003","267.42","20.87","30.99","0.682","95.85","93.47","45.28",,"34","0.55","0.33","22.5","282.95","0.21","0.13","2","0","43.98","52.67","51.94","60.48","49.92","0.46","1","34.6","20.12","39.55","0.2",,"2177.42","Mountainous","97.11","932.8","93.06","24","0","65.43","14.4","4.26",,"0","0","1","55.24","99.81","87.3","74.45","39.61","5395","0"
"EV106199","Volvo","EX30","SUV","2020","Northvolt","NMC","72","FWD","149595.8","6.18","Fleet","BAT-10006199","1223","75.44","61.84","82.08","75.12","3.481","0.0068","313.29","38.03","46.58","0.605","96.16","93.48","54.32",,"10","0.69",,"18.79","308.23","0.91","0.17","2","1","21.86","104.09","62.17","23.74","80.95","0.07","0.41","76.44","0.14","8.16","-13.48","16.79","1678.95","Desert","70.58","714.5","87.47","5","0","76.19","17.31","12.4","32.94","0","0","1","70.79",,"81.14","71.25","33.11","7146","0"
"EV114091","GM","Chevrolet Bolt","Sedan","2018","BYD Battery","LFP","94.46","AWD","93646.1","8.11","Private","BAT-10014091","1195","76.77",,"43.93","77.09","3.432","0.0022","247.1","34.99","56.19","0.39","96.5","95.66","72.52","23.23","36","0.29",,"76.12","123.69","0.14","0.48","1","0","21.43","127.43","73.25",,"41.74","0.36","0.52","163.94","-17.86","-6.26","-22.62","95.97",,"Mountainous","59.78","270.1","86.87","26","2","82.6","36.98","9.7","32.94","1","0","0","55.25","69.9",,,"67.55","6902","0"
"EV115464","Tata","Nexon EV","Van","2024","Panasonic","NMC","84.16","RWD","233608.3","1.82","Private","BAT-10015464","1395","95.45","90.93","28.48",,"3.248","0.0018","324.8","37.21","43.68","0.247","97.06","95.57","80.33","4.55","16","0.04","0.85","35.85","219.99","0.31","0.37","0","1",,"16.48","93.31","13.79","91.66","0.82","0.45","5.97","-4.63","10.81","-9.13","14.21","237.62","Coastal","21.44","1247.9","97.33","3","0",,"8.04","3.12","32.94","0","2","0","47.36","31.55","90.04","94.25","27.27","9728","0"
"EV106219","GM","Cadillac Lyriq","Sedan","2024","LG Energy Solution","LFP","69.74","RWD","204231.4","1.89","Private","BAT-10006219","1345","97.06","19.24","26.73","96.34","3.503","0.0057","276.74","30.45","50.77","0.251","97.38","96.27","67.69","2.94","40","0.3","0.48","38.55","139.3","0.13","0.94","0","0","29.68","94.34","4.56","78.42","28.48","0.96","0.98","57.74","-6.26","6.24","-9.64","9.67","2119.5",,"74.96","907.5","87.78","2","1","52.77","31.65","10.64","32.94","0","4","0","35.75","36.74","69.75","91.84","30.04","10194","0"
"EV109624","Volkswagen","ID.4","Crossover","2023","SK On","NMC",,"RWD","125099.4","3.1","Private","BAT-10009624","1193","90.97","73.37","51.04","90.42","3.567","0.0481","249.69","22.94","40.16","0.261","97.46","96.11","107.39","9.03","10","0.46","0.51","34.09","297.67","0.14","0.34","1","0","63.52","21.53","68.65","14.86","80.1","0.07","0.59","23.46","-22.12","-9.14",,"21.69","1370.5","Coastal","41.73","1232.1","87.32","0","2","40.09","8.91","66.74","32.94","0","1","1","52.38","37.8","91.97","82.98","24.62","10249","0"
"EV119457","Porsche","Taycan","Van","2019",,"NCA",,"FWD","115638","7.06","Private","BAT-10019457","796","82.75","6.74","45.38",,"3.526","0.0067","359.65","12.05","29.67","0.378","96.01","96.77","29.92","17.25","8","0.39",,"43.01","70.05","0.06","0.61","4",,"110.96","107.26","9.98","24.91",,"0.71","0.65","82.53","-7.65","-1.2","-19.22","25.65","1512.21","Desert","55.29","174.7","85.78","14","1","87.38","13.78","12.43","32.94","1","1","1","60.81","54.54","86.02","68.14","28.17","8099","0"
"EV104185","BMW","iX",,"2024",,"NMC","87.01","AWD","90423.6","2.39","Private","BAT-10004185","1020","89.46","62.15","71.95","90.66",,"0.0027","254.9","24.27","33.1","0.365","96.98","96.39","77.84","10.54","11","0.3","0.65","59.87","144.82","0.3","0.58","0","1","62.68","109.53","94.45","83.74","96.49","0.04","0.67","137.47","46.69","63.67","36.76","42.86","1564.28","Hilly","16.37","974.5","71.03","16","0","71.2",,"4.42","0","1","0","0","30.29","33.13","89.13","93.19","59.51",,"0"
"EV100116","Renault","Megane E-Tech","Van","2016","SK On","LMO","104.29","RWD","118021.1","10.21","Private","BAT-10000116","1165","80.85","53.66","45.45","82.04","3.421","0.019","345.52","25.66","39.26","0.49","95.99","95.69","84.32","19.15","39","0.15","0.63","15.2","473.93","0.37","0.18","1","0","33.13","133.51","36.52","61.35","20.11","0.06","0.46","118.69","33.12","47.78","14.84","99.64","1284.79","Hilly","92.02","920.1","92.06","14","3","54.59","1.45","34.34","6.14","0","1","1",,"68.19","97.37","90.62","47.09","8090","0"
"EV101240","GM","Cadillac Lyriq","Hatchback","2022","Guoxuan","LFP","66.96","FWD",,"4","Fleet","BAT-10001240","837","83.39","18.11","41.36","82.7","3.476","0.007","347.6","17.59","36.78","0.38","95.49","95.19","55.84","16.61","36","0.26","0.53","62.46","89.17","0.53","0.84","2","0","109.36","90.89","67.53","52.85","63.51","0.82","0.93","44.48","38.2","54.47","25.23","8.75","519.3","Coastal","78.93","26.2","80.35","10","0","100","11.81","12.87","0","0","2","1","30.74","42.71","87.35","91.56","40.21","9387","0"
"EV103818","Porsche","Taycan","Hatchback","2021","Northvolt","LFP","95.6","FWD","46158.8","4.75","Private","BAT-10003818","751","88.82","46.16","84.09","87.92","3.464","0.0172","294.44","13.74","22.68","0.331","97.82","95.05","84.91","11.18",,"0.48","0.29","50.86","132.52","0.4","0.21","3","0","10.66","90.54","57.06","16.74","82.88","0.08","0.45","65.13","39.88","47.06","36.29","22.47","2425.53",,"24.98","1034","85.11","7","0",,"10.08","23.38","0","1","0","1","35.68","40.3","89.31","76.78","29.64","9533","0"
"EV104880","Renault","Megane E-Tech","Sedan","2024","Panasonic","LFP","42.31","RWD","143462.5","2.35","Private","BAT-10004880","1131","90.01","76.77","70.67","89.9","3.548","0.0087","358.35","24.66","42.31","0.423","96.41","95.3","38.08","9.99","25","0.27","0.63","108.29","26.69","0.09","0.49","0","0","87.07","99.6","22.61","42.52","96.9","0.18","0.14","83.17","45.91","64.72",,"55.62","1387.3",,"24.7","826.1","66.73","18","1","61.31","16.09","14.96","0","1","1","2","26.62","35.89","87.57","94.07","23.71","10059","0"
"EV104765","BYD","Dolphin","Truck","2018","CATL","LMO","29.14","RWD","103043","7.41","Fleet","BAT-10004765","1033","79.77","70.76","56.43","80.3","3.689","0.0035","258.23","42.85","52.95",,"95.81","95.98","23.24","20.23","22","0.08","0.85","75.38","28.1","0.4","0.02","2","1","31.7","9.91","54.27","31.93","33.67","0.26","0.19","10.32","17.49","25.83","7.06","55.57","2162.26","Hilly","12.91","569.5","87.07","1","2","71.61","44.7","8.68","32.94","0","2","0","58.7","57.39","55.78","86.34","37.56","8011","1"
"EV111588","Kia","EV6","Hatchback",,"LG Energy Solution","LFP","72.86","AWD","146777.8","9.94","Fleet","BAT-10011588","1350",,"28.04","74.98","60.73","3.552","0.012","358.75","17.35","36.93","0.74","94.61","91.93","45.46","37.61","39","0.33","0.56","45.09","130.61","0.67","0.93","0","0","118.28","36.14","59.66","7.58","20.3","0.13","0.94","33.41","-12.28","-6.29","-20.49","8.91","998.58","Coastal","66.03","1417.3","81.55","26","1","36.38","13.52","18.46","32.94","2","1","0","74.53","85.4","86.64","98.68","37.48","4746","0"
"EV114880","Volvo","EX30","Van","2017","CATL","LFP","73.42","AWD","119853.3","9.23","Fleet","BAT-10014880","942",,"86.06","58.81","62.01","3.576","0.0071","278.93","41.67","57.6","0.76","93.75","93.37","46.36","36.86","21","0.34","0.64","71.96","97.98","0.79","0.48","0","0","64.19","119.44","40.99","78.47","97.08","0.89","0.03","113.55","27.15","37.11","12.12","82.7","1524.08","Flat","85.53","58.3",,"24","0","99.35","49.81","12.14","30.45","2","0","1","58.42","73.28","45.73","88.89","38.4","6412","1"
"EV105630","Mahindra","XUV400","Sedan","2018","Envision AESC","LFP","82.85","AWD","119275.2","7.8","Private","BAT-10005630","929","72.48","54.65","69.6","71.9","3.528","0.0023","342.22","40.63","51.79","0.653","94.71","93.92","60.05","27.52",,"0.48","0.39","21.44","327.32","0.53","0.07","3","2","100.7","5","5.24","44.38","50.85","0.64","0.77","8.03","-20.72","-3.34","-24.05","6.56","1209.24","Hilly","28.47","1353.1","87.63","20","2","33.52","29.64","10.24","32.94","2","2","0","75.32","66.66","67.73","54.79","12.44","5374","1"
"EV107970","Tata","Tiago EV","Van","2020","Panasonic","LMO","59.4","AWD",,"5.96","Private","BAT-10007970","1105","85.02","63.89","56.89","84.66","3.56","0.0035","341.76","27.46","48.26",,"97.26","94.77","50.5","14.98","3","0.25","0.56","18.59","316.83","0.77","0.5","1","0","15.19","36.79","69.67","6.79","9","0.74","0.25","30.06","3.69","14.69","-6.72","14.34","1561.6","Flat",,"875.3","91.59","17","1","63.28","18.86","10.52","32.94","0","0","1","51.72","54.66","82.53","94.13","47.14","7499","0"
"EV102885","Audi","e-tron GT","SUV","2018","CATL","LMO","32.66","AWD","106515","8.39","Private","BAT-10002885","1085","76.73",,"55.37","78.14","3.518","0.0007","267.37",,"35.56","0.505","96.22","94.33","25.06","23.27","5","0.11","0.78","33.68","84.75","0.39",,"0","0","61.25","124.31","10.66","69.33","52.98","0.27","0.21","101.42","-24.83","-12.35","-42.4","27.92","691.21","Mountainous","29.11","187.9","91.04","13","1","95.02","2.18",,"32.94","1","0","1","47.68","69.68","99.34","95.11","34.48","7617","0"
"EV112610","Porsche","Macan Electric","Crossover","2015","BYD Battery","LTO","130.91","AWD","220082.6","10.92","Private","BAT-10012610","2168","65.47","23.06","14.96","65.74","3.447","0.0136","330.91","22.36","43.69","0.718","95.27","92.33","85.71","34.53","26","0.67","0.2","98.97","92.32",,"0.65","0","0","95.3","91.71","98.86","15.35","39.98","0.02","0.81","68.8","3.54","14.56","0.05","20.44","1355.31","Desert","38.72","978.5","86.86","15","1","65.37",,"23.51","32.94","0","1","0","65.13","100","92.2","80.8","49.21","4867","0"
"EV100791","Hyundai","Kona Electric","Crossover","2022","Panasonic","NMC",,"RWD","158167.7","4.1","Fleet","BAT-10000791","1093","87.85","86.5","27.69",,"3.48","0.0257","292.32","29.6","38.47","0.356","96.02","97.18","28.54","12.15","37","0.13","0.79","57.19","47.88","0.75","0.61","2","1","10.82","72.12","46.16","81.45","86.34","0.29","0.74","48.98","16.71","24.89","8.04",,"2050.74","Flat","1.94","61.8","95.47","25","0","97.11","0.61","35.61","21.76","1","0","1","32.87","45.37","99.25","80.07","42.46","8966","0"
"EV116760","Lucid","Air","Crossover","2015","BYD Battery","NMC","105.65","RWD","421696.2","10.82","Private","BAT-10016760","3279","62.25","38.67","37.49","62.4","3.341","0.0003","317.4","0.09","19.16","0.71","93.5","92.88","65.77","37.75","19","0.51","0.35","45.27","126","0.19","0.46","0","0","108.7","98.79","90.09","39.77","83.49","0.41","0.73","118.44","-10.27","1.17","-17.9","55.04","1495.43","Flat","82.25","944.5","81.62","13","0","67.93","16.49","2.51","29.43","0","2","1",,"100","84.86","88.51","47.03","3885","0"
"EV119464","Nissan","Leaf","Crossover","2016","LG Energy Solution","LFP","59.47","RWD","265400.8","10.02","Private","BAT-10019464","1730","76.49","92.52","27.67","76.68","3.372","0.0135",,"31.37","44.69","0.493","96.47","94.67","45.49","23.51","12","0.27","0.68","52.25","73.06","0.28","0.28",,"0","102.76","47.28","87.22","38.06","99.85","0.64","0.36","28.98","20.78","34.22","4.65","68.24","1812.24","Coastal","80.9","545.8","85.49","23","1","73.86","11.97","23.07",,"3","1","1",,"90.47","86.53","88.24","39.54","6417","0"
"EV109469","Honda","e:N1","Sedan","2018","Envision AESC","LFP","121.07","RWD","294145.5","8.04","Fleet","BAT-10009469","2096","65.99",,"77.38","65.85","3.611","0.027","281.66","14.98","26.76","0.679","94.67","92.27","79.89","34.01","41","0.37","0.59","32.51","247.9","0.72","0.58","1","1","112.76","92.05","41.07","62.29",,"0.38","0.71","44.13","-5.32","11.37","-9.93","60.18","1356.61","Desert","94.25","813.5","84.37","4","2","61.67","13.97","39.79","32.08","2","2","3","66.17","93.46","88.6","87.7","48.22","4861","0"
"EV109215","Tesla","Model Y","Sedan","2017","SK On","LFP","81.9","AWD","299659.5","9.19","Private","BAT-10009215","2238","78.97",,"14.15","79.37","3.724","0.006","301.64","19.35","37",,"96.76","93.77","64.68","21.03","10","0.14","0.68","33.99","189.52","0.16","0.3","1","2","37.37",,,"28.09","17.31","0.55","0.56","89.63","32.58","41.87","20.39","92.05","826.52","Flat","79.91","1021.4","86.85","4","1","60.89","18.24","10.33","4.42","0",,"0","31.5","84.96","77.97","77.69","35.82","7654","0"
"EV110524","Nissan","Leaf","Van","2021","Northvolt","LTO","118.99","FWD","136620.1","4.64","Private","BAT-10010524","1054","90.12","11.28","51.53","90.53","3.697","0.0196","269.88","23.32","45.21","0.347","96.28","96.92","107.23","9.88","8","0.54","0.21","45.78","167.44","0.78","0.94","2","0","85.33","49.6","4.38","3.15","45.24","0.62","0.34","60.33","32.12","43.51","16.43","17.25",,,"11.13","787.5","86.88","29","0","64.61","30.57","29.39","13.09","0","3","2","38.38","41.1","66.73","80.89","18.33","9327","0"
"EV112944","Nissan","Leaf","Sedan","2016","BYD Battery","LMO","76.21","RWD","176485.6","9.69","Fleet","BAT-10012944","1848","66.59","87.69","59.66","67.36","3.538","0.0351","254.74","32.71","53.65","0.737","95.11","94.6","50.75","33.41","19","0.13","0.79","25.61","253.3","0.13","0.71","2","0","82.17","137.77","91.87","60.44","75.79","0.29","0.24","132.68","-19.26","-3.22","-33.38","59.42","866.33","Desert","55.62","646.1","91.04","22","1","67.77","30.67","49.95","32.94","0","2","0","59.37","93.33","73.3","92.24","57.2",,"0"
"EV112283","Mercedes-Benz","EQA","Sedan","2021","Envision AESC","LFP","90.91","RWD","432902.6",,"Fleet","BAT-10012283","3193","81.5","54.28","72.59","81.15","3.504","0.0076","283.82","22.17","34.04","0.442","96.49","94.46","74.09","18.5","38","0.21",,"12.49","600",,,"0","0","63.45","58.34","63.92","98.04","27.03","0.24","0.31","34.38","-19.82","-13.01",,"58.66","2150.99","Hilly","89.13","343.7","94.61","18","0","77.3","7.02","11.08","32.94","1","0","1","58.08","91.72","98.18","100","54.69","5269","0"
"EV101650","Rivian","R1S","Truck","2021","Guoxuan","NMC","30.37","RWD","202770.1",,"Fleet","BAT-10001650","1678","93.17","36.4","34.16","92.37","3.672","0.0057","319.46","33.55","42.33","0.211","97.71","96.93","28.3","6.83","40","0.11","0.8","14.55","130.91","0.75","0.35","2","0","74.7","79.63","75.61","85.1","49","0.33","0.45","36.08","-0.35","14.84","-8.18","51.21","669.94","Coastal","66.4","1282.5","90.85",,"2","47.62","17.33",,,"0","1","2","37.68","62.51","84.31","89.48","48.69","8784","0"
"EV117010","Kia","EV6","Crossover",,"Panasonic","NMC","73.97","RWD","270149.4","4.13","Fleet","BAT-10017010","1689","79.61","88.35","32.28",,"3.844","0.008","357.49","34.32","43.47","0.568","94.97","95.08","58.89","20.39","3","0.18",,"33.72","162.51","0.25","0.75","0","0","106.9","98.06","14.08","10.6","53.06","0.68","0.34","172.29","47.82","56.18",,"61.98","292.03","Hilly","3.28","57.4","81.99","18","2","81.54","6.78","16.71","0",,"0","1","30.26","61","92.16","100","42.44","8111","0"
"EV116052","Lucid","Air","Crossover","2018","SK On","LFP","65.48","AWD","162048.3","8.01","Private","BAT-10016052","1843","78.87","6.52","21.14","78.82","3.624","0.0209","366.02","44.26","50.36",,"95.33","94.62",,"21.13","10","0.13","0.85","27.06","232.1","0.22","0.27","1","1","63.59","24.7","49.83","26.19","20.36","0.27","0.09","43.35","4.59","11.04","-12.55","19.18","670.46","Coastal","35.98","1060.7","92.79","13","0","61.52","29.3","28.67","32.94","0","4","0","56.69","79.99","75.34","82.79","31.54","6954","0"
"EV101232","BYD","BE 6","Truck","2021","CATL","NCA","121.78","RWD","67167.2","4.61","Fleet","BAT-10001232",,"82.89","21.72","49.47","86.12","3.638",,"320.14","43.78","64.14","0.494","97.1","96.66","100.94","17.11","11","0.37","0.4","31.18","346.49","0.5","0.04",,"0","56.47","134.85","49.01","21.54","27.59","0.34","0.95",,"8.41","25.89","-8.09",,"1569.61","Hilly","88.48","1364","86.13","16","0","50.77","64.32","2.02",,"0","1","0","57.23","39.27","37.03","96.23","45.64","8348","0"
"EV105068","Porsche","Macan Electric","Crossover","2021","LG Energy Solution","NMC","25.19","RWD","111248.9","4.87","Private","BAT-10005068","1053","88.09","91.83",,"90","3.703","0.0427","336.97","12.85","28.69","0.336","97.56","96.45","22.19","11.91","39","0.11","0.73","28.42","88.85","0.3","0.95","0","0",,"9.34","71.46","45.85","73.75","0.53","0.14","11.94","-3.71","11.85","-7.9",,"844.51","Flat","17.6","804.5","97.08","29","0","63.8","0","57.18","32.4","0","1","2","43.39","47.19","98.46","100","36.46","8958","0"
"EV110464","Honda","Prologue","Van","2016","Envision AESC","NMC","118.84","AWD","233633.5","9.83","Private","BAT-10010464","1997",,,"80.59",,"3.59","0.002","337.46","22.24","42.53","0.674","95.28","94.93","83.15","30.03","36","0.66","0.3","9.34","600","0.93","0.77","1","1","53.68","137.59","47.34","0.66","72.85","0.37","0.66","205.3","11.4","17.17","5.32",,"621.61","Flat","53.08","1185.9","93.46","26","0","52.13","23.18","2.99","31.13","2",,"0","76.14","92.19",,"80.02","38.1","5591","0"
"EV103830",,"Model S","Hatchback","2023","Guoxuan","NMC","43.62","FWD","116565.7","2.8","Fleet","BAT-10003830","824","85.79","30.26","46.44","82.61","3.557","0.0181","263.22","14.45","30.13","0.34","96.68","96.27","37.42","14.21","5","0.09","0.85","87.84","26.96","0.16","0.54","0","0","40.62","87.99","4.72","7.81","29.25","0.71","0.1","56","-23.14","-14.98","-34.22","35.92","2517.1","Flat","77.3","578.4","94.86","23","1","76.58","8.78","27.57","32.94","0","2","0","39.31","36.09","93.45","100","24.85","10204","0"
"EV119773","Mahindra","BE 6","Sedan","2021","Guoxuan","LFP","133.42","AWD","67816.5","5.2","Private","BAT-10019773","839","80.19","40.54","62.5","80.8","3.57","0.0211","253.47","37.93",,"0.426","95.13","93.72","106.99","19.81","30","0.55","0.44","64.48","198.07","0.88","0.88","1","0","15.33","128.87","18.25","65.42","71.95","0.03","0.59","76.88","-16.17","-0.62","-31.79","59.96","1667.82","Hilly","77.42","1224.4","95.69","25","0","48.61","29.03","31.11","32.94","1","3","0","52.28","43.09","67.65","84.09","32.24","8337","0"
"EV112688","Rivian","R1T","SUV","2021","Northvolt","NMC","67.65","FWD","159435.7","5.04","Private","BAT-10012688","1315","89.2","56.58","76.14","88.98","3.509","0.0121","350.9","23.18","29.15","0.166","96.86","96.59","60.34","10.8","29","0.25","0.73","32.3","140.69","0.05","0.82","0","1","62.04","5.55","20.37","87.73","50.15","0.19","0.41","3.11","15.26","22.67","10.97","98.64","264.84","Hilly","44.02","371.6","91.22","28","1","77.11",,"20.99","13.89",,,"1","45.86","51.36","84.48","98.25","34.23","8758","0"
"EV114029","MG","Comet EV","Crossover","2024",,"LFP","132.79","RWD","58625.5","1.83","Fleet","BAT-10014029","574","95.01","26","54.36","96.2","3.776","0.0028","324.74","26.18","37.37","0.231","97.42","96","126.16","4.99",,"0.32","0.54","17.44","402.83","0.36","0.35","2","0","77.95","103.64","2.91","39.56","79.47","0.76","0.67","143.65","29.4","36.56","20.15","58.65","272.16","Desert","37.65","819.8","88.01","22","1","62.81","11.23","8.18",,"1","2","0","27.9","21.75","93.19","85.59","29.13","11220","0"
"EV107042","Porsche","Taycan","SUV","2023","Guoxuan","NMC","129.58","FWD","39086.7","2.75","Private","BAT-10007042","339","93.24","62.66","25.45","93.56","3.364","0.0095","259.03","21.64","41.82","0.128","97.67","95.83","120.82","6.76","39","0.27","0.69","28.27",,"0.46","0.25","1","0","70.89","52.69","10.98","89.28","23.86","0.82","0.04","25.34","13.63","25.37","9.5","10.33","2404.63","Mountainous","28.25","804","97.73","4","0","76.61","8.12","13.97","28.19","0","0","0","35.49","19.57","89.74","89.69","39.74","10756","0"
"EV117208",,"Comet EV","SUV","2022","LG Energy Solution","NMC","99.61","AWD","173698.8","4.11","Private","BAT-10017208",,"89.07","12.91","69.14","88.03","3.378","0.0058","243.22","21.32","28.7","0.219","96.89","94.73","88.72","10.93","37","0.4","0.44","32.45","190.35",,"0.71","2","1","47","91.18","93.4","32.2","72.05","0.83","0.35","73.86","-24.43","-5.24","-42.4","93.58","1503.95","Mountainous","83.65","1221.6","93.53","16","2","41.68","14.94","13.29","32.94","0","0","0","60.27","45.99","85.37","77.91","47.61","8522","0"
"EV119984","Volkswagen","ID.3","Van","2023",,"LFP","104.57","RWD","83833.7","2.91","Private","BAT-10019984","715","93.1","43.29","23.73","92.19","3.456","0.0143","269.57","34.81","56.7","0.161","96.78","96.18","97.35","6.9","17","0.66","0.15","65.62","112.48","0.34","0.56","0","0","99.26","82.94","8.95","76.74","98.17","0.36","0.02",,"19.46","27.29","5.61","17.32","2388.27","Coastal","81.88","1241.9","90.26","8","1","40.06","49.09","23.51","32.94","3","3","0","46.79","30.87","56.47","88.92","17.98","10108","0"
"EV103481","Porsche","Macan Electric","Crossover","2017",,"LFP","138.21","RWD","156583.4","8.68","Fleet","BAT-10003481","1573","87.93","50.97","61.8","90.19","3.713","0.0126","356.45","24.33","37.45","0.304","97.14","96.51","121.53","12.07","7","0.05","0.86","63.52","174.78","0.78","0.14","0","0","103.53","62.54","29.14","56.25",,"0.79","0.57","79.98","-18.73","-2.31","-36.59","49.36","1217.11","Hilly","41.15","867","91.95","26","0","57.5",,"16.88","32.94","0","0","1","42.84","69.16","100","96.85","44.66","8403","0"
"EV111739","Volvo","EX30","Hatchback","2016","Northvolt","NMC","104.69","FWD","237940.2","10.26","Private","BAT-10011739","1726","66.31","89.42","47.44","67.57","3.564","0","310.07","26.29","43.47","0.793","95.05","93.81","69.42","33.69","1","0.67","0.18","28.26","307.33","0.21","0.98","1","1","57.47","30.03","0.12","54.2","49.1","0.53","0.89","7.98","40.98","59.14","29.39","60.98","2133.84","Coastal","4.05","1070.8","64.98","12","2","48.56","26.81","6.42","2.49","1","0","0","43.86","98.06","73.67","76.32","18.5","4944","0"
"EV108858","Rivian","R1S","Sedan","2024","Northvolt","NMC","29.65","AWD","163585.9","1.76","Fleet","BAT-10008858","1260","90.42","96.42","50.48","89.11","3.764","0.0496","368.87","29.26","40.81","0.24","96.42","97.32","26.81","9.58","32","0.1","0.9","17.86","89.93","0.76","0.43","1","1","67.47","90.28","27.55","60.85","21.53","0.57","0.88","57.88","-21.99","-14.8","-37.11","71.99","229.68","Hilly","26.25","241.5","89.7","8","2","79.87","4.26","69.06","32.94","0","2","1","50.71","32.35","96.01","92.72","35.52",,"0"
"EV102286","Lucid","Air","Hatchback","2017","Panasonic","LFP","93.62","FWD","285423.6","8.78","Private","BAT-10002286","1768","71.38","99","45.01","71.1","3.429","0.0101","294.89","33.69","52.8","0.627","95.31","93","66.83","28.62","32","0.38","0.4","21.13","419.32","0.7","0.44","1","2","22.96","29.25","71.39",,"45.26",,"0.65","16.19","46.74","62.48","33.3","40.42",,"Flat","67.18","296.2","63.21","30","2","85.88","47.04","18.42","6.06","3","3","1","48.87","85.95",,"79.41","38.28","5383","1"
"EV103502","Audi","e-tron GT","Hatchback","2020","BYD Battery","NMC","107.15","FWD","139118.5","5.64",,"BAT-10003502","1173","81.99","7.86","38.48","78.87","3.464",,,"40.17","58.96","0.39","96.11","94.28","87.85","18.01","9","0.07","0.7","29.11","284.12","0.03","0.98","2","2","40.38","84.73","3.65","76.71","40.34","0.71","0.55","56.67","4.12","22.95","-7.3","33.01","1820.29","Desert","14.51","1259.6",,"13",,"41.69","48.7","4.69","32.94","0","1","1","51.73","54.3","52.83","82.59","35.83","7333","0"
"EV118946","Mercedes-Benz","EQE","Van","2015","Northvolt","NMC","87.62","AWD","235174.6","10.95","Private","BAT-10018946","1453","68.56","77.67","66.1","67.55","3.492","0.0044","359.68","36.17","53.39","0.745","94.98","92.96","60.07","31.44","20","0.62","0.31","47.51","126.2","0.45","0.55","0",,"50.66","136.91",,"7.78","99.55","0.95","0.76","111.68","47.61","61.89","42.26","95.72","2296.97","Mountainous","93.17","435.3","71.48","22","0","81.55","43.89","8.76",,"0","0",,"48.55","85.22","52.51","81.91","18.22","5916","0"
"EV107229","MG","Comet EV","Crossover","2018","LG Energy Solution","NMC","56.25","RWD","134826.7","8.13","Fleet","BAT-10007229","1340","78.16","16.2","39.14",,"3.441","0.0339","299.37","18.19","34.77","0.534","95.48","94.49","43.96","21.84","15",,"0.58","36.85","125.31","0.05","0.15","1","1","90.98","140.16","27.33","36.37","87.99","0.56","0.31","154.94","20.7","39.45","17.65","88.12",,"Flat","32.11","1386.5","91.33","1","1","37.42","5.49","49.78","14.07","0","0","1","41.07","73.05","92.78","90.31","31.77","7094","0"
"EV101354","Volkswagen","ID.3","Truck","2022","Guoxuan","NMC","64.72","AWD","80603.4","4.14","Fleet","BAT-10001354","697","93.6","50.46","28.12",,"3.707",,"337.34","38.73","50.99","0.094","97.97","97.07","60.58","6.4","12","0.46","0.35","112.78","54.83","0.08","0.26","1","0","23.84","68.92","35.33","80.58","51.78","0.81","0.06","78.2",,"32.54","16.66",,"2424.25","Hilly",,"661.2","90.22","23","0","67.1","25.93","13.05","27.14",,"0","0","35.69","37.6","72.44","91.24",,"9211","0"
"EV100650","Kia","EV6","Van","2022","Envision AESC","LFP","93.93","AWD","179986.8","4.64","Fleet","BAT-10000650","1062","86.47","24.79","36.99","86.17","3.69","0.0023","376.38",,"72.16","0.268","96.64","95.25","81.22","13.53","2","0.1","0.87","24.38","266.34","0.79","0.56","1","1",,"10.83","49.17","30.74","78.97","0.24",,"7.86","6.09","25.91","-12.63","97.57","1245.19","Hilly","67.94","52","97.08","19","0",,"80.14","5.54","32.94","0","2","1","42.64","52.8",,"93.26","29.89","8043","1"
"EV105627","Nissan","Leaf","Hatchback","2018","SK On","LFP","112.74","RWD","159544.6","8.2","Private","BAT-10005627","1558","66.92","47.33","35.94","65.31","3.574","0.0035","264.48",,"28.33","0.753","95.07","94.54","75.45","33.08","41","0.45","0.34","36.53","196.99","0.28","0.08","0","0","16.94","12.25","58.05","85.63","25.11","0.86","0.91","6.03","8.51","25.73","-9.33","53.41","1640.28","Desert","77.76","998.6","92.18",,"1","57.41","7.62","7.6","19.82","0","2","0","53.63","81.03","94.92","84.37","46.72","5303","0"
"EV110378","Volvo","EX30","Van","2018","SK On",,"123.03","RWD","127075.4","8.3","Private","BAT-10010378","1005","78.11","68.26","60.5","78.38","3.549","0.0104","354.9","43.11","52.61","0.497","96.44","94.09","96.1","21.89","11","0.21","0.74","26.13","362.69","0.61","0.58","3","0","106.97","16.22","93.64","1.7","77.31","0.69","0.55","6.24","24.23","36.38","20.19","8.86","2337.84","Hilly","43.34","843.4","84.17","10","0","69.79","34.45","13.96","28.38","0","1",,"57.98","59.72","68.46","86.84","40.85","7075","0"
"EV109910","Tata","Tiago EV","Sedan","2020","Northvolt","LFP","84.01","RWD","130471.3","5.77","Private","BAT-10009910","999","85.55","87.85","64.36","85","3.724","0.0068","335.16","43.29","57.72","0.302","96.42","95.44","71.87","14.45","13","0.25","0.71","30.43","177.51","0.19","0.13","1","2","47.24","107.53","99.21","62.73","49.57","0.76","0.34","64.33","-20.75","-7.27","-29.56","75.67","209.32","Mountainous",,"1253.9","96.92","0","1","42.69","44.31","11.64","32.94",,"1","0","66.78","52.51","56.53","80.98","59.2","7929","0"
"EV105523","Porsche","Macan Electric","SUV","2016","SK On","NMC","126.8","RWD","238789","10.15","Fleet","BAT-10005523","1426","69.5","59.04","47.1","69.45","3.721","0.0038","364.66","15.52","21.36","0.806","95.46","93.17","88.13","30.5","10","0.34","0.48","18.55","350.69","0.71","0.44","0","1","111.02","107.34","64.87","97.97","32.7","0.8","0.59","68.88","24.24","42.06","8.78","58.47","625.45","Coastal","60.28","652.8","93.24","9","1","66.61","5.76","10.9","0","0","1","1","38.42","82.78","93.44","87.49","57.99","6242","0"
"EV115250","Lucid","Air","Crossover","2024","LG Energy Solution","LFP","91.54","RWD","111481.9","1.96","Fleet","BAT-10015250","902","98.59","66.61","27.52","99.41","3.608",,"331.94","10.2","16.42","0.155","98.46","97.37","90.25","1.41","18","0.11","0.78","22.31","236.23","0.48","0.44","1","0","35.78","24.96","31.72","49.12","87.66","0.09","0.5","33.13","36.69","52.54","20.71","84.65","1942.81","Desert","28.65","1004.6","86.78","24","1","46.08","9.41","3.87","0","1","3","0","14.59","24.4","87.02","100","32.66","11380","0"
"EV111533","Mercedes-Benz","EQA","SUV","2022","LG Energy Solution","NMC","38.83","FWD","149758.8","3.85","Fleet","BAT-10011533","1433","90.55","25.33","48.81","91.18","3.613","0.0222","346.85",,"47.86","0.319","97.27","95.63","35.16","9.45","16","0.56","0.38",,"36.4","0.74","0.56","0","0","65.4","64.32","20.22","39.02","4.96","0.81","0.49","66.95","37.04","47.12","31.05",,"1648.43","Hilly","47.26","307.4","90.48","17","0","88.28","21.06","30.24","10.82","0","2","0","32.19","53.36","79.74","92.86","31.14","9316","0"
"EV101619","Mercedes-Benz","EQA","Crossover","2016","Envision AESC","LTO","105.93","RWD","263898.8","10.14","Private","BAT-10001619","1897","74.03","83.09","58.41","76.59","3.492","0.0016","338.72","27.84","34.23","0.535","94.93","95.86","78.42","25.97","9","0.35","0.63","50.61","115.25","0.89","0.33","1","0","67.31","24.9","31.88","70.16","92.58","0.4","0.5","22.06","8.49","24.66","-10.04","84.88","2593.73","Hilly","52.59","583","88.4","6","1","68.21","15.76","5.68","25.74","0","2","0","48.19","92.66","86.44","89.5","25.73","6913","0"
"EV103970","BMW","iX1","Van","2023","Northvolt","LMO","49.57","RWD","25439","2.93","Fleet","BAT-10003970","493","92.38","63.96","23.86","92.3","3.578","0.021","250.46","33.76",,"0.23","98.14","98","45.79","7.62","2","0.44","0.35","29.77","100.52","0.13","0.68","0","0","68.04","119.43","93.72","23.79","73.89","0.56","0.22","179.66","-12.56","1.58","-28.97","86.98","1985.25","Coastal","69.19","33","89.76","17","0","97.67","12.31","28.99","32.94","2","2","0","43.85","32.31","87.09","97.29","52.46","10944","0"
"EV107520","Lucid","Air","Crossover","2021","Envision AESC","LMO","29.9",,"142684.7",,"Private","BAT-10007520","996","84.59","95.7",,"83.14","3.593","0.06","309","15.09","27.1","0.5","95.57","94.64","25.29","15.41","37","0.23","0.7","61.53","23.42","0.16","0.59","4","0","41.49",,"35.03","9.79","0.85","0.57","0.53","105.27","-16.83",,"-32.35","56.88","977.24","Hilly","84.05","928.9","94.07","8","1","58.63","18","82.99","32.94","1","2","1",,"44.23","78.78","82.21","36.53","8657","0"
"EV114800","BMW","iX1","Sedan","2018","SK On","NMC","98.06","FWD","114022.8","7.93","Fleet","BAT-10014800","1236","73.43","60.06","40.67","74.46","3.465","0.0065","304.92","15.21","31.65","0.67","95.66","95.01","72.01","26.57","11","0.28","0.65","27.58","307.32","0.76",,"0","0","67.53","143.08","19.43","25.67","76.22","0.88","0.13","70.02","8.54","24.42","1.85","37.05","2367.23","Flat","88.38","1347.7","95.09","5","0","43.52","8.42","9.63","23.11","2","1","1","51.84","70.96","88.46",,"27.78","7003","0"
"EV106956","Tesla","Model 3","Crossover","2020","Guoxuan","LMO","118.9","RWD","135985.3","6.27","Private","BAT-10006956","833","86.37","92.05","65.52","85.68","3.623","0.0099","300.71","16.74","27.37","0.472","96.77","95.63","102.69",,"17","0.44","0.54","41.1","240.01","0.31","0.09","0","1","83.3","98.82","56.03","19.45","66.38","0.23","0.69","55.02","4.31","15.14","1.31","19.87","1689.74","Coastal","86.5","316.4",,"13","1","92.95","6.82","16.12","23.06","0","1","1","58.6","49.9","95.1","82.36","31.64","7729","0"
"EV116186","Mahindra","BE 6","Crossover","2022","CATL","NMC","37.84","AWD","41019.5","4.41","Fleet","BAT-10016186","454","90.74","20.64","20.98","89.95","3.406","0.0024","279.29","22.57","33.63","0.27","97.49","94.97","34.34","9.26","3","0.5",,"40.02","93.32","0.3","0.52",,,"42.58","71.84","82.27","15.69","25.26","0.28","0.05","35.62","-11.26",,"-30.38","48.44","617.8","Flat","20.08","190.6","97.49","1","3","82.97","7.36","12.87","32.94","1","1","2","50.83","34.48","94.82","67.68","46.96","8999","0"
"EV119985","Tesla","Model Y","Van","2018","Panasonic","NMC","118.47","RWD","63944.8",,"Private","BAT-10019985","826","78.95","39.08","30.06","80.4","3.653","0.0121","350.69","47.77","63.27","0.538","96.85","95.78","93.53","21.05","28","0.03","0.95","29.67","388.15","0.26","0.46","0","1","88.87","31.82","94.75","35.88","97.64",,"0.69","29.33","26.26",,,"74.35",,"Flat","42.58","124.5","90.67","8","1","88.47","66.83","18.98","32.94","2","2","1","55.89","65.07","30.71","96.17","35.39","7465","1"
"EV105132",,"Model Y","Truck",,"Panasonic","NMC","48.04","RWD","92557.8","9.18","Private","BAT-10005132","1171","68.93","89.03","15.37","67.18","3.689","0.0074","284.05","32.55","50.64","0.646","95.16","92.45","33.11","31.07","14","0.14","0.78","52.42","62.69","0.3","0","0","0",,"114.19","16.13","89.01","86.68","0.1","0.79","128.28","-12.09","7.68","-27.13","73.21","1711.1","Mountainous","3.41","882","85.89","23","0","62.94","17.14","11.35","32.94",,"0","0","49.41","74.14","81.98","89.76","36.09","6987","0"
"EV105432","Kia","EV6","Truck","2020","Envision AESC","LFP","80.81","AWD","115728.7","5.88","Fleet","BAT-10005432","822","87.88","82.44","34.74","88.62","3.495","0.01","339.02","35.05","50.2","0.295","96.64","95.66","71.02","12.12","12","0.29","0.58","73.97","89.94","0.71","0.92","0","0","73.85","97.88",,"64.03","30.02","0","0.04","62.61",,"32.05","-4.21","37.98","2136.83","Desert","41.95","662.2","89.93","10","0","79.22","28.58","13.43","32.94","1","0",,"50.91","46.23","72","100","51.67","7982","0"
"EV111109","Mercedes-Benz","EQE","Truck","2019","SK On","NMC","102.88",,"187023","7.06","Private","BAT-10011109","1410","75.24","5.56","76.31","74.69","3.842","0.0083","307.36","51.21","59.98","0.566","96.35","94.16","77.41","24.76","6","0.2","0.68","124.64","71.1","0.22","0.98","0","0","84.38","12","70.92","76.47","82.73","0.97","0.56","17.39","24.57","32.47","17.94","88.1","1951.61","Coastal","64.1","1352.9","84.59","23","0","51.34","50.06","12.76","32.94","1","1","0","64.64","67.76",,"100","39.98","5915","0"
"EV117799","Hyundai","Kona Electric","Crossover","2015","Guoxuan","NMC","37.85","FWD","182574.4","11.36","Private","BAT-10017799","1663","75.7","80.85","38.71","74.85","3.557","0.0044","302.34","45.28","62.01","0.475","96.56","93.49","28.65","24.3",,"0.09","0.86","60.27","36.62","0.49","0.72","2","0","83.73","92.47","23.54","27.22","18.49","0.66","0.55","69.56","39.29","53.15","22.78","99.93","1452.9","Coastal","0.99","305.6","83.17","20","0","81.13","57","9.11","22.72","1",,"0","34.27","94.74","41.18",,"35.28","7108","0"
"EV100851","Renault","Zoe","Truck","2024","LG Energy Solution","NMC","122.91","FWD","32877.8","1.56","Private","BAT-10000851","357","99.8","17.41","32.5","100","3.629","0.0161","308.46","23.9","30.1","0.066","98.6","96.13","122.66","0.2","16","0.42","0.34","43.96","253.94","0.77","0.21","1","0","49.91","122.15","18.66","73.9","27.6","0.95","0.64","61.94","-13.11","-5.28","-31.55","66.37","464.09","Coastal",,"240.5","89.75","19","0","79.77","13.15","22.42","32.94","3","3","2","31.35","7.6","86.64","79.84","39.27","12235","0"
"EV116479","Ford","Mustang Mach-E","Truck","2020","LG Energy Solution","NMC","111.7","FWD","150726.3","5.97","Fleet","BAT-10016479","1125","85.84","69.49","29.97","87.18","3.589","0.0008","265.59","8.13","26.47","0.356","95.68","95.48","95.88","14.16","12","0.31","0.53","58.77","101.44","0.4","0.76","0","0","105.01","54.53","10.07","33.27","10.19","0.32","0.48","53.18","27.85","45.42","17.15","40.69","1125.5","Mountainous","87.67","1237.2","87.04","2","1","38.66","12.63","4.16","0","0","2","0","18.09","52.11","88.11","99.16","30.11","9766","0"
"EV114230","Mercedes-Benz","EQE","Crossover","2015","SK On","LMO","49.11","AWD","294660.1","11.23","Fleet","BAT-10014230","1903",,,"41.8","71.3","3.39","0.0082","237.3","13.67","23.89","0.642","95.49","94.12","34.97","28.79","1","0.55","0.28","39.19",,"0.93","0.78","1","0","49.99","113.89","69.5","72.1","27.38","0.99","0.67","132.58","3.23","21.19",,"71.64","947.77","Coastal","7.13","1447.3","89.56","21","0","50.62","3.61","11.49","20.66","0","0","0","55.65","100","97.68","84.52","68.77","5578","0"
"EV103350","GM","Cadillac Lyriq","Sedan","2020","Panasonic","LTO","77.3","AWD","78982.7","6.28","Fleet","BAT-10003350","855","79.57","66.51","32.37","80.71","3.455","0.0328","259.12","23.55","32.36","0.478","96.52","95.56","61.51","20.43",,"0.18","0.77","22.25","287.34","0.5","0.06","0","0","114.14","101.22","65.99","6.15","82.32","0.79","0.66","104.43","44.12","60.86","25.71","45.96","803.58","Hilly","42.22","742.6","75.22","10","2","64.31","8.12","48.36","0","1","1","1","30.84","52.9","85.03","96.46","39.09","8984","0"
"EV109711","Hyundai","Ioniq 5","Van","2021","CATL","NCA","94.07","AWD","128686.8","4.74","Private","BAT-10009711","1290","81.07","4.58","77.97","80.69","3.474","0.0167","312.66","29.64","48.82","0.468","96.17","94.32","76.26","18.93","35","0.37",,"26.49","173.37","0.55","0.38","1","1","112.82","82.52","37.69","29.67","63.12","0.43","0.21","99.06","-14.86","-0.1","-24.76","11.63","1958.91","Hilly","37.52","1234.3","89.21","15","2","44.17","24.05","26.6","32.94",,,"0","57.27","58.04","75.43","84.48","39.07","6835","0"
"EV117521","Kia","EV6","Truck","2021","CATL","NMC","133.73","FWD","182311.9","4.96","Private","BAT-10017521","1177","80.21","67.43","54.95","79.08","3.472","0.0025",,"16.54","22.13","0.426","96.68","93.91","107.26","19.79","6","0.29","0.51","15.13","600","0.69","0.04","1","1","16.42","19.96","58.68","68.13","68.2","0.74","0.11","8.53","6.54","11.83","-11.7","94.69","2195.67","Flat","55.96","469.5",,"0","0","74.04","22.16","6.87","15.59","1","4",,,"51.99","75.34","83.62","42.17","7388","0"
"EV114997",,"e:N1","Hatchback","2020","Northvolt","LMO","92.96","RWD","96101.5","5.8","Private","BAT-10014997","860","84.64","73.32","18.13","84.11","3.553",,"323.32","21.3","33.21","0.389","95.62","96.63","78.68","15.36","29","0.81","0.1","16.94","455.49","0.59","0.63","1","0","20.27","19.67","10.72","68.65","20.88","0.93","0.1","9.65","39.46","51.61","28.03","72.89","667.65","Hilly","24.77","1274.2","77.71","5","0","52.04","13.49","9.23","0","0","0","1","32.78","46.51","87.87","72.02","30.49","9503","0"
"EV103431","Audi","e-tron GT","Sedan","2022","Guoxuan","NCA","98.54","RWD",,"4.06","Fleet","BAT-10003431",,"83.95",,"31.58","84.23","3.645","0.0076","320.76","20.88","40.98",,"97.1","96.78","82.72","16.05","32","0.7","0.1","11.14","600","0.57","0.09","2",,"104.6",,"47.81","95.97","10.67",,"0.16","26.31","-23.79","-7.89","-39.07","9.3","562.34","Flat","85.98","217.2","90.77","27","1","84.29","11.65","15.87","32.94","0","0","1","56.57","42.29","87.02","71.1","50.21","7900","0"
"EV119534","Audi","Q4 e-tron","Van","2017","LG Energy Solution","NMC","100.9","FWD","91228.8","8.81","Private","BAT-10019534","1052","71.44","83.73",,"71.88","3.645",,"287.96","24.55","41.66","0.585","94.7","95.16","72.08","28.56","33","0.13","0.87","26.73","341.8","0.47","0.16","0","1","48.3","36.47","69.66","3.93","59.33","0.95","0.13","34.91","16.88","35.49","-0.18","63.37","2501.92","Hilly","77.26","398.6","84.48","29","0","86.23","18.08","14.61","24.78","0","2","0","53.17","69.24","78.57","87.62","30.7","6727","0"
"EV109507","Mercedes-Benz","EQE","Sedan","2015","Panasonic","LFP","145.83","FWD","270355.5","11.3","Fleet","BAT-10009507","1830","56.62","56.39","22.61","55.83","3.754","0.0034","315.34","32.1","42.63","0.912","92.86","91.4","82.57","43.38","4","0.14","0.84","6.65","600","0.54","0.91","1","0","26.01","89.45","39.99","0.63","12.26","0.73","0.51",,"16.83","34.12","7.61","48.71","1213.67","Coastal","30.04","143.2","90.55","0",,"82.91","14.9","12.27","25.8","3","3","1","60.38","100","84.74","95.3","34.49","4043","1"
"EV115583","Porsche","Taycan","Crossover","2017","Envision AESC","NMC",,"RWD","147455.9","8.78","Private","BAT-10015583","1302","76.25","75.2","39.61","76.42","3.653","0.0101",,"27.7","36.43","0.488","95.41","95.71","94.47","23.75","24","0.38","0.52","68.95","124.33","0.92",,"0","0","114.66","112.33","62.95",,"67.98","0.68","0.53","205.3","45.36","64.32","36.01","49.96","2191.12","Desert","88.91","33.6","71.23","6","0","98.38","16.94","14.28","0","2","0","0",,"72.17","83.59","90.32","61.4","6662","0"
"EV108807","Porsche","Macan Electric","Van","2022","SK On","NMC","87.28","RWD","109618.6","3.93","Private","BAT-10008807","765","94.65","51.62","29.97","92.88","3.607","0.0083","364.31","21.25","30.93","0.127","97.52","96.01","82.61","5.35","23","0.59",,"21.25","404.43","0.43","0.01","1","0","65.94","50.11","26","43.72",,"0.5",,"71.13","10.06","21.64","-5.96","56.38","1690.67","Flat","40.54","787.6","98.09","11","1","72.61","14.05","13.33","20.87","1","2","1","41.53","34.87","88.82","79.88","44.49","10567","0"
"EV104739","Tata","Nexon EV","Truck","2019","Guoxuan","LFP","52.2","RWD","280704.8","6.94","Private","BAT-10004739","2283","82.56","95.48","35.29","82.49","3.626","0.06","351.72","35.3","41.1","0.511","96.13","94.54","43.1","17.44","20","0.26","0.69","13.57","273.44","0.94","0.9","0","0","115.32","97.72","83.67","34.33","12.93","0.69","0.99","60.48","29.87","45.06","10.55","59.86",,"Flat","40.97","361.4","92.57","23","0","88.48","10.74","80.51","11.23","0","3","0","38.7","77.37","87.39","100","48.48","6688","0"
"EV116750","Hyundai","Kona Electric","Crossover","2023","SK On","LTO","120.06","AWD","166557.7","3.11","Private","BAT-10016750","1137","87.1","38.44","30.2","85.48","3.662","0.0032","362.54","33.78","54.96","0.395","97.44","96.73","104.57","12.9","27","0.28","0.69","33.73","296.35","0.45","0.22","3","0","32.64","66.18","52.98",,"69.59","0.4",,"117.03","18.95","35.69","13.95","23.27","1326.35","Coastal","86.34","232.1","97.29","14","0","82.22","41.51","7.93","32.94",,"1","0","48.16","35.7","59.82","83.75","51.19","8532","0"
"EV115171","Honda","Prologue","Sedan","2019","Envision AESC","NMC","128.5","FWD","107181","6.63","Private","BAT-10015171","890","81.31","33.95","51.91","83.08","3.506","0.0179","354.11","23.37","35.44","0.464","95.77","95.48","104.48","18.69","5","0.24","0.66","56.62","161.58","0.78","0.15","1","1","22.57","2.13","18.95","57.9","12.25","0.3","0.73","3","27.72","47.05","21.26","73.26","1352.02","Hilly","85.48","1179.8","82.8","18","0","58.82","19.87","23.64","7.72","1","1","0","38.85","53.34","78.93","83.28","35.56","8629","0"
"EV116079","Audi","e-tron GT","SUV","2018","BYD Battery","LTO","39.09","RWD","178287.1","8.24","Private","BAT-10016079","1107",,"7.68","45.02","71.51","3.757","0.0057","349.4","7.28","13.47","0.63","94.78","95.08","27.94","28.52","13","0.23","0.71","17.11","200.86","0.69","0.92","0","1","81.51","27.33","94.23","65.68","67.69","0.08","0.91","7.91","38.72","45.87","24.83","63.78","487.92","Desert","11.15","1092.5","90.81","24","1","39.75","4.19","11.47","0","0","0","1","41.34","64.26","95","100","53.02","7299","0"
"EV118152","MG","ZS EV","Van","2021","CATL","NMC","58.56","FWD","97421","5.28","Private","BAT-10018152","681","81.85","54.98","25.71","79.87","3.706","0.0004","263.13","11.18","25.35","0.426","96.97","95.42","47.93","18.15","33","0.2",,"32.12","178.87","0.71","0.9","1","1","86.99","84.84",,"9.52","92.36","0.08","0.96","42.57","14","30.62","7.54","51.91","1727.71","Flat","78.52","1149.2","91.52","10","2","48.32","11.48","5.16","11.35","0","2","3","36.3","39.57",,"97.57","26.03","9203","0"
"EV106415","Nissan","Leaf","Crossover","2015","CATL","NMC","138.29","AWD","236141.4","11.4","Private","BAT-10006415","1380","66.91","46.94","60.91","69.01","3.729","0.0097","264.76","40.81","49.73","0.639","95.65","94.64","92.53","33.09","2","0.21","0.72","26.76","458.53","0.01","0.33","2","1","42.3","49.52","74.33","79.63","59.54","0.3","0.75","54.23","-20.29","-8.81","-32.69","24.78","1674.06","Flat","13.14","647.6","87.46","24","1","67.92","28.55","16.68","32.94","3","1","0","71.5","96.15",,"82.84","51.39","5582","0"
"EV106718","Volkswagen","ID.3","Crossover","2023","Guoxuan","NMC","57.4","AWD","189919.6","3.35","Private","BAT-10006718","2224","82.85","84.56","32.49","82.49","3.819","0.0165","336.07","26.68","36.31","0.372","96.5","95.74","47.56","17.15","7","0.32","0.56","71.12","47.66","0.83","0.75","0","0","98.01",,"67.33","36.08","16.13","0.44","0.05","6.92","40.17","50.46","30.08","56.52","2553.33","Flat","54.31","903.4","87.38","4","0","64.14","5.78","23.18","0","1","0","0","28.96","66.34","92.33","95.3","39.9","8281","0"
"EV114755","BYD","Dolphin","Sedan","2015","Guoxuan","NCA","55.69","FWD","164201.8","10.8","Private","BAT-10014755","1403","69.83","54.8",,"69.75","3.669","0.0068","278.84",,"34.02","0.692","94.38","95.33","38.89","30.17","36","0.22","0.62","68.3","53.84","0.14","0.05","1","0",,"111.07","3.72","5.06","29.18","0.96","0.47","92.45","-4.77","2.64","-18.37","59.09","2407.92","Hilly","38.61","737.3",,"19",,"64.7","10.54","12.04","32.94","1","1","1","52.96","95.72","88.07","90.64","28.13","5621","0"
"EV107111","Mahindra","BE 6","Van","2024","CATL","LFP","72.07","AWD","78473.5","1.91","Private","BAT-10007111","699","98.03","52.12","62.42","97.91","3.662","0.0217","322.26","28.67","47.41","0.108","97.89",,"70.65","1.97","35","0.22",,"36.19","124.7","0.8","0.7","2","1","52.64","37.33","19.92","93.92","25.8","0.83","0.35","25.65","-2.37","5.29","-20.2",,"1048.15","Mountainous","33.45","1329.3","98.16","12","0","56.33","19.86","30.92","32.94","0","2","0","46.79",,"79.62","84.15","45.41","10462","0"
"EV113454","Porsche","Macan Electric","Truck","2019","Panasonic","NMC","57.66","AWD","77901.5","7.33","Private","BAT-10013454","827","78.39","24.29","42.13","76.34","3.62","0.0094","362","35.39","47.6","0.503","95.32","94.08","45.2","21.61","27","0.15","0.67","43.34","65.14","0.4","0.93","0","0","82.55","58.11","52.97","49.32","2.74","0.24","0.97","68.52","-12.06","-6.08","-19.86","92.64","1884.04","Coastal","60.51","1466.1",,"5","0","35.27","22.41","12.91","32.94","0","0","1","49.17","52.7","75.8",,"48.43","7589","0"
"EV110411","Audi","e-tron GT","Sedan","2024","Envision AESC","NMC","43.01","RWD",,"2.45","Private","BAT-10010411","1389","90.6",,,"89.4","3.685","0.0142","361.13","35.98","45.71","0.329","97.71","94.97","38.97","9.4","30","0.43","0.52","27.78","81.27","0.55","0.69","0","0","42.99","85.02","89.4","13.35","40.89","0.61","0.56","69.83","43.31","61.02","37.34","62.3","1357.65","Flat","87.62","400.2","73.89","11","1","74.82","25.17","23.76","2.4","1","1","3","33.38","48.24","76.13","89.54","45.61","9274","0"
"EV100850","BYD","Dolphin","Van","2016","BYD Battery","LFP","97.92","FWD","332341.5","9.84","Fleet","BAT-10000850","2639","69.91","96.81","17.15","68.74","3.616","0.0042","354.37","41.57","55.08","0.767","94.24","93.42","68.46","30.09","8","0.45",,"41.11","196.99","0.43","0.21","1","1","47.79","54.79","30.84","36.38","94.65","0.38","0.87","30.64","6.37","20.44","-3.04",,"311.91","Desert","13.31","214.6","84.81","13","1","96.04","32.06","10.96","32.94","2","0","1","52.17","100","67.83","80.66","25.23","5212","0"
"EV104117","Mercedes-Benz","EQA","Hatchback","2021","Envision AESC","NMC","76.15","RWD","122505.3","5.06","Private","BAT-10004117","1214","97.69","82.06","33.55","97.79","3.537","0.0049","321.87","39.48","58.01","0.099","97.07","97.85","74.39","2.31","35","0.15","0.78","19.6","320.5","0.44","0.18","1","0","95.38","110.59","95.02","18.61","45.92","0.75","0.44","90.81","11.45","27.07","0","91.04","467.68","Desert","90.9","877.5","98.51","13",,"61.8","48.09","8.56","32.94","1","2","0","42.46","44.59","52.84","89.88","47.19","10055","0"
"EV113148","Renault","Zoe","Truck","2022","Panasonic","LMO","124.54","FWD","187646.6","3.74","Private","BAT-10013148","1439",,"40.81","75.2","93.09","3.584","0.0038","254.46","42.14","59.6","0.309","97.61","96.89","113.84","8.59","20","0.25",,"26.79","434.33","0.57",,"0","1","17.66","126.9","35.13","8.51","59.52","0.38","0.43","87.2","45.07","63.58","38.62","47.19","1404.42","Mountainous","70.22","231.8","66.09","26","3","78.31","64.66","13.51","14.53","0","2","0","48.75","51.1","35.02","96.24","29.53","9117","1"
"EV119063","Lucid","Air",,"2021","Guoxuan","LFP","138.7","AWD","65637.8","4.87","Private","BAT-10019063","631","95.23","61.87","26.15","93.33","3.76","0.0224","353.44","29.4",,"0.178","96.73","96.07","132.08","4.77","23","0.51","0.47","71.33","140.55","0.26","0.67","0","0","76.28","119.22","97.39","10.52","51.57","0.84","0.25","61.36","42.56","60.11","25.23","74.38","1109.45","Hilly","55.45","788.2","76.2","4","0","65.57","22.91","31.06","1.9","1","2","0",,"41.41","81.99","97.01","42.92","11258","0"
"EV107314","Kia","EV9","Truck","2018","CATL","LMO","27.35","RWD","112739.2","7.81","Fleet","BAT-10007314","1061","88.56","42.87","61.55",,"3.452","0.0028","334.84","38.94","57.06","0.301","97.08","97.41","24.22","11.44","8","0.56","0.21","63.69","28.62","0.78","0.82","3","0","79.29","32.18","22.45","66.46","69.35","0.67",,"15.46","-12.47","1.61","-27.36","64.54","1139.89",,"78.31","509.8","89.74","10","1","79.1","40.33","8.6","32.94","1","0","1","54.6","57.99","60.22","80.13","19.38","8705","0"
"EV101253","Mercedes-Benz","EQA","Crossover","2015","CATL","NMC","142.39","AWD","196902","11.3","Private","BAT-10001253","1584",,"43.36","61.83","80.51","3.467","0.0046","350.17","37.18","48.52","0.47","97.04","95.83","117.54","17.45","1","0.55","0.41","44.52","157.35","0.37","0.16","1","1","106.2","21.77","73","86.5","54.02","0.83","0.73","20.4","25.69","39.21","15.55","36.67","2366.91","Desert","5.63","539.3","92.44","1","0","77.15","22.23","6.22","22.83","1","1","0","63.54","84.27","75.87","84.32","43.92","5727","0"
"EV116372","Tesla","Model 3","SUV","2023","BYD Battery","NMC","29.75","FWD","81458.5","2.58","Private","BAT-10016372","666","94.08","46.49","57.41","93.97","3.548","0.0058","312.22","29.33","48.29","0.195","96.43","95.87","27.99","5.92","34","0.22","0.77","25.33","56.68","0.58","0.63","1","0","64.19","90.03","14.72","11.96","86.67","0.13","0.59","139.67","-3.92","10.15","-8.67","92.21","1147.3","Mountainous","93.71","432","87.28","19","0","85.02","24.84","8.95","32.94","1","3","1","49.09","28.27","73.09","89.92","19.58","9612","0"
"EV112760","Rivian","R1T","Truck",,,"NMC","46.54","AWD","139347.9","6.91","Private","BAT-10012760","1187",,"77.87","31.58","72.54","3.572","0.002","342.91","40.39","53.08","0.513",,"95.99","34.93","24.94","30","0.61","0.29","10.64","242.57","0.87","0.16","0","1","60.41","133.67","17.1","52.64","69.17","0.65","0.12","93.02","24.17","30.28","14.99","60.44","2413.9","Desert","15.23","198.3","91.38","13","0","91.38","23.95","5.31","28.91","1","0","1","58.63","69.33","73.34","79.25","38.4","6599","0"
"EV108196","Renault","Zoe","Van","2023","LG Energy Solution","LTO","103.98","AWD",,"2.76",,"BAT-10008196","917","90.76","80.22","45.83","89.82","3.568","0.0061","296.14","26.73","41.65","0.235","97.08","95.75","94.37","9.24","1","0.58","0.24","23.15","350.66","0.76","0.13","1","0","104.75","92.82","47.08","44.4","37.2","0.61","0.26","67.76","-2.73","13.83","-16.01","55.58","672.04","Desert","77.34","943.4","89.55","17",,"55.5","22.07","13.28","32.94","0",,"1","52.35",,"77.11","86.04","38.39","9607","0"
"EV112005","BMW","i4","Truck","2015","Guoxuan","NMC","107.1","AWD","291858.1","10.9","Private","BAT-10012005",,"69.36","67.42","57.28","70.32","3.693","0.005","306.52","10.54","25.65","0.627","94.32","95.14","74.28","30.64","41","0.41","0.35","35.36","162.31","0.25","0.46",,"0","71.23","94.32","9.59","18.49","60.03","0.44","0.63","64.63","3.05","14.01","-11.26","81.74","1489.48","Hilly","63.05","156.8","85.07","24","1","96.71","11.84","8.93","22.6","1","3","0","52.9","99.75","87.13","85","20.27","5834","0"
"EV107615","Mercedes-Benz","EQE",,"2023","Guoxuan","LMO","86.01","FWD","91653.2","3.28","Private","BAT-10007615","620","90.81","80.68",,"92.53","3.498","0.0001","258.85","39.08","53.29","0.278","97.37","95.59","78.11","9.19","2","0.38","0.4","20.58","381.36","0.5","0.34","1","0","105.01","99.52","39.52","28.37","85.05","0.28","0.25","120.91","-9.97","-0.23","-25.72","89.15","697.36","Coastal","73.45","381.4","94.27","6","0","83.85","40.33","3.97","32.94","1","1","0","39.68","28.22","60.72","86.29","24.35","9646","0"
"EV112787","Renault","Megane E-Tech","Van","2015","Envision AESC","NMC","92.54","FWD","148484.3","11.24","Private","BAT-10012787","1511","67.56","45.75","49.36","66.61","3.807","0.014","277.91","21.65","41.94","0.814","94.01","92.36","62.52","32.44","12","0.17","0.75","48.14","186.91","0.14","0.67","0","0","110.83","32.57","0.41","54.25","6.07","0.6","0.54","20.87","37.76","56.12","30.7","14.44","1418.56",,"2.2","1236.7","72.9","19","1","44.28","12.1","20.59","4.18","1","0","1","34.71","87.3","89.49","95.77","30.84","6648","0"
"EV106637","Porsche","Macan Electric","SUV","2017","SK On","NMC","87.08","FWD","163184.1","9.13","Private","BAT-10006637",,"81.92","53.58","47.12","85.43","3.736","0.0014","381.07","33.61","43.32","0.483",,"96.43","71.34","18.08","38","0.13",,"27.63","260.53","0.08","0.55","1","1","66.81","12.09","12.4","1.12","91.74","0.93","0.09","4.95","34.94","43.12","18.95","97.96","545.67","Flat","75.55","734.5","91.89","21","2","59.68","15.25","6.41","8.38","2","0","0","27.8","84.33","86.05","93.7","1.82","8496","0"
"EV114090","Volvo","EX30","Crossover","2017","Envision AESC","NMC","57.38","AWD","133046.1","8.97","Private","BAT-10014090","1056","75.12","94.83","39.05","74.22","3.784","0.0292","370.83","10.62","21.99","0.671","94.54","93.1","43.1","24.88","8","0.61","0.21","78.87","38.44","0.02","0.74","0","1","20.35","124.63","7.67","3.56","17.57","0.84","0.6","95.9","47.67","60.95","40.55","12.84","61.81","Desert","41.96","537","73.52","1","0","80.92","18.57","40.17","0","1","0","0","37.8","72.31","83.37","84.22","28.95","7155","0"
"EV107596","Volvo","EX30","Van","2016","Northvolt","NMC","61.64","AWD","122135.3","9.58","Private","BAT-10007596","1045","68.42","4.34","37.36","68.14",,"0.0323","302.66","37.05","57.28","0.688","94.41","93.5","42.17","31.58","40","0.46","0.32","29.49","126.11","0.75","0.95","1","0","112.21","139.6","42.88","73.52","39.37","0.84","0.57","78.62","30.18","36.3","14.64","50.11","2139.51","Desert","25.98","1011.4","85.97","10","1","52.85","44.32","46.11","27.1","0",,"0","48.86","74.22","54.77","92.65","56.01","6322","1"
"EV107928","Tesla","Model S","Van","2020","Northvolt","NMC",,"AWD","279086.4","6.1","Private","BAT-10007928","1885","73.44","5.64","78.36","72.67","3.655","0.043","317.98","32.86","41.31","0.647","96.11","93.07","72.1","26.56","18","0.6","0.19","5.88","600","0.33","0.34","2","0","22.09","39.66","92.29","48.51","55.16","0.46","0.57","8.76","12.14","31.76","3.07","67.42","514.09","Desert","10.85","298","90.41","10","1","82.47","9.88","59.97","29.17","2","0","2","65.63","79.81","87.58","80.09","51.2","4651","0"
"EV106841","MG","ZS EV",,"2023","Envision AESC","NMC","123.44","RWD","248936.9","3.2","Private","BAT-10006841","2545","86.84","58.21","16.26","88.31",,"0.0137","266.77","46.84","61.16","0.354","96.53","96.96","107.2","13.16","15","0.55","0.41","35.77",,"0.88","0.8","1","0","70.32","125.91","43.6","23.26","61.26","0.86","0.73","87.39","1.52","18.93","-15.01",,"509.22","Coastal","62.9","637.7",,"26","2","62.6","44.68","25.07","32.94","2","1","2",,"73.28","56.59","83.87","28.43","6865","0"
"EV118405","Ford","Mustang Mach-E","Van","2020","LG Energy Solution","LFP","33.06","FWD","248523.5","6.33","Private","BAT-10018405","2204","78.64","98.21","27.18","78.52","3.582","0.0099","300.89",,"43.23","0.616","95.26","93.6","26","21.36","35","0.12","0.79","62.5","39.59",,,"0","0","111.63","43.94","93.72","94.27","29.04","0.45","0.95","20.34","37.85","56.54","17.91","92.43","1372.37","Mountainous","49.27","1173.7","73.22","14","1","45.83","19.95","17.58","5.38","1","0","0","32.04","75.7","84.21","100","64.33","7565","0"
"EV105827","Nissan","Leaf","SUV","2023","Panasonic","NMC","38.2","RWD","182813.2","3.28","Private","BAT-10005827","1314","89.69","7.64",,"87.36",,"0.0289","363.02","39.35",,"0.33","97.26","95.39","34.26","10.31","38","0.33","0.47","32.07","96.23","0.13","0.22","0","0","55.14","27.89","68.4","33.56","9.28","0.5","0.35","27.39","41.37","55.16","25.04","91.12","361.24","Coastal","70.74","1270.8","84.28","18","0","47.13","46.95","38.19","13.29","0",,,"27.57","41.9","53.56","94.61","49.39","9653","0"
"EV100672",,"EQE","Crossover","2017","CATL","LMO","68.11","AWD","212121.1","9.53","Private","BAT-10000672","1363","74.09","9.46","33.65","71.68","3.575","0.0129","289.58","38.56","44.29","0.531","94.48","95.3","50.46","25.91","29","0.17","0.78",,"305.81",,"0.13","0","0","10.75","142.44","88.27","11.28","99.01","0.92","0.11","50.26","17.24","26.08","3.07","83.3","1223.43","Coastal","20.37","1417.4","83.65","5","0","42.41","18.48","19.63","27.05","0","0","0","55.08","77.96","80.38","99.83","38.59","6526","0"
"EV105475","Audi","Q4 e-tron","Sedan","2016","Panasonic","LTO","64.64","FWD","150337.3","9.69","Fleet","BAT-10005475","2108","60.97","98.13","62.26","61.22",,"0.0079","380.4","15.22","21.26","0.716","93.72","92.21","39.41","39.03","27","0.19","0.78","19.64","240.77","0.2","0.28","0","1","76.84","41.69","20.57","95.94","46.63","0.46","0.87","21.39","25.49","39.68","10.64","48.84","1418.33","Hilly",,"541.3","90.68","24","1","72.37","0","15","0","1","1","2","47.31","100","100","90.92","29.81","4393","0"
"EV113508","Hyundai","Ioniq 5","Crossover","2022","Panasonic","LMO","86.74","RWD","129475.4","3.76","Private","BAT-10013508","1151","85.09","73.02","52.95","84.61","3.56","0.0189","323.96","34.97","46.01","0.34","96.78","94.43","73.81","14.91","19","0.18",,"65.27","100.03","0.27","0.38","3","1","77.52","68.81","66.75","30","63","0.68","0.18","73.82","32.92","46.73","14.94","52.41","1549.13","Coastal","5.31","438.3","92.72","23","0","82.07","19.22","26.19","13.09","0","0","2","40.75","45.4","86.18","79.73","41.66","8934","0"
"EV112055","Kia","EV6","Truck","2016","Northvolt","NMC","110.94","AWD","264309","10.36","Private","BAT-10012055","1793","88.48","87.82","38.67",,"3.527","0.0085","246.89","20.54","33.06","0.275","96.76","97.05","98.16","11.52","3","0.31","0.63","91.78","100.92","0.17","0.42","0","0","30.19","76.74","98.48","11.51","50.39","0.56","0.84","110.81","1.26","21.05","-11.86","82.58","599.73","Mountainous","23.32","57.4","90.9","2","1","81.23","4.82","14.05","31.8","0","1","0","47.36","89.23","96.07","95.12","56.55","8250","0"
"EV101794","MG","Comet EV","Hatchback","2020","BYD Battery","LMO","108.43","RWD","123304.2",,,"BAT-10001794",,"87.06","78.39","16.55","85.44","3.58","0.0236","250.6","19.89","35.33","0.378","96.38","95.3","94.4","12.94","20",,"0.44","32.64","237.73","0.76","0.75","1","1","14.27","127.97","25.81","77.88","66.25","0.05","0.31","163.72","47.82","63.33","37.84","51.95","201.62","Hilly","58.35","1498.6","68.94","27","0","42.98","24.17","32.64","0","1","0","0","26.84","44.14","77.47","74.93","51.84","9788","0"
"EV101039","Audi","e-tron GT","Van","2020","Envision AESC","NCA","123.5","AWD","95085.4",,"Private","BAT-10001039","890","86.17","60.86","35.38","87.67","3.616","0.0086","271.2","19.21","40.22","0.438","97.52","96.41",,"13.83","10","0.19","0.6","11.37","571.26","0.47","0.21","0","1","117.99","70.76","8.8","21.94",,"0.85","0.63","43.84","-20.49","-6.65","-33.61","95.13",,"Hilly","30.44","1059.1",,"5","0","52.98","9.63","13.2","32.94","2","4","0","55.21","50.05","86.43","94.5","26.15","7678","0"
"EV117422","BMW","iX1","Truck","2020","Panasonic","LMO","81.02","FWD","197471.6","6.06","Private","BAT-10017422","1250","90.01","10.52","55.76","90.11","3.485","0.016","331.08","39.57","50.02","0.266","96.37",,"72.93","9.99","8","0.46","0.47","55.33","146.96","0.54","0.06","0","0","28.22","128.78","46.38","56.46","78.02","0.04","0.59","132.41","-20.64","-4.89",,"47.49","774.59","Desert","11.12","1446.7","87.88","30","0","35.91","21.45","20.8","32.94","1","1","0","59.18","60.23","74.12","84.58","39.13","9159","0"
"EV103850","Nissan","Ariya","Hatchback","2021","SK On","LMO","61.08","RWD","163105.1","4.78","Private","BAT-10003850","1623","82.82","75","40.12","82.99","3.458","0.0151","325.05","11.55","22.57","0.438","95.99","94.01","50.59","17.18","24","0.21","0.54","28.66",,"0.82","0.33","0","0","42.85",,"88.04","45.5","35.47","0.54","0.41","205.3","44.46","59.92","27.17","89.62","815.17","Hilly","45.67","1239.3","69.86","19","0","48.97","15.01","19.97","0","0","2","0","29.53","57.27","83.11","94.86","68.17","8410","0"
"EV100549","Mahindra","XUV400","SUV","2019","Envision AESC","LMO","80.59","AWD","254185","6.8","Fleet","BAT-10000549","1778","77.89","93.74","43.38","78.07","3.693","0.0228","280.67","21.41","42.4","0.467","96.67","95.81","62.77","22.11","3","0.48","0.51","27.38","209.44","0.14","0.44","1","3","44.74","100.9","19.3","7.58","96.5","0.13","0.12","117.78","-12.62","-0.01","-20.44","97.73","1552.62","Mountainous","47.68","845.2","92.69","3","1","57.69",,"35.48","32.94","1","6","2","74.26","80.21","88.47","61.21","27.03","6195","0"
"EV119118","Kia","EV9","Hatchback","2018","Panasonic","LFP","120.97","FWD","295284.3","8.23","Private","BAT-10019118","2134","72.01","10.61","26.14","73.82","3.613","0.007","314.33","33.38","43.41","0.607",,"92.82","87.11","27.99","12","0.82","0.06","14.72","600","0.74","0.03","2","1","81.93","131.62","79.15",,"32.76","0.14","0.78","153.43","-6.75","-0.38","-26.27","66.23","1795.95","Desert","13.91","238","90.85","5","3","82.61","11.61",,"32.94","2","1","1","70.67","84.46","90.5","63.2","44.61","5617","1"
"EV103311","Tata","Tiago EV","SUV","2022","BYD Battery","LTO","69.64","AWD","129623.1","3.8","Private","BAT-10003311","1044","85.77","93.18","44.97","86.51","3.371","0.0131","273.05","36.86","48.95","0.39","96.79","97.18","59.73","14.23","34","0.74","0.04","32.58","183.72","0.49","0.59","0","1","29.56","143.59","46.51","81.89","93.5","0.71","0.76","172.01","31.29","37.24","17.28","15","711.58","Mountainous","84.64","1346.2","89.49","21","0","49.76","29.12","17.88","17.66","2","3","1","57.68","42.41","73.55","77.1","44.61","8353","0"
"EV118995","Audi","Q4 e-tron","Truck","2021",,"NMC","55.76","RWD","166539.1","5.02","Private","BAT-10018995",,"81.31","58.67","36.92","82.73","3.551","0.0004","280.53","29.47","36.88","0.392","95.93","96.38","45.34","18.69","26",,"0.37","17.36","267.03","0.91","0.07","3","2","118.06","99.53","25.56","2.28","67.48","0.52","0.94","141.95","-5.11","4.84","-14.68","6.23","765.3","Coastal","73.58","1142.6","87.18","0","0","54.53","15.13","3.34","32.94",,"0","0","62.47","64.42","84.4","57.31","25.83","7516","0"
"EV106520","MG","ZS EV","Hatchback","2022","SK On","NMC","64.19","FWD","168438.2","3.93","Fleet","BAT-10006520","1358","89.34","96.94","43.17","91.3","3.564","0.0005","295.81","34.16","55.11","0.382","97.21","95.69","57.35","10.66","5","0.11","0.67","38.47","127.53","0.13","0.49","1","0","117.33","44.11","60.63","78.32","75.54","0.28","0.97","63.32","3.9","12","-10.77","6.99","1209.44","Coastal","69.06","691.5","88.87","12","2","62.88","40.55","7.43","32.94","0","1","2","43.5","42.72","54.64","95.84","50.08","9437","0"
"EV115112","Nissan","Leaf","Hatchback","2023","CATL","LMO","120.56","RWD",,"2.58","Fleet","BAT-10015112","889","92.82","66.6","56.17","89.17","3.76","0.0014","357.2","32.92","52.64","0.207",,"95.63","111.9","7.18","11","0.2","0.61","24.07","292.17","0.42",,"1","1","57.89","23.08","46.87",,"88.19","0.87","0.11","15.5","-20.02","-3.28","-33.08","99.39","615.88","Coastal","29.25","43.6","91.96","16","1","100","30.41","4.27","32.94","0","1","0","54.38","35.12","67.98","85.66","30","9074","0"
"EV102920","Nissan","Ariya","Truck","2022","SK On","LFP","114","RWD","106297.5","3.79","Fleet","BAT-10002920",,"83.08","37.4","62.21","82.24","3.733","0.004","317.3","43.62","53.98","0.434","96.18","95.32","94.71","16.92",,"0.31","0.63","155.77","48.84","0.91","0.38",,"0","44.31","54.93","61.94","75.42","93.66","0.12","0.13","43.3","10.3","19.19","-0.85","19.75","1985.56","Hilly","82.93","1259.1","95.56","30","1","45.59","36.6","8.41","32.94",,"1","1","58.15","54.14","63.87","99.08","37.51","8539","0"
"EV100808","Hyundai","Ioniq 5","SUV","2020","CATL","LMO","87.74","FWD","145729.2","6.26","Fleet","BAT-10000808","1563","74.31","46.11","42.55",,"3.562","0.0012","299.21","43.29","64.61","0.531","95.14","95.58","65.2","25.69","15","0.16","0.77","49.28","133.89","0.52","0","1","1","83.81","31.58","68.65","42.95","52.24","0.64","0.97","92.12","44.37","62.7","39.42","18.12","143.13","Flat","47.12","1051.8","66.18","5","2","55.43","69.06","5.69","20.24","2","2","0","54.33","66.92","30.63","88.48","48.45","6424","1"
"EV100625","Mahindra","BE 6","Hatchback","2016","BYD Battery","LMO","113.11","RWD","187514.1","10.05","Private","BAT-10000625","1702","76.49","20.01","69.73","74.1","3.688","0.0033","365.11","16.46","33.21","0.62","95.16","95.96","86.52","23.51","33","0.17","0.64","26.55","367.77","0.63","0.11","1","1","59.59","33.68","80.12","39.49",,"0.08","0.59","19.03","33.42","50.43",,"59.34","712.4","Flat","31.41","1499.5","79.36","8","2","33.19","15.73","8.42","0","1","2","0","43.66","93.3","81.18","84.15",,"5835","0"
"EV111379","Tata","Nexon EV","Van","2015","LG Energy Solution","NCA","51.28",,"415411.6","10.97","Fleet","BAT-10011379","2898","67.85","21.63","66.12","65.87","3.705","0.007","337.16","24.09","31.93","0.637","94.83","93.85","34.79","32.15","18","0.35","0.56","18.18","255.13","0.67",,"0","0","80.98","13.59","27.74","55.66","8.33","0.8","0.05","15.17","-1.82","5.6","-18.74","28.5","127.57","Mountainous","10.91","1470","88.24","19","0","37.83","9.92","12.86","32.94",,"1","1","65.97","100","89.79","89.1","37.06","4469","0"
"EV105164","Lucid","Air",,"2023","CATL","LFP","75.57","RWD","44531.5","3.12","Private","BAT-10005164","298","92.41",,"35.68","89.06","3.526","0.0074",,,"67.53","0.176","96.94","95.16","69.83","7.59","41","0.29",,"10.23","371.03","0.61","0.22","2","1","100.96","120.74","34.16","88.86","25.86",,"0.1",,"18.54",,"-1.22","10.49","2580.61","Mountainous","41.39","362.5","89.73","1","1","80.78","57.42","15.22","32.94","1","0","0","47.79",,"43.47","75.38","44.44","10431","0"
"EV109540","BMW","iX1","Van","2021","Guoxuan","LTO","30.25","AWD","128747.8","4.57","Fleet","BAT-10009540","1147","98.21","56.6","50.54","97.26","3.398","0.0225","251.45","9.66","20.84","0.115","98.4","97.2","29.71","1.79","18","0.5","0.36","19.52","87.34","0.16","0.68","1","1","63.67","49.57","88.3","99.18","85.46","0.88","0.24","45.98",,"2.86","-30.79","72.01","1981.4","Coastal","95.47","200.3",,"17","1","86.53","15.84","34.98","32.94","0","0","0","53.41","44.34","85.64",,"55.41","9969","0"
"EV100694","Rivian","R1S","SUV","2015","Envision AESC","NMC","49.83","FWD","214584","10.81","Fleet","BAT-10000694","1297","81.65","18.08","9.88","82.27","3.482","0.0055","257.67","36.13","49","0.533","95.59","95.03","40.69","18.35","9","0.1","0.73","15.53","212.04","0.25",,"2","0","46.76","48.71","82.65","22.33","33.44","0.19",,"31.06","5.29","11.38","-12.46","61.58","1014.77","Hilly","93.03",,"86.38","4","0","38.65","32.23","7.64","32.94","1","3","1","46.16","86.25","67.81","91.67","38.41","6929","0"
"EV107556","Nissan","Leaf","Sedan","2021","Guoxuan","LMO","106.19","RWD","85151.1","4.77","Private","BAT-10007556","580","84.09","93.04","30.25",,"3.534","0.0575","339.26","28.19","47.11","0.408","97.11","95.78","89.3","15.91","26","0.41","0.44","36.27","166.45","0.42","0.35","0","0","97.69","126.02","96.46","75.17","43.27","0.38","0.71","107","-8.44","8.81",,"63.68","865.84","Flat","43.26","649.2","95.42","17","1","70.68","18.53","78.38","32.94","0","1","1","52","41.06","83.03",,"67.08","8199","0"
"EV110117","MG","Comet EV","Crossover","2022","SK On","NMC","125.23","AWD","351359.1","3.83","Private","BAT-10010117","2228","84.78","56.11","22.63","84.4","3.625","0.0035","300.88",,"56.21","0.374","96.36","96.48","106.17","15.22","5","0.27","0.59","29.58","210.18",,,"1","1","90.05","6.12","77.55","4.05","70.63","0.66","0.59","4.42","19.12","32.99","13.57","41.77","1475.46","Coastal","91.08","848.2","94.22","15","2","58.71","33.6",,"32.94","0","1","1","55.85",,"65.17","82.46","30.71","7692","0"
"EV111594","BMW","i4","Hatchback","2020","CATL","LTO","84.04","FWD","141796.4","6.19","Private","BAT-10011594","833","83.23","41.47","54.66",,,"0.0012","280.37","18.85","32.65","0.527","97.15","94.85","69.95","16.77","22","0.63","0.28","66.48","105","0.43","0.31","1","1","62.34","53.34","28.54","6.48",,"0.33",,"25.89","-14.67","-5.48","-34.23","23.9","1645.9",,"66.2","1000.5","85.33","3","0","60.39","13.12","1.91","32.94","2","1","0","67.76","48.42","87.34","66.1","2.76","8233","0"
"EV103076","Ford","F-150 Lightning","Crossover","2021","LG Energy Solution","LFP","40.98","RWD","182453.5","5.14","Private","BAT-10003076","1366","83.31","53.67","85.48",,"3.683","0.0029","272.54","40.53","51.53","0.453","96.06","95.26","34.14","16.69","7","0.64","0.28","10.46","294.6","0.9","0.39","0","0","76.79","97.03","67.36","37.22","4.72","0.57","0.22","100.38","4.66","13.92","-7.37","34.11","1834.54","Desert","2.85","332.8","88.89","1","2","70.52","34.43","10.09","32.94","1","1","2","68.43","54.69","67.69","84.45","60.95","7372","0"
"EV117983","Tesla","Model S","Hatchback","2020","Guoxuan","LFP","78.3","AWD","141264.2","5.63","Fleet","BAT-10017983","1454","87.11","82.15",,"84.99","3.668","0.0168","267.76",,"55.41","0.303","95.91","97.13","68.21","12.89","8","0.42","0.36","65.81","109.07","0.22","0.57","0","0","76.06","104.99","80.02","61.94","39.36","0.57","0.49","108.37","-11.29","-0.59","-14.47","11.87","2284.59","Hilly","84.63","1213.4","89.99","9","0","57.06","38.24","23.95","32.94","0","2","1","53.42","46.7","64.82","88.32","59.29","8331","0"
"EV119073","Tesla","Model S","SUV",,"Panasonic","LFP","86.38","RWD","75225.1","3.71",,"BAT-10019073","949","91.16","12.22",,,"3.728","0.0005","331.79","25.53","38.01","0.235","96.9","96.76","78.74","8.84","11","0.43","0.32","54.06","152.55","0.17","0.41","0","0","76.91",,"9.74","16.85","28.87","0.3","0.96","48.33","21.2","29.3","7.12","25.21","2130.08","Mountainous","65.98","1083.2","90.32","11","1","51.76","3.08","3.76","16.81","0","0","1","23.97",,"95.51",,"28.1","10099","0"
"EV118691","Porsche","Macan Electric","Sedan","2015","CATL","NCA","125.61","AWD",,"11.02","Private","BAT-10018691",,"79.36",,"62","78.68","3.702","0.0069","307.27","23.29","33.65","0.509","96","95.36","99.68","20.64","3",,"0.65","9.06",,"0.16","0","1","0","25.4","85.18","81.73","64.28","96.87","0.99","0.4","176.62","40.8","51.98","24.98","77.69","178.22","Desert","23.22","926.4","82.29","26","0","61.16","15.2","12.4","0","0","2","1",,"84.02","88.45","91.77","49.47","7709","0"
"EV116451","Renault","Zoe","Hatchback","2018","Guoxuan","LFP","34.39","FWD","201074.9","7.68","Private","BAT-10016451","1480","81.74","74.59","29.65","82.66","3.768","0.0103","357.96","5.81","20.99","0.471","95.18","95.57","28.11","18.26","5","0.37","0.48","32.29",,"0.52","0.51","0","0","20.11","49.18","20.59","6.38","45.69","0.58","0.69","26.44","-21.03","-7.95","-27.2","22.66","2001.74","Flat","87.84",,"88.35","14","1","70.35","6.27","17.48","32.94","0","0",,"49.08","74.02","91.93","95.72","18.26","7550","0"
"EV109988","Hyundai","Kona Electric","Sedan","2021","SK On","NMC","73.28","FWD","79200.7","5.31","Fleet","BAT-10009988","947","82.28","40.03","55.08","80.98",,"0.0042",,"17.63","26.9","0.416","97.01","96.01","60.29","17.72","4","0.33","0.43","49.79","91.1","0.32","0.63","0","0","45.29","84.34","44.03","13.16","8.56","0.73","0.54",,"-19.55","-9.75","-28.1","96.74",,"Mountainous","56.73","572.1","86.18","15","1","70.97","8.65","11.14","32.94","0","5","1",,"48.33","88.69","98.46","41.09","8356","0"
"EV107149","BYD","Atto 3","Sedan","2021","Northvolt","NMC","35.28","FWD","266922.7","5.16","Private","BAT-10007149","2558","85.91","55.04","37.23","87.13","3.745","0.0036","269.64","42.01","56.27","0.319","96.24","97.11","30.31","14.09","22","0.14","0.69","25.68","135.63","0.39","0.52","0","0","60.72","118.77","54.23","39.93","12.61",,,"141.93","6.12",,"-2.85","69.91","636.16","Mountainous","15.64","319.2","91.39","26","2","82.87","36.88","8.82","32.94","0","0","1","46.07","75.02","67.3","98.07","54.57","6941","0"
"EV110391","Mercedes-Benz","EQA","Truck",,"CATL","NMC","87.56","RWD","85124.6","5.01","Fleet","BAT-10010391","723",,"81.69","44.37","90.28","3.75","0.0014","341.25","17.16","34.58","0.364","96.9",,"78.45","10.41","15","0.42","0.51","75.7","73.82","0.83","0.36","4",,"80.03","143.17","22.81","17.68","38.46","0.57","0.49",,"42.66","57.92","32.48","31.27","1437.56","Flat","83.73","1394.9","77.05","29","2","38.77",,"6.79","0","0","2","0","33.23","31.43","82.41","65.63","29.96","10376","0"
"EV100226","GM","Cadillac Lyriq","Van","2022","CATL","LFP","118.21","AWD","108991.1","3.97","Fleet","BAT-10000226","761","88.36","88.41","34","88.95","3.692","0.0234","276.9","31.02","42.29","0.454","97.71","95.25","104.45","11.64","35","0.04","0.76","61.02","186.31","0.73","0.88","2",,"114.52","97.17","13.87","80.45","58.3","0.46","0.92","107.48","5.82","17.21","-10.89",,"422.78","Desert","71.62","212.2","92.53","5","2","93.86","12.53","35.43","32.94","0","1","0","39.66","37.87","89.63","97.52","39.4","9714","0"
"EV101861","Volkswagen","ID.4","Crossover","2019","BYD Battery","LMO","36.37","AWD","97368.3","7.19","Private","BAT-10001861","1079","80.81","52.83","51.73","80.27","3.439","0","244.17","17.21","25.26","0.371","96.66","93.99","29.39","19.19","22","0.45","0.35","12.87","186.06","0.68","0.16","1",,"91.48","68.41","59.06","23.7","71.06","0.02","0.21","154.89","-15.81","0.04","-26.58","83.09",,"Coastal","47.06","1467.7",,"6","1","40.22","5.8","5.18","32.94","1","1","1","67.13","65.11","92.99","78.05","46.39","7882","0"
"EV107267","Audi","e-tron GT","Crossover","2021","BYD Battery","NMC","136.19","RWD","124664.1","4.77","Private","BAT-10007267","1098",,"68.82","41.83","87.2","3.604","0.0048","335.17","17.13","32.74","0.389","96.35","97.29","119","12.62","8","0.29",,"15.82","542.4","0.29","0.13","1","1","59.73","16.7","83.88","10.36","69.69","0.38","0.62","19.83","7.49","19.83","-9.2","77.73","1938.68","Flat","10.58","875.1","91.49","20","1","63.73","6.36","12.24","25.25","0","1","0","47.46","45.12","90.24",,"36.75","8765","0"
"EV111965","Tata","Tiago EV","Hatchback","2015",,"NMC","37.59",,"197236.1","11.18","Private","BAT-10011965","1292","76.39","71.58","11.1","76.86","3.824","0.0071","302.1","30.88","37.34","0.474","96.06","93.18","28.72","23.61","35","0.21","0.79","42.98","65.37","0.35","0.39","1","1","97.05","55.81","9.6","40.59","68.03","0.31","0.77","33.02","-2.28","6.55","-11.57","54.13","2403.34",,"38.25","1293.7","93.01","14","1","47.78","0.71","11.41","32.94","1","2","1","50.38","81.93","100","85.85","22.31","7002","0"
"EV113033","Hyundai","Ioniq 5","Crossover","2016","LG Energy Solution","LFP","73.72","FWD","253551.3","10.51","Private","BAT-10013033","2525","73.54","55.88","26.36","72.86","3.635","0.0175","298.07","18.51","37.42","0.528",,"95.02","54.21","26.46","11","0.07","0.75","53.49","79.66","0.62","0.66","0","0","46.35","111.52","52.34","92.96","78.99","0.54","0.67","205.3","18.13","37.49","5.92",,"1844.21","Flat","41.1","1211.7","89.82","26","0","52.85","9.1","23.24","19.29","1","1",,"36.62","100","90.65","100","64.78","6604","0"
"EV105850","Tesla","Model Y","Sedan","2021","CATL","LFP","127","FWD","92486","5.43","Private","BAT-10005850","935","83.45","22.32","51.65","83.81","3.418",,"263.19","18.88",,"0.356","95.42","96.21","105.98","16.55","40","0.28","0.68","11.23","600","0.41","0.22",,"0","41.94","23.49","81.39","90.92","85.01","0.74","0.57","26.93","43.42",,"36.22","7.34","278.2","Flat","34.69",,"69.03","24","1","86.78","21.35","5.03","0","1","0","0","36.08","48.19","82.41","94.78","44.25","8092","0"
"EV114431","Kia","EV6","Crossover","2024","Panasonic","LMO","42.24","AWD","96867.8","1.9","Private","BAT-10014431","645",,,"59.29","93.26","3.443","0.0175","313.31","32.07","38.13","0.236","97.21","96.13","38.81","8.11","23","0.36","0.42","64.59","51.77","0.3","0.83","2","1","95.86","88.44","26.63","84.67","69.19","0.56","0.21","205.3","-4.83","14.66","-16.44","90.71",,"Desert","35.85","894.8","95.16","17","1","58.95","15.92","26.51","32.94","1","1","0","55.6","25.36","85.6","83.1","52.41","9932","0"
"EV113760","Renault","Zoe","Van","2018","LG Energy Solution","NMC","36","AWD","169365.2","7.48","Private","BAT-10013760","1581","75.25","85.87","18.84","76.06","3.533","0.0069","314.44","27.36","39.85","0.613","96.28","94.42","27.09","24.75","32","0.09","0.74","38.94","62.72","0.42","0.31","1","1","104.16","27.34",,"77.86","8.95","0.75","0.54","11.87","45.42","51.7","34.97","14.16","1899.87","Mountainous","56.31","1237.7","83.13",,,"55.79","11.58","9.61","0","0","0","0","32.63","69.3","86.75","94.06","38.53","8018","0"
"EV114214","Renault","Zoe","Sedan","2020","LG Energy Solution","NMC","143.99","AWD","161459","6.14","Private","BAT-10014214","1127","89.89","84.82","46.87","91.88","3.42","0.0056","300.96","28.39",,"0.434","97.19","97.4","129.43","10.11","40",,"0.22","111.15","63.78","0.01","0.02",,"0","59.56","116.33","66.87","38.78","62.07","0.55","0.38","79.89","37.07","52.21","28.18",,"1348.96","Mountainous","39.9",,"78.06","12","0",,"24.86","8.35","9.33","0","0","1","35.18","54.9","74.54","78.71","41.61","10036","0"
"EV102176","MG","ZS EV","Van","2022","SK On","LMO","94.77","FWD","350553.3","3.95","Private","BAT-10002176","2464","78.13","22.01","32.02","81.93","3.474","0.0009","326.56","31.21","46.61","0.619","96","95.53","74.04","21.87","32","0.52","0.3","58.27","122.66","0.32","0.68","1","3","94.66","89.44","99.53",,"84.3","0.59","0.41","61.41","39.98","46.61","29.53","48.82","1379.23","Mountainous","35.79","404.6","87.58","1",,"80.86","22.37","2.47","6.63","0","0","0","56.84","77.43","75.9","69.23","48.08","6471","0"
"EV111527","MG","ZS EV","Crossover","2020","LG Energy Solution","LMO","58.72","RWD","122457","6.13","Fleet","BAT-10011527","1259","85.73",,"20.04","84.31","3.536","0.0063","360.67","36.44","57.07","0.492","96.16","95.32","50.34","14.27","11","0.57","0.34","24.12","226.89","0.24","0.66","0","1","51.65","56.04","24.44","80.66","78.5","0.4","0.33","57.28","-24.52","-8.69",,"56.8","747.95","Coastal","83.35","1225.7","86.21","20","2","47.06","42.49","15.27","32.94","0","0","2","46.54","57.61","56.28","87.34","35.62","9467","0"
"EV103053","Lucid","Air","SUV","2023","Northvolt","LFP","125.99","AWD","187978.3","2.79","Private","BAT-10003053","1293","90.91","62.94","76.56",,"3.654","0.0118","365.4","12.95","29.1","0.226","97.21","96.07","114.54","9.09","25","0.47","0.29","68.49","142.73","0.89","0.39",,"0","25.06","60.09","19.96","82.52","78.42","0.62","0.17","44.69","11.64","19.87","-3.03","76.36","280.85","Coastal","84.56","1232.6","92.6","10","1","50.47","14.29","19.45","17.46","1","1","1","39.98",,"82.77",,"24.95","9636","0"
"EV101944","Mahindra","XUV400","Crossover","2024","Northvolt","NMC","43.11","FWD","129731.4","2.16","Private","BAT-10001944","852","95.32","60.92","19.35","97.82","3.483","0.003","289.09","57.32",,"0.166","96.68","97.84","41.09","4.68","9","0.67","0.27","39.77","68.44","0.22","0.06","0","0","80.32","93.28","56.64","6.18","15.48",,"0.25","136.46","27.52","33.19","20.64","87.3","1985.2","Mountainous","70.86","562.5","91.13","7","0","76.23","60.99","6.34","32.94","1","1","1","46.94","35.62","38.92","86.52","46.01","10758","0"
"EV104795","Hyundai","Ioniq 5","SUV","2016","LG Energy Solution","NMC","37.66","FWD","176100.3","10.02","Fleet","BAT-10004795","2176","69.78","23.48","70.31","69.46","3.584","0.0166","315.39","8.17","17.18","0.667","95.8","94.28","26.28","30.22","33","0.13","0.7","101.2","36.73","0.08","0.67","0","0","79.82","10.47",,,"23.95","0.81","0.11","10.79","28.47","40.95","23.6","27.17","1480.99",,"97.19","320.4","90.54","19","0","87.76","12.19","25.58","0","0","0","1","31.45","98.72","86.48","100","32.2","5190","0"
"EV117468","Tesla","Model Y","Hatchback","2020","CATL","NMC","117.67","RWD","70037.2","5.53","Fleet","BAT-10017468","607","78.64","62.04","40.89","80.91","3.619","0.0266","267.81","29.28","37.74","0.467","95.04","94.67","92.54","21.36","15","0.41","0.41","51.51","117.23",,"0.3","1","1","11.74","141.71","59.8","39.38","51.14","0.77","0.43","102.33","-11.99","-5.65","-16.57","80.42","2377.04","Mountainous","85.65","1183","94.89","27","3","32.38","9.31","41.28","32.94","1","0","1",,"42.67","86.7","87.04","49.48",,"0"
"EV114231","Lucid","Air","Truck","2015","CATL","LFP","101.02","FWD","264318.4","10.65","Private","BAT-10014231","2899","73.46","14.4","30.6","71.83","3.786","0.0003",,"32.94","44.21","0.632","96.26","93.44","74.21","26.54",,"0.03","0.74","37.34","152.52","0.79","0.01","0","3","24.94","26.29","99.94","41.3","77.55","0.97","0.63","37.22","37.84","43.74","34.47","47.2","2464.36","Flat","51.67","806.6","91.9","12","1","65.58","17.41","5.65","6.37","2","2","0","49.87","100","84.11","77.9","43.85","4945","0"
"EV100586","Honda","e:N1","Crossover","2017","Panasonic","LFP","139.35","RWD","120135.9","8.67","Fleet","BAT-10000586",,"71.33","26.84","68.07","70.36","3.7","0.0063","273.8","27.91","39.54",,"95.45","93.21","99.4","28.67","28","0.17","0.66","29.47","266.5","0.78","0.42","0","0","74.44","61.45","17.4","8.71","75.1","0.61","0.12","29.95","-24.16","-6.19","-42.4","81.39","221.29","Hilly","67.73","916.4","91.35","25","1","68.83","17.9","11.05","32.94","1","4","0","52.79","71.89","86.77","98.47","12.09","6943","0"
"EV117572","Volvo","EX30","Sedan","2023","CATL","NMC","117.22","FWD","148486.9","2.96","Fleet","BAT-10017572","1226","88.59","88.21","47","88.58","3.709","0.0059","378.32","14.58","21.29","0.404","95.88","96.25","103.85","11.41","6","0.77","0.17","52.24","203","0.38","0.06","0","0","25.91","99.58","88.64","13.49","68.59","0.76","0.23","99.03","44.34","52.8","26.67","76.59","1362.92","Flat","44.23","735","82.56","0","1","60.69","8.4","10.3","0","0","1","0","38.86","40.6","88.83","77.73","44.23","9292","0"
"EV113326","Rivian","R1T","Truck","2021","CATL","LFP","59.52","RWD","175382.9","4.29","Fleet","BAT-10013326","1094","87.95","87.54","21.04","88.3","3.833","0.0005","283.64","25.96","40.71","0.174","97.32","96.24","52.35","12.05","17","0.2","0.73","40.08","136.9","0.79",,,"1","60.89","124.97","90.73","5.34","55.01","0.91","0.94","43.37","5.26","24.87","-10.91","51.34","1054.65","Desert","12.54","1475.8","97.13","16","2","37.68","3.42","6.32","32.94","0","0","1","46.74","47.15","99.98","90.52","45.92","9313","0"
"EV119455","BYD","Dolphin","SUV","2022","Envision AESC","LMO","54.05","RWD","144729.9","3.69","Fleet","BAT-10019455","863","89.72","51.94","36.5","88.75","3.781",,"310.04","37.1","47.31","0.167","96.57","96.41","48.49","10.28","5","0.37",,"29.63","171.14","0.13","0.84","0","1","90.3","88.35","71.63","30.89","68.32","0.58","0.14","156.32","33.84","49.26","28.83","23.54","966.11","Desert","77.98","194.7","92.5","4","1","82.02","23.85","13.54","13.47","0","2","1","38.65","40.07","82.73","87.56","54.87",,"0"
"EV100859",,"Cadillac Lyriq","Van",,"SK On","LFP","63.25","FWD","169772.4","5.94","Private","BAT-10000859","1169","78.09","98.64",,"77.9","3.603","0.0044","309.86","40.55","62.07","0.486","96.65","94.28","49.39","21.91","27","0.41","0.48","34.04","163.89","0.7","0.79","0","1","26.06","93.22","71.92","1.56","78.33","0.91","0.91","68.31","-13.91","-8.64","-33.58","73.41","2020.23","Desert","59.69","1412.2","85.17",,"1","42.88","55.79","11","32.94","1","2",,"62.02","59.84","48.29","89.27","33.16","7037","1"
"EV104781","Renault","Zoe","Sedan","2021","Northvolt","LFP","60.27","RWD","273506.7","4.58","Private","BAT-10004781","1703","82.81","22.94","56.78","84.01","3.814","0.0166","305.12","44.79","59.45","0.44","97.09","95.99","49.91","17.19","35","0.29","0.49","26.83","146.23","0.24","0.55","1","0","113.11","55.72","6.15","13.23","17.36","0.94","0.17","93.45","6.15","25.57","-3.83","79.78","558.19","Mountainous","33.69","1096","93.56","24","0","61.34","38.77",,"32.94","1","1","1","47.21","56.32","62.51","92.26","34.11","7030","0"
"EV112668","GM","Cadillac Lyriq","Sedan","2020","Guoxuan","NMC","62.01","AWD","153131.3","6.11","Private","BAT-10012668","1297","84.79","24.18","48.78",,"3.4","0.0005","312.8","29.33","45.6","0.367","96.98","96.86","52.58","15.21","41","0.31","0.53","59.06","105.99","0.29",,"2","0","24.45","85.24","8.37","42.04","16.21","0.09","0.86","59.59","34.11","44.11","22.51","96.62","1276.48","Desert","42.65","1115.1","85.45","0","1",,"25.33","5.29","11.49","0","2","0","31.86","55.36","76.76","81.58","34.38","8822","0"
"EV115873","Volkswagen","ID.4","Truck","2020","Panasonic","LMO","62.49","AWD","382775","6.43","Private","BAT-10015873","2363","70.43","30.36","18.69","69.66","3.522","0.023","292.33","28.79","42.26","0.56","95.2","93.68","44.01","29.57","20","0.25","0.62",,"64.75","0.61","0.43","2","0","117.33","2.86","23.49",,"16.51","0.91","0.62","3","-11.83","-6.51","-23.31","49.14","844.76","Flat","0.37","877.7","94.61","24","4","50.92","5.92","39.53","32.94","0","1","0","47.82","84.83","96.22",,"29.86","6330","0"
"EV106153","Nissan","Leaf","Crossover","2021","CATL","NCA","27.01","AWD","111286.8","4.78","Fleet","BAT-10006153",,"91.98","85.62","19.69","92.75","3.694","0.0295","317.68","31.48","40.56","0.258","98.08","97.31","24.84",,"32","0.45","0.35","29.88","70.79","0.1","0.9","0","0","45.01","126.36","43.46","6.58","67.23","0.63","0.03","81.48","-22.23","-13.58","-41.33","81.74","1199.22","Coastal","55.21","1401.7","89.1","18","1","48.78","18.15","41.91","32.94","0",,"0","42.75","45.3","82.73","94.77","28.42","10044","0"
"EV105825","Ford","Mustang Mach-E","Truck","2024","Panasonic","LFP","93.65",,"108332.8","2.09","Private","BAT-10005825","1114","95.36","19.04","68.78","96.05","3.53","0.0055","285.93","25.26","39.16","0.195","97.26","96.73","89.3","4.64","25","0.35","0.54","42.3","165.09","0.9","0.73","1","1","36.98","69.69","90.97","6.48","88.92","0.97","0.18","119.71","-14.16","3.69","-24.95","77.26","2579.98","Coastal","58.76","131.4",,"15","1","90.37","8.28","12.4","32.94","1","1","0","57.4","28.33","89.39","84.08","46.48","10430","0"
"EV103622","Audi",,"Sedan","2020","LG Energy Solution","LMO","149.01","FWD","107200.7","5.98","Private","BAT-10003622","953","89.9","19.57","40.81","89.06","3.654","0.0247","321.55","26.38","42.07","0.226","97.62","96.25","133.96","10.1","18","0.35","0.47","62.54","153.74","0.27","0.47","4","0","73.17","139.24","31.24","43.9","59.29","0.13","0.51","205.3","-17.09","-1.24","-29.08",,"2378.98","Flat","64.54","1082.7",,"30","1","57.93","15.64","36.8","32.94","1","1","0","41.86","45.37","89.51","75.25","51.75","9305","0"
"EV108393","Audi","e-tron GT","Truck","2020","CATL","NCA","69.58","RWD",,"5.86","Fleet","BAT-10008393","1029","87.59","84.98","51.15","87.68","3.646","0.03","273.45","40.85","51.97","0.384","95.96","95.02","60.95","12.41","2","0.54","0.41","16.64","214.92",,"0.42","0","2","74.26","108.62","63.66","85.62","36.06",,"0.5","94.07","15.29","28.04","11.61","68.74","1173.49","Desert","33.04","180.5","93.31","6","1","87.59","32.85","43.74","32.94","0","2","0","69.1","52.78","70.12","82.71","56.3","8644","0"
"EV110973","Audi","Q4 e-tron","Sedan","2020",,"NMC","54.63","FWD","159211.4","6.09","Fleet","BAT-10010973","1107","78.82",,"33.54","79.59","3.55","0.0009","255.6","23.48","34.08","0.417","96.86","95.68","43.06","21.18","29","0.29",,"48.58","69.29","0.11",,"2","0","26.95","109.16","0.9","89.82","69.26",,"0.9","97.69","-13.46","-6.61","-25.88","37.72","813.88","Mountainous","75.95","201.6","93.51","15","1","81.84","14.56","3.62","32.94","3","1","0","44.9","54.51","82.87","85.02","34.92","8330","0"
"EV111339","BMW","iX","SUV",,"BYD Battery","LMO","72.21","FWD","245564.3","9.13","Private","BAT-10011339","2085","65.97","34.93","51.05",,"3.642","0.018","273.15","16.49","33.09","0.797","94.56","94.31","47.64","34.03","5","0.52","0.47","35.36","174.05","0.37","0.44","1","0","26.62","102.08","4.27","91.36","46.49","0.7","0.14","34.98","35.57","49.85","16.21","92.63","117.72","Desert","67.42","211.7","84.09","19","2","88.6","6.68","29.84","0","1","0","0","37.16","93.72","93.86","79.71","32.89","5706","0"
"EV100663","Audi","Q4 e-tron","Hatchback","2020","SK On","LTO","124.27","FWD","137977","5.93","Private","BAT-10000663","1048","81.91","92.38","39.22","83.37","3.408","0.0001","310.13","24.29","40.84","0.394","96.13","96.35","101.79","18.09","40","0.36",,"19.63","570.56","0.81","0.57","2","1","94.06","8.07","58.42","89.79",,"0.89","0.6","6.16","25.79",,"8.91","66.14","263.93","Flat","83.75","355.4","92.71","9","2","79.86","6.16","6.63","15.05","0","1","0","49.24","53.46","90.4","83.25",,"8589","0"
"EV106145","Kia","EV9","Crossover","2015","BYD Battery","LFP","74.79","RWD","128952.6","11.12","Private","BAT-10006145","1244","74.8","68.88","64.53",,"3.343","0.0215","324.27","9.36","14.56","0.524","95.23","93.28","55.94","25.2","12","0.17","0.66","112.43","66.02","0.1","0.21",,"0","35.35","136.21","84.51","86.34","76.11","0.73","0.21","64.5","35.51","47.21","29.95","32.67","2492.33","Hilly","11.2","1224.7","80.8","18","1","36.2","11.23","31.81","0","0","2","3",,"85.45","88.39","82.38","52.27","7119","0"
"EV105501","BYD","BE 6",,"2023","CATL","NMC","101.55","RWD","123206","2.78","Fleet","BAT-10005501","935","94.89","77.89","20.27","91.86","3.791","0.0056","291.91","8.04","17.37","0.205","97.37","97.68","96.36","5.11","4","0.38","0.62","38.48","246.44","0.43","0.96","1","0","82.66","118.2","71.67","35.83","5.15","0.82","0.92","44.03","41.4","56","36.46","13.4","1360.25","Hilly","19.78","481.2","79.96","24","2","73.88","12.84","13.49","0",,"0","1","18.99","36.61","84.46",,"45.94","10724","0"
"EV109560","Volvo","EX30","SUV","2018","BYD Battery","NMC","32.95","AWD","165440.4","7.69","Fleet","BAT-10009560","1281","81.08","47.39","39.22","79.64","3.611","0.0008","335.82","20.67","27.17","0.579","96.98","94.66","26.72","18.92","16","0.13","0.87","19.11","169.43","0.81","0.3","0","0","78.49","16.07","61.64","32.93","45.1",,"0.13","15.92","35.11","48.21","29.02","58.99","1286.78","Hilly","68.09","105.3","81.34","22","1","100","11.4","3.53","0","0","0","0","25.86","70.15","87.23",,"42","8793","0"
"EV107305",,"Tiago EV","SUV","2018","Guoxuan",,,"AWD","88973.4","7.55","Private","BAT-10007305","795",,"30.95",,"74.22","3.515",,"298.78","27.82","39.81","0.627","95.71","94.24","31.84","25.01","7","0.26","0.69","23.76","165.39","0.32","0.44","0","0","13.43","140.37","62.48","44.22","60.96","0.19","0.46","201.72","-2.77","12.29","-22.04","92.81","25.47","Desert","72.07","1289.8","94.84","8","1","47.28","6.46","6.16","32.94","0","0","0","56.22","62.05","94.31","94.26","59.32","7173","0"
"EV117588","Tesla","Model 3","Van","2016","SK On","LMO","43.36","RWD","200284.4","10.1","Private","BAT-10017588","1655","74.65","56.25","37.02","72.74","3.45","0.0099","331.2","18.24",,"0.534","95.25","95.79","32.37","25.35","29","0.39","0.5","11.67","221.87","0.09","0.38","1","0","32.86","37.04","63.46","16.42","96.07","0.13","0.5","24.25","-13.18","4.38","-28.33","60.86","1241.31","Mountainous","7.44","821.2","85.13","5","1","65.64","5.86","16.54","32.94","1","2","2","61.8","87.88","99.39","90.14","22.14","6560","0"
"EV100036","BMW","i4","SUV","2024","BYD Battery","LFP","49.43","AWD","304718.2","1.98","Fleet","BAT-10000036","1836","90.02","67.23","46.22","88.89","3.543","0.0222","272.81","42.93","53.49","0.382","96.37","96.21",,"9.98","17","0.4","0.38","88.49","28.96","0.67","0.18","0","1","82.46","37.53","52.98","61.4","51.43","0.27","0.94","49.51","-4.68","12.46","-10.4","7.57","2296.31","Mountainous","53.45","1309.8","96.54","24","0","53.82","28.92","29.69","32.94","4","1","0","57.77","47","70.91","75.43","50.81","9019","0"
"EV109086","Renault","Zoe","Crossover","2020","Envision AESC","NMC","88.49","RWD","302271.4","5.95","Private","BAT-10009086","2242","76.5","49.44","47.09","75.21",,"0.0043","285.28","20.26","41.82","0.634","94.74","95.22","67.69",,"6","0.38","0.54","28.64","168.31","0.09","0.33","0","1","67.87","94.18","17.5","16.62","98.59","0.99","0.67","97.88","-19.96","-1.54","-34.91","5.19","2613.63","Hilly","90.75","538.7","94.6","0","0","72.1","9.98","6","32.94","0","2","0","62.99",,"91.1","82.02","20.42","5890","0"
"EV113724","Tesla","Model 3","Van","2022",,"NMC","140.38","AWD","96954.4","4.12","Fleet","BAT-10013724","661","92.31","62.18","59.75","92.53",,"0.0021",,"30.08","50.76","0.272","96.74","97.79","129.58","7.69","36","0.23","0.56","80.94","133.66","0.1","0.13","0","1","99.87","6.29","32.65","96.85","95.23",,"0.57","7.91","32.05","44.74","18.37",,"2398.07","Hilly","79.57","114.2","87.11","2","2","83.22","22.5","9.69","18.71","0","0","1","41.81","30.16","76.37","93.22","22.88","10966","0"
"EV114585","BMW","iX1","Hatchback","2016","LG Energy Solution","LFP","61.09","RWD","114868.4","9.83","Fleet","BAT-10014585","1125","83.04","82.14","29.77","83.33","3.565","0.008","263.81","31.7","46.11","0.424","96.27","95.47","50.73","16.96","14","0.47","0.37","9.68","600","0.65","0.17","1","2","55.94","53.35",,"83.8","21.31","0.53",,"30.93","21.27","26.69","13.62","14.12","1466.03","Desert","21.93",,"89.13","10","0","78.77","15.75","14.19","24.84","1","0","1","51.69","72.1","84.86","66.8","38.9","6862","0"
"EV116164","Porsche","Macan Electric","Van","2021","SK On","LFP","48.93","FWD","198337.6","5.12","Private","BAT-10016164","1635","83.49","58.02","53.84","82.62","3.448","0.0232","289.63","35.08","44.76","0.372","96.53",,"40.85","16.51","40","0.22","0.76","26.64","173.64","0.88","0.27",,"0","54.44","96.5","35.66","12.48","79.18","0.62",,"154.5","-12.16","-5.25","-26.03","78.96","1936.88","Desert","47.38","969.6","93.49","15","1",,"19.52","33.04","32.94","1","1","0","54.84","64.1","80.32","88.65",,"7136","0"
"EV113021","Nissan","Leaf","Sedan",,"CATL","NMC","116.36","FWD","450000",,"Private","BAT-10013021","3369","82.49","69.8","37.68",,"3.599",,"313.11","30.42","50.84","0.364","96.2","93.96","95.99","17.51","7",,"0.51","14.64","555.65","0.28","0.23","2","0","83.86","143.14","13.53","65.29","99.74","0.6","0.85","205.3","26.08","35.84","7.24","78.75","1253.44","Flat","64.03","504.5","91.94","23","3","72.95","27.8","12.38","24.76","0","1","0","44.78","97.03","72.12","90.06","41.01","6487","0"
"EV113524","BYD","BE 6","Sedan","2017","Northvolt","NCA","124.73","FWD","195058.4","9.35","Fleet","BAT-10013524","1513","72.08","39.46","40.15","71.98","3.76","0.0263","300.8","9.49","22.48","0.664","94.39","94.64","89.91","27.92","13","0.36","0.61","23.64","443.73","0.76","0.91","1","0","27.81","143.58","31.01","59.34","58.22","0.17","0.66",,"-2.49","14.1","-8.67","24.12","33.49","Hilly","39.22","1361.1","92.82","22","2","29.28","14.94","38.61","24.97","0","2","1","44.83","69.55","86.4","89.48","30.52","7190","0"
"EV101915","Renault","Megane E-Tech","Sedan","2023","Guoxuan","LFP","60.89","RWD",,"2.87","Fleet","BAT-10001915","1335","92.11","58.49","25.66","91.41","3.647","0.0306","357.41","14.41","25.79","0.285","96.85","97.81","56.09","7.89","2","0.26","0.55","28.39","158.72","0.51","0.05","1","2",,"31.92","7.13","96.3","69.06","0.64","0.67","19.1","47.43","53.95","29.53","92.26","951.39","Desert","3.92","570.6","81.67","16","1","66.03","10.92","44.54","0","1","1","1","29.44","39.26","87.08","81.11","29.23","9481","0"
"EV118733","Rivian","R1T","Crossover","2020","SK On","LFP","93.01","FWD","117840.6","5.65","Fleet","BAT-10018733","979","89.29","33.73","53.07","89.34","3.501",,"301.09","31.95","39.4","0.209","97.86","95.22","83.05","10.71","3","0.18","0.68","13.15","464.91","0.53","0.07","1","0","56.62","10.46","35.56","43.82","97.64","0.55","0.01","14.23","-7.43","2.86","-25.35","37.6","158.62","Mountainous","22.25","132.7","96.36","2","0",,"10.3","1.75","32.94","0","2","1","43.3","41.53","91.44","97.14","20.51","9493","0"
"EV104304","Renault","Zoe","Hatchback","2016","SK On","NCA","89.72",,"142921.3","10.03","Private","BAT-10004304","1366","80.93","43.96","25.61","81.52","3.453","0.0014","331.49","39.11","45.68","0.579","96.3","94.7","72.61","19.07","6","0.36","0.51","35.63","212.92","0.14",,"1","1","24.58","137.71","26.53","37.13","90.33","0.3","0.09","99.75","-21.6","-6.42","-28.13","82.48","819.07","Desert",,"127.2","86.71","9","1","84.35","25.2","7.34","32.94",,"1","0","44.92","72.12","76.29","86.92","25.68","7302","0"
"EV113512","Kia","EV6","Sedan","2020","Guoxuan","NMC","100.99","RWD","102231.9","6.22","Private","BAT-10013512","788","80.56","87.45","57","81.69","3.791","0.0073","348.77","33.08","51.43","0.345",,"93.92","81.36","19.44","22","0.1","0.83","29.52","211.41","0.91","0.62","2","1","95.8","138.1","86.91","74.94","47.44","0.37","0.05","72.55","39.11","51.77","35.18","29.83","853.84","Hilly","50.29","1432.1","79.05","7","0","41.95","33.16","11.5","12.32","2","2","0","45.33","57.96",,"86.33","60.46","8288","0"
"EV118829","Hyundai","Kona Electric","SUV","2023","Envision AESC","LMO","102.54","FWD","87438.4","3.54","Private","BAT-10018829","664","94.35",,"14.73","93.66","3.523","0.0163","334.68","36.65","52.92","0.215","97.55","95.87","96.75","5.65","1","0.43","0.5","66.56","92.23","0.71","0.34","2","0","77.6","110.2","87.84","88.74","10.18","0.91","0.67","58.9","4.78","15.18","-10.79",,"1598.49","Hilly","33.61","375.4","94.13","27","1","81.54","27.39","26.98","32.94","0","0","0","54.72","30.9","77.06","76.06","67.66","9212","0"
"EV104373","Audi",,,"2016","Envision AESC","LFP","133.26","FWD","158696.2","9.99","Private","BAT-10004373","975","83.95","87.91","46.27","84.78","3.407","0.0077","248.71","33.7","43.16","0.397","96.99","94.72","111.87","16.05","29","0.3","0.51","25.53","311.35",,"0.56","0","1","41.72","43.98","72.08","32.51","64.96","0.46","0.93","34.38","-5.03","14.31","-23.04","37.1","1027.55","Hilly","23.5","1202.5","90.1","21",,"47.46","15.1",,"32.94","0","1","0","61.02","77.15","84.53","90.66","35.79","7443","0"
"EV112684","Lucid","Air","Truck","2024","Guoxuan","NMC","133.42","RWD","81210.8","2.01","Private","BAT-10012684","784","90.41","48.8","70.43","90.42","3.835","0.0037","337.48","18.14","33.21","0.379","97.94","97.77","120.63","9.59","38","0.79","0.01","50.8","139.6","0.36","0.67","1","1","29.95","120.8","33.95","10.95","30.54","0.98","0.46","67.45","33.28","50.97","15.68","63.14","1481.29","Flat","74.28","961.2","87.69","16","1",,"12.75","8.55","0","1","0","1","41.03","22.1",,"74.62","32.07","10176","0"
"EV101317","Honda","Prologue","Sedan","2024","CATL","LFP","50.63","FWD","108555.5","2.21","Fleet","BAT-10001317","1028","96.46","7.66","72.54","96.65","3.787","0.0037","333.26","20.96",,"0.247","98.27","96.96","48.84","3.54","18","0.24","0.54","50.22","93.6","0.33","0.22","1","1","94.68","114.69","11.93","72.07","60.02","0.74","0.48","130.31","-7.24","-0.37","-23.54","10.69","2174.59","Desert","50.01","886.1","91.1","4","1","65.91","13.7","10.37","32.94","0","2","0","51.1",,"84.55","88.2","41.1","10379","0"
"EV106749","Hyundai","Ioniq 5","Truck","2015","CATL","LFP","126.66","RWD",,"10.89","Private","BAT-10006749","1877","65.33","81.04","55.53","63.75","3.627","0.0108","282.91","31.61","48.98","0.797","95.23","93.97","82.75","34.67","18","0.31","0.68","47.54","264","0.31","0.49","0","1","72.57","70.43","24.57","49.3","47.79","0.29","0.39","48.49","28.12","35.76","18.08","60.33","1467.73",,"94.6","1489.5","84.29","6","0","34.6","31.01","16.23",,"1","0","1","64.57","93.02","72.93","90.68","34.08","4260","0"
"EV105137","Tata","Nexon EV","Van","2018","Guoxuan","LFP","83.29","FWD","197476.7","7.92","Private","BAT-10005137",,"75.34","73.48","36.4","74.17","3.378","0.0099","314.15","15.69","26.44","0.601","94.83","94.52","62.75","24.66","24","0.55","0.25","15.49","383.46","0.9","0.85","2","0","47.05","34.04","66.6","26","71.42","0.91","0.74","44.56",,"59.6","40.65","84.74","1573.15","Flat","5.59","99.5","67.29","26","2","89.45","22.93",,"0","2","2","0","34.9","73.75","76.98","80.94","32.14","7172","0"
"EV115295","Mahindra","XUV400","Sedan","2017","Panasonic","LMO","40.48","RWD","168948.8","8.83","Fleet","BAT-10015295","1396","86.29","49.12","50.86",,"3.581","0.0023","282.9","30.62","39.88","0.475","96.7","97.21","34.93","13.71","4","0.4",,"30.08","125.43",,"0.74",,"2","34.23","16.49","98.72","0.22","90.6","0.41","0.44","6.89","-12.64","3.91","-20.4","71.72","2096","Flat","59.72","244.5","88.13","18","1","97.56","8.08","8.89","32.94","0","1","0","65.93","75.98","97.04","82.71","34.23","6849","0"
"EV115453","Mahindra","BE 6","Crossover",,"CATL","NMC","68.4","FWD","145843.7","3.08","Private","BAT-10015453","1070","92.6","67.22","67.27","92.03","3.672","0.0115","271.73","31.14","51.46","0.319","97.5","95.77","63.34",,"36","0.45","0.41","57.84","104.37","0.24","0.15","2","0","103.59","45.22","15.59","83.12","33.35","0.38","0.06","62.67","10","22.81","-5.63","19.76","2457.95","Desert","95.78","1413.9","90.52","11","4","19.83","35.82",,"32.94","2","0","0","55.2","31.53",,"79.45","35.86","9508","0"
"EV112655","BYD","Dolphin","Sedan","2018","BYD Battery","NMC","81","FWD","207692.5","7.78","Fleet","BAT-10012655","2165","80.7","45.11","56.93","80.03","3.85","0.0073","334.95","21.72","32.47","0.434","97.04","96.03","65.37","19.3","16","0.06","0.76","72.96","69.11","0.42","0.32","3","0","97.96","47.55","45.47","74.74","41.11","0.21","0.7","44.73","14.78","26.6","8.15","65.3","1081.4","Coastal","44.95","1438.3","85.81","3","1","34.73","13.64","12.08","17.69","0","2","1",,"79.23","90.1","79.33","36.05","7291","0"
"EV112462","Honda","e:N1","Hatchback","2023","LG Energy Solution","LTO","87.94","AWD","259592.5","2.92","Private","BAT-10012462","1698",,"76.24",,"89.56","3.5","0.0004","360.5","26.78","40.8","0.369","97.95","97.35","79.62","9.46","3","0.06","0.93","42.31","117.65","0.92","0.62","2","0","66.07","60.38","40.98","34.19",,"0.94","0.87","72.45","12.35","22.87","6.33",,"1102.87","Coastal","83.94","1371","93.31","17","0","44.02","13.11","4.37","28.45","0","4","0","38.41","46.7","86.56","98.72","35.99","8754","0"
"EV110170","Mercedes-Benz","EQE","Crossover","2017","BYD Battery","NCA","97.5","FWD","241476.8","8.79","Fleet","BAT-10010170","1634","78.86","21.89","50.33","76.86","3.815","0.0008","320.46","38.6","45.38","0.499","96.07","93.86","76.89","21.14","8","0.32","0.67","65.05","103.68","0.8","0.04","2","2","88.77","105.5","85.27","10.8","21.3","0.48","0.34",,"-10.97","-3.37","-17.34","40.24","1686.61","Hilly","91.49","1184.5","92.47","4","1","53.41","24.85","3.1","32.94","1","0","1","61.72","79.06","76.15","76.95","61.99","6567","0"
"EV101747","Mercedes-Benz","EQE","Crossover","2022","Panasonic","LFP","142","AWD","124843.5","3.92",,"BAT-10001747","850","88.14",,"57.15","90.27","3.698","0.0008","318.03","27.09","33.8","0.308","96.19","95.02","125.16","11.86","21","0.14","0.67","16.75","600","0.49","0.82","2","0",,"104.28","1.42","58.64","3.3","0.15","0.7","154.26","-4.47","11.43","-9.76","70.5","2597.33","Flat","33.49","1152","95.13","2","1","47.14","3.24","6.92","32.94","2","0","2","44.84",,"100","95.93","48.07","9623","0"
"EV111329",,"Leaf","Van","2024","BYD Battery","NMC","61.27","AWD","167655.4","2.18","Fleet","BAT-10011329","1258","93.6","76.44","23.24","93.32","3.538","0.0083","258.27","12.14",,"0.305","98.03","97.08","57.35","6.4","7","0.21","0.65","39.19","148.95","0.52","0.03","0","0","102.98",,"72.85","90.73","32.22","0.28","0.78","104.41","37.88","53.29","21.58","97.44","1064.95","Hilly","93.15","1199","81.54","12","1","49.03","8.46","13.81","0","0","1","1","27.21",,"93.17","93.65","61.24","10747","0"
"EV109356","Tesla",,"Hatchback","2015","Northvolt","LFP","60.55","AWD","178220","11","Fleet","BAT-10009356","1272","70.07","57.79","13.9","71.86","3.739",,"351.47",,"53.74","0.731","94.42","94.4","42.43","29.93","32","0.49","0.43","10.54",,"0.83","0.9","2","0","81.13","47.01","2.23","1.35","19.74","0.18","0.21","63.29",,"20.5","1.04","94.19","1250.68","Mountainous","24.17","1184.1","91.19","8","1","40.47","32.7","30.82","32.94","1","2","2","51.45","86.88","72.11","93.67","27.69","5812","1"
"EV106185","Nissan","Ariya","SUV","2022","CATL","LFP","62.94","RWD","134859.8","4.07","Fleet","BAT-10006185","1099","86.85","76.98","38.33","86.19","3.813","0.0078","381.3","3.54","25.43","0.265","96.36","96.25","54.66","13.15","40","0.33","0.46","40.31","111.81","0.9","0.73","1","1","40.03","118.62","70.14","95.88","20.86","0.78","0.44","88.59","25.74","42.42","21.14","10.44","619.08","Coastal","82.49","1196.7","91.15","14","0","58.24","9.44","11.62","0","1","1","0","33.62","47.86","86.77","96.15","60.95","9416","0"
"EV114433","Porsche","Taycan","Crossover","2017","Northvolt","LFP","102.05","FWD","133420.8","9.11","Fleet","BAT-10014433","1535","68.96","71.18","41.78","69.77","3.563","0.0001","313.54","40.26","50.34","0.783","94.75","94.61","70.37","31.04","2","0.55","0.28","29.41","169.87","0.59","0.29","0","0","100.45","25.53",,"14.98","16.43","0.71","0.21",,"-17.12","-0.56","-35.44","67.75","2370.44","Hilly","33.31","513.9","86.66","9","1","73.22","31.16","5.99","32.94","0","4","0","63.82","83.69","71.97","75.77","49.13","5662","0"
"EV108637","Volkswagen","ID.3","Crossover","2017","Envision AESC","LFP","81.94","FWD","266826.2","8.83","Private","BAT-10008637","2240","67.44","56.6","61.15","67.4","3.646","0.0076","262.51","10.53","15.89","0.713","94.56","94.02","55.26","32.56","29","0.38","0.49","31.71","162.01","0.8","0.35","0","1","76.72","100.83","54.17","99.65","77.36","0.28","0.76","86.34","5.16","22.48","1.34",,"117.06","Flat","85.97","576.2","92.25","10","0","68.54","1.32","10.76","10.73","0","0","1","58.35","95.93","97.76","90.59","46.56","5237","0"
"EV107410","BYD","Dolphin","SUV","2024","CATL","NMC","126.26","AWD","153021.5","1.6","Private","BAT-10007410",,"95.49","62.09","49.06","96.56","3.605","0.0276","364.1","20.95","41.66","0.03","97.91","98","120.57","4.51","9","0.22","0.67","46.89","146.97","0.06","0.63","1","3","75.85","20.15","32.74","33.3","46.39","0.31","0","40.19","18.05","35.37","11","93.69","1136.84","Mountainous","16.86","906","91.76","13","1","59.93","6.22","38.05","23.61","1","0","0","47.22","29.32","93.38","75.87","34.3","11019","0"
"EV105232","Honda",,"SUV",,"Panasonic","LFP","89.47","FWD","202319.6",,"Private","BAT-10005232","2226","84.44","70.4","59.18","84.68","3.675","0.0024","360.15","8.61","17.93","0.456","96.59","94.46","75.55","15.56","26","0.56","0.43","10.51","600","0.83","0.82","1","1","13.34","26.04","32","94.82","9.73","0.91","0.45","48.62","25.53","42.98","13","34.26","1725.35","Coastal","38.79","833.1","92.79","20","1","68.8","8.83","5.35","0","0","2","1","36.43","72.95","93.18",,"50.33","7632","0"
"EV103617","MG","Comet EV","Hatchback","2020","CATL","LFP","139.58","RWD","191986.8","5.95","Private","BAT-10003617","1248",,"72.8","32.82","80.14","3.673","0.0232","271.8","21.99","42.6","0.444",,"95.37","114.3","18.11","6","0.3","0.63","26.29","398.28","0.69","0.17","0","0","15.57","36.19","88.77","26.42","0.9","0.02","0.58","20.89","17.91","30.52","12.28","5.25","1554.94","Mountainous","68.3","1035.8","86.54","30","2","58.05","14.88","36.66","24.69","0","2","0","45.34","53.45","83.96","95.68","43.39","8624","0"
"EV114973","Ford","F-150 Lightning","Truck","2019","Guoxuan","LFP","140.72","RWD",,"6.95","Private","BAT-10014973","991","91.44","48.33","45.08","89.75","3.8","0.0032","330.6","40.34","49.76","0.243","98.11","97.82","128.67","8.56","31","0.48","0.47","201.85","42.45","0.24","0.23","0","0","70.77","78.38","6.73","54.45","19.15","0.88","0.8","53.66","42.87","59.67","35.03","56.27","1328.63","Coastal","77.37","1367.3","69.16","22","1","42.7","37.08","7.32","6.89","2","0","1","33.12","49.37","63.05","87.85","32.67","9809","0"
"EV100731","Ford","Mustang Mach-E","Truck","2023","CATL","LFP",,"FWD","167946.4","3.03","Private","BAT-10000731","1430","86.4","51.32","29.61","87.55","3.418","0.0024","290.53","23.38","32.49","0.335","96.8","97.19","38.18","13.6","17","0.4","0.42","90.69","49.48","0.46","0.58","4","0","66.89","113.77","53.19","28.82","0.74","0.85","0.4","39.06","16.32","27.32","13.03","82.61","1893.42","Coastal","1.53","1109.5","96.23","14","0","43.01","11.33","6.37","16.17","0","2","1","43.19","45.16","85.56","84.33","46.1","8489","0"
"EV102091","Renault","Megane E-Tech","SUV","2020","Panasonic","LTO","67.38","RWD","174478.5",,"Private","BAT-10002091","1605","81.79","57.44","25.5","81.25","3.602","0.0095","309.77","23.61","37.37","0.629","96.51","94.29","55.11","18.21","25","0.59","0.18","70.88","60.52","0.44","0.76","1","1","22.22","80.05","18.99","12.29","97.55","0.53","0.03","53.64","-6.23","0.52","-11.46","67.79","198.84","Mountainous","5.19","1092.4","87.58","12","1","52.31","3.02","18.1","32.94","3","0","0","62.22","61.86","95.13","82.89","16.55","7250","0"
"EV103769","Mahindra","BE 6","Sedan","2017","BYD Battery","NMC","71.9","RWD","111866.7",,"Private","BAT-10003769","1148","75.7","7.01","46.84","74.53","3.504","0.0117","266.3","28.43","49.43","0.45","96.11","95.62","54.43","24.3","23","0.11","0.75","40.91","86.36","0.15","0.33","3","0",,"47.23","88.52","43.84","66.49","0.15","0.36","65.32","-0.61","12.75","-12.76","97.77","975.68","Flat","7.82","1275.4","86.17","23","1","43.5","20.44","18.3","32.94","0","1","0","56.45","67.18","81.56","88.17","44.27","7235","0"
"EV109712","GM","Cadillac Lyriq","Crossover","2020","BYD Battery","NCA","76.43","RWD","140913.4","5.69","Private","BAT-10009712","917","84.14","25.12","34.09","82.22","3.465","0.0036","325.71","-6.81","13.66","0.412","96.44","97.09","64.31","15.86",,"0.34","0.46","44.5","102.26","0.71","0.79","1","1","67.95","31.36","20.39","57.5","71.43","0.67","0.64","50.56",,"-2.78","-19.98","26.97",,"Coastal","67.17","97.6","89.51","16","1","86.91","11.29","10.17","24.09","0","1","0","50.91","57.31","87.01","85.42","25.69","8474","0"
"EV118658","Mercedes-Benz","EQA","Hatchback","2019","Guoxuan","NMC","63.78","FWD","110409.5","7.18","Private","BAT-10018658","1403","88.03","46.81","40.74","87.97","3.481","0.0048","247.15","45.78","52.91","0.267","96.92","97.56","56.15","11.97","25","0.34","0.63","24.05","212.01","0.83","0.15","0","1","45.97","67.99","49.63","61.94","65.59","0.66","0.76","45.9","-21.59","-13.98","-30.96","20.55","2400.55","Coastal","44.54","96.9","87.16","18","1","91.89","38.34",,"32.94","0","2","0","60.71","62.44","62.18","90.57","39.95","8241","0"
"EV110330","Audi","Q4 e-tron","Crossover","2023","LG Energy Solution",,"88.69","RWD","136145.6","2.84","Fleet","BAT-10010330","1313","93.46","96.64","44.5","90.9","3.498","0.0038","297.33","33.59","39.31","0.132","96.88","97.16","82.89","6.54",,"0.42",,,"182.75","0.89","1","1","2","118.96","42.35","17.77","42.56","19.41","0.37","0.22","45.76","17.89","25.4",,"42.68","950.52","Mountainous","25.62","461.9","97.76","23","1","77.36","0","7.09",,"0","0","1","48.1","41.61","99.62","82.15","33.63","9490","0"
"EV118968","GM","Cadillac Lyriq","Crossover","2017","Envision AESC","NMC","132.93","RWD","174170.6","8.64","Private","BAT-10018968","1366","72.7","80.94",,"74.12","3.85","0.0025","381.15",,"24.38","0.556","95.49","95.4","96.64","27.3","25","0.36","0.44","56.01","232.89","0.3","0.01","1","0","51.61","111.6","61.07","57.85","76.9","0.12","0.45","95.05","8.14","23.54","2.44","94.47","700.22","Flat","92.22","659.9","87.88","22","1","61.76","16.06","6.05","16.24","1","2","0","50.34","73.44","87.57","87.16","45.49","6360","0"
"EV105346","Kia","EV6","Van","2017","BYD Battery","LFP","134.59","RWD","129007.4","9.75","Private","BAT-10005346","1106","65.85","95.51","25.82",,"3.818","0.0198","293.99","46.75",,"0.753","95.54","94.37","88.63","34.15","32","0.18","0.76","30.83","304.76","0.8","0.55","0","0","112.2","12.67","40.61","2.52","18.23","0.1","0.83","16.39","3.36","11.77","-9","66.06","1293.06","Hilly","13.92","176.4","84.95","17","2","83.79","41.96","32.66","32.94","1","2","0","61.13","74.13","62.31","96.24","29.12","5175","1"
"EV101814","Tesla","Model Y","Hatchback","2019","Envision AESC","LFP","75.71","FWD","181285.7","6.62","Private","BAT-10001814","1328","91.15",,"34.07","91.22","3.356","0.001","308.75","29.48","42.55","0.292","96.49","96.96","69.01","8.85","4","0.15","0.83","26.68","256.5","0.29","0.1","1","1","31.85","142","70.88","9.41","78.85","0.88","0.05","147.64","39.25","49.23","27.12","71.79",,"Flat","18.16","633.4","90.12","10","0","71.87","8.7","2.41","3.3","0","1","2","31.57","55.44","92.09",,"50.11",,"0"
"EV105295","Volkswagen","ID.3","Truck","2015","SK On","LFP","109.09","RWD","149296.5","11.35","Private","BAT-10005295","1596","69.91","55.66","15.62","70.2","3.688","0.06","357.74",,"45.15","0.46","95.59","94.38","76.26","30.09","27","0.39","0.51","41.1","177.1","0.11","0.16","1","1","37.9","51.63","40.26","89.19","53.67","0.3","0.55","28.98","-18.9","-5.35","-24.47","84.03","1277.61","Coastal","3.46","1023.6","85.1","0","0","54.88","19.25","79.63","32.94","0","2","0","58.76","95.61","81.23","80.19","42.8","6025","0"
"EV104567","Tesla","Model 3","Truck","2018","Northvolt","NMC","96.65","FWD","189154.9","8.02","Fleet","BAT-10004567","1487","87.13","84.99","36.51","87.41","3.77","0.0239","377","44.21","60.32","0.291","97.22","94.69","84.21","12.87","20","0.36",,"15.7","516.63","0.04","0.97","2","1","75.16","98.69","19.4","34.82","54.95","0.89","0.82","51.91","-4.21","10.6","-11.24","64.72","2373.37","Desert","23.55","1311.7","96.08","29","4","35.12","47.47","42.53",,"2","1","1","46.1","71.43","52.16","87.63","29.64","8225","1"
"EV111941","Ford","Mustang Mach-E","Sedan","2016","Guoxuan","LMO","117.47","FWD","142545.6",,,"BAT-10011941","1160","70.84","40.68","51.06","69.66","3.581","0.011","318.71","29.76","35.9","0.695","95.38","94.59","83.22","29.16","20","0.11",,"72.89","111.79","0.04","0.06","0","0","79.37","31.66","30.7","15.45","35.78","0.24","0.56","33.29","-10.86","4.36","-22.86","99.16","2046.81","Coastal","16.6","926.9",,,"0","61.63","10.64","15.36","32.94","1","2","1","56.83","75.84","86.8","95.19","30.03","6447","0"
"EV104158","Volkswagen","ID.4","Van","2019","Northvolt","NMC","134.47",,"198951","6.73","Private","BAT-10004158","1303","76.44","86.54","20.05","75.94","3.586","0.0099","326.33","23.17","38.78","0.565","94.82","95.14","102.79","23.56","39","0.43","0.46","21.22","504.39","0.07","0.85","1","1","37.32","101.98","29.64","48.82","64.63","0.97","0.95","193.08","-19.73","-10.08",,"30.27","1492.37","Flat","55.59","1203.5","86.48","4","2","42","14.22","19.55","32.94","1","1","0","51.76","67.8","88.59","82.02","49.35",,"0"
"EV119599","GM","Cadillac Lyriq","Van","2021","Guoxuan","NMC","112.5",,"85691.9","4.92","Fleet","BAT-10019599","871","91.88","84.69","32.23","91.99","3.425",,"335.65","-8.92","10.38","0.123","96.69","95.93","103.36","8.12","25","0.26",,"11.44","565.93","0.42","0.32","0","0","67.86","141.39","10.82","1.57","94.87","0.08","0.84","123.9","36.83","51.6","30.6","79.69","1029.55","Desert","73.86","322.4","88.51","24","1","85.72","11.8","18.63","0","1","2","1","10.04","38.88","87.74","92.93","24.87","10280","0"
"EV110998","Hyundai","Ioniq 5","Hatchback","2022","SK On","LFP","115.98","AWD","352824.4","4.39","Private","BAT-10010998","2589","80.51","23.79","66.31","80.33","3.639","0.0004",,"3.38","24.9","0.489","96.13","95.77","93.38",,"40","0.31","0.44","34.24","325.92","0.82","0.62",,"0","14.85","29.18","67.09","58.6",,"0.61","0.05","44.97","6.69","25.55","-11.9","19.02","440.96","Coastal","81.38","1344.9","86.99","28","1","36.15","14.94","2.59","18.21","0","1","0","48.21","83.95","81.39","100","42.77","7489","0"
"EV112419","BYD","BE 6","Sedan","2017","Guoxuan","LFP","116.19","RWD","189864.2","8.8","Private","BAT-10012419","1710","71.64","44.21","41.7","72.68","3.659","0.0002","373.22","31.16","45.21","0.675","96.01","92.78","83.24","28.36","23","0.73","0.16","13.66","530.48","0.53","0.28","3","0","94.51","4.67","41.16","83.11","33.74","0.91","0.82","6.76",,"54.92","44.58","35.05","1027.94","Coastal","54.03","842.7","71.17","20","1","49.66","30.54","4.67","0","0","3","0","42.48","75.89","68.09",,"34.36","7161","0"
"EV107542","Kia","EV9","Hatchback","2019","BYD Battery","NMC","88.26","AWD","140047.2","6.93","Private","BAT-10007542","996","73.37","21.74","47.42","74.14","3.765","0.0052","368.97","59.16","71.88","0.54","94.57",,"64.76","26.63","29","0.12","0.77","34.26","240.09","0.12","0.89","1","1","22.27","68.48","31.68","82.94","23.41","0.06","0.76","72.84","12.81","32.37","-4.29","19.44","1649.62","Mountainous","39.05","732.4","83.69","3","0","70.7","77.82","7.5","32.94","1","1","0","66.19","65.18","21.94","95.91","47.46","6707","0"
"EV101441","Audi","e-tron GT","Sedan","2022","Panasonic","LMO",,"AWD","176371.6","4.34","Private","BAT-10001441","1257","85.92","33.56","70.81","86.88","3.362",,"292.49","-7.88","7.94","0.314","97.22","96.51","100.79","14.08","23","0.23","0.65","10.26","600","0.85","0.99","1","0",,"43.3","59.18","74.55",,"0.76","0.83","41.07","-22.77","-11.14","-27.05","59.25","2141.14","Flat","67.23","1328.9","89.11","16","1","41.67","19.16","13.53","30.71","1","2","2","51.59","47.47","80.79","100","34.79","8771","0"
"EV100935","BYD","Atto 3","Sedan","2016","Guoxuan","LFP","97.54","FWD","216794.5","9.92","Private","BAT-10000935","1798","66.7","96.23","57.1","69.03","3.701","0.0024","281.28","25.95","33.62","0.754","94.31","92.76",,"33.3","4","0.3","0.57","58.41","123.85","0.55",,"0","1","55.02","90.02","10.71","10.39","86.89","0.86",,,"46.99","62.39","38.79","65.36","1224.47","Flat","19.02","960.8","63.24","24","0","59.72","12.55","6.43","0","1","0","0","41.14","90.86","82.05","82.6","8.47","4839","0"
"EV100467","BYD","Atto 3","SUV","2024",,"LMO","107.21","FWD","140312.4","2.18","Private","BAT-10000467","957","95.96","65.44","73.61","96.09","3.546","0.004","283.68","32.83","41.16","0.176","98.57","95.74","102.88","4.04","30","0.08","0.7","40.06","262.83","0.47","0.94","2","1","94.92","31.74","37.41","68.07","96.92","0.49","0.16","47.14","44.66","64.02","37.22","90.49","1379.3","Flat","44.67","1121.8","73.64","21","3","48.22","11.98","14.9","0","0","0","1","25.71","27.41",,"86.52","30.02","10413","0"
"EV106916","Nissan","Leaf","Hatchback","2017","BYD Battery","NMC","125.86","FWD","83722.7","9.09","Private","BAT-10006916","1101","85.15","45.51","29.82","81.84","3.583","0.0009","358.3","28.17","36.46","0.356","96.61","94.75","107.17","14.85",,"0.49","0.27","45.32","257.33","0.76","0.69","0","1","69.34","48.17","95.19","82.64","97.34","0.17","0.22","34.84","-20.69","-6.83","-40.51","53.77","2025.21","Desert","80.7","1224.6","95.48","25","1","48.99","2.36","3.94","32.94","1","1","2",,"60.23","95.57","94.34","51.19","7013","0"
"EV111826","Honda","Prologue","Sedan","2016","CATL","NMC","112.09","FWD","112269.5","10.52","Fleet","BAT-10011826","1225","82.5","27.22","43.99","82.53","3.667","0.0005","267.69","27.33","41.45","0.515","95.86","96.87","92.47","17.5","16","0.31","0.47","20.99","308.3","0.63","0.05","0","1","63.67","99.25","94.77","1.34","1.41","0.61","0.05","56.67","26.44","45","10.99","78.29","339.75","Mountainous","66.53","744.9","91.24","10","2","59.28","11.86","4.7",,"0","2","1","48.78","78.41","86.91","80.3","49.14","7261","0"
"EV114031","Audi","Q4 e-tron","SUV","2018","BYD Battery",,"113.36","RWD","126484.4","8.34","Fleet","BAT-10014031","1013","68.07",,"37.93","68.23","3.304","0.0121","330.4","5.04","11.27","0.681","94.85","94.27","77.16","31.93","9","0.38","0.58","15.65","498.74","0.63","0.35","2",,"68.11","123.48","49.8","13.72","54.05","0.65","0.91","106.25","13.63","23.49","-3.15","95.56","767.54","Desert","77.85","63.3","85.78","11","0","94.32","9.3","17.25","0","0","3","0","31.96","63.22","91.18","83.51","40.83","6889","0"
"EV119626",,"XC40 Recharge","Van","2015","CATL","NMC","141.98","FWD","212252.9","11.38","Fleet","BAT-10019626","1756",,"3.03","71.09","62.87","3.506","0.0083","252.43","39.56","58.83","0.718","93.73","92.95","91.82","35.33","13","0.76","0.15","49.6","208.02","0.71","0.47","0","0","43.79",,"53.89","57.7","51.79","0.56","0.88","49.12","10.23","21.53","-5.68","49.19","629.38","Desert","50.44","116.9","84.45","6","0","91.91","43.29","11.28","32.94","2","2","1","75.8","94.97","59.02","78.55","47.11","4453","1"
"EV103729","Tesla","Model 3","Hatchback","2019","Guoxuan","NMC","70.64","RWD","212599.4","6.82","Private","BAT-10003729","1711","82.53","27.12","34.02","82.61","3.524","0.0212","271.35","33.62","53.27","0.451","97.25","96.2","58.3","17.47","4","0.12","0.7","79.66","63","0.58","0.93","0","2","97.25","18.15","96.9","5.7","10","0.25","0.33","11.56",,"3.33","-33.21","43.64","11.96","Desert","50.23","955.4","95.33","22","0","69.27","36.28","29.55","32.94","1",,"0","64.27","70.14","61.66","92.36","48.78","6563","0"
"EV114384","Lucid","Air","SUV","2023","LG Energy Solution","NMC","52.61","RWD","54660.9","3.1","Fleet","BAT-10014384",,"87.82","25.6","57.81","86.44","3.809","0.0123","312.34","18.74","35.46","0.318","95.87","95.84","46.2","12.18",,"0.42","0.5","49.18","68.43","0.18","0.21","1","0","12.32","41.65","58.15","61.45","16.05","0.22","0.28","46.66","34.05","46.94","14.85","70.1","2445.39","Coastal","44.05","833.5","95.09","22","5","48.85","8.64","29.47","1.41","1",,"1","34.26","21.64","91.06","84.82","51.48","10406","0"
"EV103636","Kia",,"SUV","2015","CATL","LFP","114.44","FWD","330072.5","10.55","Private","BAT-10003636","2357","69.08","2.99",,"68.75","3.683","0.0016","368.3","40.38","59.43","0.657","94.7","93.31","79.06",,"19","0.47","0.32","28.32",,"0.27","0.22","1","0","65.27","41.14","29.97","93.98",,"0.85","0.99","18.76","-3.36","14.53","-11.4","43.72","1358.71","Desert",,"968.1","84.32","18","0","66.76","48.72","2.88","32.94","1","1","0","59.84","100","50.58","83.29","29.59","5375","0"
"EV113942","Volvo","XC40 Recharge","Sedan","2018","Northvolt","NMC","41.41","AWD","350756.1","7.9","Fleet","BAT-10013942","2330",,,"51.42","75.97","3.682","0.0024","276.15","18.1","33.25","0.432",,"93.76","31.16","24.75","37","0.23","0.56","84","36.2","0.91","0.44","0","0","63.41","85.61","11.12","14.07","25.69","0.29","0.75","56.79","21.06","37.88","12.41","57.65","1661.17","Desert","6.5","1489.4","93.2","28","1","28.53","7.09","8.61","12.19","1","1","0","38.44","97.46","98.18","97.84","23.11",,"0"
"EV101035","Volvo","EX30","Sedan","2024","Envision AESC","LMO","137.39","AWD","85706","2.1","Fleet","BAT-10001035","729","95.01","26.61","41.89","95.55","3.776","0.0167","351.17","34.88","55.62","0.232",,"98.05","130.53","4.99","22","0.49","0.4","55.7","203.71",,"0.14","0","1","40.75","98.28","96.99","95.46","75.87","0.03","0.96","113.63","18.09","24.67","2.63","15.49","402.35",,"65.39","74.9","87.22","13","3","89.72","46.29","30.77","32.94","0","0","0","54.58","17.96","53.52",,"69.91","10649","0"
"EV113052","Ford","F-150 Lightning",,"2017","BYD Battery","NCA","128.16","RWD","186204.3","8.6","Private","BAT-10013052","1644","83.72",,"27.11","81.85","3.681","0.0435","261.35","20.83","37.43","0.474","96.06","95.6","107.3","16.28","2","0.43","0.46","49.44","206.88","0.77","0.32","0","1","118.69","80.61","25.22","31.13","86.37","0.46","0.46","108.57","10.14","27.18","-5.59","16.26","334.64","Coastal","1.08","412.5","88.56","2","2","80.72","13.01","60.75","27.29","1","4","0","46.15","69.32","90.38","86.97","33.21","7446","0"
"EV105398","Volvo","XC40 Recharge","SUV","2020","Envision AESC","NMC","93.08","AWD","207562.8","5.94","Private","BAT-10005398","1700","79.49",,"39.28","78.59","3.798","0.0056","349.42","28.34","44.2","0.407","96.82","96.18","73.99","20.51","29",,"0.55","21.08","349.39",,"0.13",,"0","78.59","120.52","36.21","12.67","37.88","0.18","0.59","138.88","-15.34","-2.05","-32.17","93.92","304.3","Hilly","59.39","488.2","92","14","1","81.1","15.77","11.62","32.94","1","1","1","57.74","73.55","80.74","90.99","44.32","7138","0"
"EV104215","Hyundai","Kona Electric","SUV","2021","Envision AESC","NMC","53.99","AWD","91048",,"Private","BAT-10004215","1002","83.07","56.79","72.46","81.54","3.775","0.0112","309.55","8.84","25.41","0.573","96.79","95.76","44.85","16.93","2","0.33","0.6","36.55","103.8","0.12","0.94","0","0","19.11","27.67","6.7","0.34","17.07","0.98","0.51","21.43",,"63.96","33.02","85.19","1182.83","Desert","32.79","183.1","64.52","15","0","94.28","21.28","17.27","0","0","1","1","32.96","51.88","81.26","95.09","18.6","8637","0"
"EV108441","BMW","i4","Van","2017","Northvolt",,"139.26","RWD","154353.5","8.74","Private","BAT-10008441","1165","80.78","26.51","29.3","81.02","3.662","0.0045","256.34","22.83","28.35","0.465","96.55","96.1","112.49","19.22","5","0.1","0.82","176.43","79.35","0.56","0.44","2","0","42.87","48.48","8.7","34.93","23.13","0.48",,"70.53","2.89","13.13","-5.47","11.93","2201.96","Mountainous","13.68","38.8","94.91","0","1","97.35","11.89","8.65","25.46","2","3","0","40.09","71.63","90.95","94.88","31.34","7474","0"
"EV101700","Kia","EV9","Truck","2019","LG Energy Solution","LFP","110.43","FWD","208649.5","7.15","Private","BAT-10001700","1436","74.41","35.11","44.45","71.7","3.669","0.0377","322.87","16.07","22.12","0.652","96.02","93.25","82.17","25.59","15","0.42","0.4","28.33","199.21","0.94","0.19","4","1","87.42","95.79","78.02",,"36.99","0","0.02",,"3.2",,"-9.33","36.32","1004.88","Desert","22.76","1351.2","84.35","19","1","39.02","9.96","54.49","18.92","1","2","1","52.25","69.78","90.75","63.37","60.83","7015","0"
"EV112230","Tesla","Model Y","Truck","2016","SK On","LFP","36.75","FWD","254043.5","10.22","Private","BAT-10012230","1534",,"24.26","22.01","76.39","3.85","0.0424","369.6","30.77","46.56","0.618","96.33","95.99","28.8","21.64","19","0.56","0.28","10.54","329.62","0.78","0.8","1","0","73.96","4.94","6.69","14.54","38.72","0.2","0.75","3.03","-9.45","6.59","-28.17","98.9","703.33","Coastal","5.48","1053.5","95.45","9","1","53.01","9.49","58.21","32.94","1","0","0","49.68","79.26","93.62","93.13","13.4","6742","0"
"EV107965","Tata","Tiago EV","Hatchback","2016","Envision AESC","NCA","94.9","FWD","136006.7","10.17",,"BAT-10007965","1535","81.48",,"33.98","81.13","3.446","0.0078","306.69","14.13",,"0.337",,,"77.32","18.52","19","0.18","0.63","9.86","600",,"0.18","1","0",,"26.34","8.51","7.19","69.89","0.8","0.12","15.45","-21.23","-3.21","-40.44","40.22","1011.89","Mountainous","30.33","185.1",,"1","0","100","7.62","12.29","32.94","0","1","1","48.7","80.91","88.76","94.27","13.65","7991","0"
"EV108198","Ford","F-150 Lightning","Van","2019","BYD Battery",,"60.01","AWD","199233.5",,"Private","BAT-10008198","1270","81.35","66.98","29.74","82.98","3.518","0.0001","274.4","24.72","32.99","0.568","96.63","96.03","48.82","18.65","34","0.33","0.64","48.24","62","0.22","0.09","3","0","108.52","87.7","37.87","42.08","7.98","0.84","0.41","133.31","-6.88","-0.97","-14.88","76.93","233.53","Desert","9.28","1421.8","93.63","16","1","37.42","6.57","2.27","32.94","0","0","0","45.29","62.15","87.4","71.98","57.8","8270","0"
"EV112045","Nissan","Ariya","Crossover","2016","Guoxuan","NMC","125.08","FWD","213679.9","9.98","Private","BAT-10012045",,"64.33",,"55.19","62.82","3.549","0.0161","301.67","29.94","46.13","0.766","94.63","94.64","80.46","35.67","1","0.18","0.78","25.34","253.23","0.47","0.03","2","1","49.82",,"78.99","38.02","78.2","0.86","0.72","178.55","16.45","22.63","-1.52","55.99","1189.97","Coastal","88.79","398.6","92.67","15","0","87.66","24","23.52","29.68","1","0","2","55.8","94.53",,"76.06",,,"0"
"EV107842","Volvo","EX30","Van","2017","LG Energy Solution","LFP","130.15","FWD","181242.6","8.9","Private","BAT-10007842",,"68.21",,"45.83","67.59","3.475","0.0017","333.6","9.46","29.25","0.707","95.1","92.73","88.78","31.79","3","0.39","0.51","41.04","188.74","0.5","0.1","0","1","111.62","6.53","37.89","73.23","62.17","0.66","0.71","5.23","33.91","43.34","27.14","71.74","1647.05","Mountainous","18.22","1116.2","84.88","30","0","60.33","6.98","6.1","0","1","2","0","42.62","76.42","91.48","87.16","36.01","7315","0"
"EV116168","Kia","EV9","Van","2019","BYD Battery","LMO","26.66","AWD","96727.1","6.59","Private","BAT-10016168","1058","85.73","70.98","50.3","86.21","3.369","0.0168","303.21","25.31","36","0.353","96.98","96.22","22.86","14.27","4","0.11","0.67","14.12","124.19","0.88","0.4","3","0","78.35","120.25","49.62","28.9","46.91","0.12","0.87","80.17",,"1.62","-31.2","9.34","268.98","Mountainous","25.4","136.3","97.3","30","1","79.55","10.76","26.2","32.94","0","1","0","44.61","59.03","91.03","82.11","31.56","8527","0"
"EV118805","Nissan","Leaf",,"2018","Northvolt","NMC","54.12","RWD","234979.2","8.02","Private","BAT-10018805","1613","87.61","14.75","60.43","88.97","3.425","0.0185","301.4",,"42.69","0.354","97.63",,"47.41","12.39","3","0.56","0.43","37.31","69.74","0.1","0.57","0","0","36.61","137.85","81.05","59.8","44.72","0.13","0.14","134.82","17.8","28.71","8.03","85.15","2342.75","Mountainous","37.08","1220","86.38",,"1",,"16.88","28.54","24.89","1","2","1",,"69.78","82.4","82.38","57.48","7656","0"
"EV115285","Kia","EV9","SUV","2024","CATL","NMC","127.14","AWD","123444.1","2.19","Fleet","BAT-10015285","963","86.28","6.36","46.34","85.57","3.597","0.0231","374.09","21.75","33.76","0.373",,"96.53","109.7","13.72","5","0.41","0.4","49.12","166.67","0.69","0.46","1","2","61.91","11.6","79.23","38.77","15.06","0.55","0.86","9.3","0.86","20.59","-2.86","72.93","1698.38","Mountainous","14.44","636.4","91.42","17","1","78.91","7.3","35.06","32.9","0","1","1","57.74","30.46","94.16","80.02","36.13","8967","0"
"EV117928","Rivian","R1S","Crossover","2024","LG Energy Solution","LFP","128.18","RWD","121740.1","2.04","Fleet","BAT-10017928","1019","90.45",,"39.46","89.32","3.517","0.0163","341.15","25.6","43.14","0.149",,"97.3","115.94","9.55","29","0.62",,,"208.33","0.25","0.1",,"0","114.56","24.18","64.68","43.72","39.45","0.75","0.1","30.24","-3.98","12.48","-21.41","90.24",,"Mountainous","38.21","516","94.71","30","0","76.08","11.63","25.13","32.94","0","0","1","51.35","38.17","93.2","84.02","36.2","8370","0"
"EV103701","Volkswagen","ID.3","Hatchback","2021",,"LFP",,"FWD","118451.6","4.67","Private","BAT-10003701","1144","92.63","60.04","30.26","92.95","3.772","0.0119","373.43","40.3","47.2","0.296","96.34","97.8","95.69","7.37","25","0.4","0.52","55.88","127.03","0.08","0.53","1","0",,"112.94","94.85","32.91","29.89","0.43","0.02","125.76","38.86","48.5","24.48","17.06","1266.74","Desert","28.19","251.8","84.12","27","0",,"19.84","18.54","8.34","0","2","0","37.16","52.18","79.73","91.18","62.16","10141","0"
"EV105729","Volvo","XC40 Recharge","SUV","2024","SK On","LFP","66.36","FWD",,"1.95","Fleet","BAT-10005729","1625","89.77","18.7","37.24","88.43","3.728","0.0017","260.96","34.58","43.17","0.352","96.15","97.26","59.57","10.23","3","0.4","0.43","35.21","119.58","0.8","0.1","2","1","53.83","37.66","55.14","63.65","75.44","0.55","0.03","18.54","45.44","50.45","40.82","84.13","107.01","Hilly","69.9","1441.7","87.64","23","2","36.61","11.49","10.03","0","0","1","1","27.52","40.72","87.71","70.18","27.21","10128","0"
"EV115796","Tata","Nexon EV","Van","2018","LG Energy Solution","NMC","84.79","AWD","166551.3","8.26","Fleet","BAT-10015796","1251","79.68","16.99","84.46","80.25","3.692","0.0028","258.44","27.13","48.27","0.463","95.26","95.22","67.56","20.32","7","0.31","0.6","55.33","104.85","0.73","0.22","5","1","52.68","73","48.66","31.29","54.52","0.57","0.59","75.85","-1.47","12.2","-6.68","22.01","1987.58","Desert","26.25","556.3","88.68","0","1","68.76","23.77","5.7","32.94","0","1","1","72.08","76.39","75.76","64.25","30.91","6490","0"
"EV116769","Mercedes-Benz","EQE","Sedan","2020","BYD Battery","LFP","92.2","RWD","93163.8","5.94","Fleet","BAT-10016769","1037","83.74","74.97","24.3","84.24","3.549","0.0064","337.16","36.89","52.77","0.404","97.21","95.28","77.21","16.26","33","0.53","0.28","17.7","389.09","0.47","0.2","1","0","25.68","89.8","3.28","25.93","84.05","0.59","0.28","50.8","-20.82","-6.64","-35.24",,"595.99","Flat","97.19","1402.9","90.23","30","0","45.3","39.08","12.18","32.94","0","1","0","44.53","51.03","56.82","79.28","19.27","8815","0"
"EV110959","Tesla","Model 3","Crossover","2019","Guoxuan","LMO","86.18","AWD","159465","6.72","Private","BAT-10010959","1070","77.39","99.94","40.93",,"3.631","0.0063","283.22","13.89","34.8","0.524","96.54","93.92","66.69","22.61","40","0.31","0.63","41.16","186.85","0.87",,"1","0","11.38","128.53","41.93","46.8","76.34","0.57","0.22","57.29","10.11","19.57","-6.2","85.44","1449.13","Mountainous","83.48","491.8","87.28","23","2","77.63","10.55","15.13","24.69","2","0","0","46.04","59.81",,"92.67","31.6","6639","0"
"EV100084","Audi","e-tron GT","SUV","2023","CATL","LTO","27.39","AWD","231537.7","2.99","Fleet","BAT-10000084","1403","87.32","45.38","54.46","90.08","3.474","0.0005","264.02","21","32.11","0.288","96.25","96.46","23.92","12.68","25","0.44","0.33","54.38","42.14","0.08","0.19","2","0","68.47","28.37","65.82","21.73","26.42","0.71","0.62","13.87","14.78","20.32","-5.07","86.44","923.72","Coastal","98.44","1041.3","97.51","1","1","49.3","12.18","5.44","17.33","1","0","1",,"43.39","89.44","82.4","31.02","9150","0"
"EV111486","Volkswagen","ID.3","Van","2021","CATL","LFP","102.96","AWD","113567.7","5.36",,"BAT-10011486","1221","78.57","58.5","37.17","78.09",,"0.0283","259.88","36.08","42.78","0.546","95.71","95.05","80.9","21.43",,"0.48","0.45","31.16","278.86","0.77","0.38","2","0","114.81","6.55","93.82","24.43","84.51","0.55","0.1","4.7","-22.82","-16.76","-37.47","90.03","1327.23","Coastal","15.47","1179.3","92.84","4","2","56.72","11.78","42.01","32.94","1","2","0","64.99","52.06","88.64","85.96","40.78","8305","0"
"EV111098","Nissan","Ariya","Van","2018","SK On","LTO","83.02","AWD","254645.4","8.62","Private","BAT-10011098","2568","80.23","53.2","46.16","80.87","3.442","0.007","323.55","34.68","47.67","0.439","95.83","94.68","66.61","19.77","18","0.53","0.25","34.57","165.82","0.44","0.73","0","0","67.01","4.24","65.84","8.39","95.54","0.69","0.97","4.7","7.93","18.38","-4.62","35.2","531.39","Coastal","84.74","1414.1","95.89","12","1","40.92","17.06","11.83","32.94","0","0","0","57.72","96.85","81.66","92.46","23.05",,"0"
"EV106125","GM","Cadillac Lyriq","SUV","2022",,"LFP","27.06","RWD","131749.6","3.88","Private","BAT-10006125","964","81.91","94.72","64.73","81.97","3.527","0.0024","324.48","25.52","31.75","0.554","96.9","96.44","22.16","18.09","19","0.47","0.33","58.04","35.82","0.51","0.95","0","0","11.29","11.82","67.83","46.59","2.68","0.84","0.65","8.46","-23.66","-5.07","-27.26",,,"Mountainous",,"349.6","90.39","9","1","90.02","13.44","5.44","32.94","0","3","1","63.59","41.09","84.11","96.21","46.23","7207","0"
"EV104440","Rivian","R1S","SUV","2022","Envision AESC","NCA","109.83","AWD","132027.9","3.88","Fleet","BAT-10004440","908","90.7","80.4","20.83","92.76","3.476","0.0137","330.22","22.82","29.66","0.314","96.49","97.62","99.62","9.3","17",,"0.52","63.75","140.28","0.58","0.27","1","1",,"69.99","14.37","75.49","34.9","0.4","0.25","93.21","12.61","22.7","-0.26","82.68","2220.74","Coastal","63.45","374.9","93.11","4","2","81.21","10.27","24.74","17.05","1","1","1","35.96","32.4","91.51","81.65","43.79","10183","0"
"EV114202","Porsche",,"Sedan","2018","Northvolt","LFP","30.12","FWD","148898.2","8.34","Fleet","BAT-10014202","1252","79.09","58.02","24.75","78.7","3.471","0.0035","305.45","36.69","52.98","0.463","96.22","94.48","23.82","20.91","27","0.73","0.22","27.78","86.07","0.83","0.59","0","0","68.41","132.28","67.96","91.81","79.16",,"0.23","100.05","8.7","25.71","-9.91","93.89","161.21",,"82.47","461.5","92.07","30","1","69.27","36.48","10.15","32.94","1",,"2","55.82","70.57","66.79","85.68","47.87","7056","1"
"EV116151","Mahindra","XUV400","Truck","2022","Panasonic","NCA","102.7","AWD","302011.2","3.76","Private","BAT-10016151","2037","84.78","98.71","58.21","85.17","3.59","0.0198","369.77","24.06","40.68","0.455","97.1","96.46","87.07","15.22","37","0.13","0.74","68.35","94.45","0.4","0.18","0","0","72.04","70.91","21.99","74","35.63","0.99","0.35","65.81","14.08",,"-3.95","5.79","2268.1","Mountainous","47.34","892","96.78","22","0","65.07","7.12","25.94","26.6","2","1","2","34.8","58.92","93.03","89.26","37.93","8806","0"
"EV105895","GM","Cadillac Lyriq","Crossover","2020","Envision AESC","LMO","113.84","RWD","139056.6","6.2","Private","BAT-10005895","1155","82.87","36.11","17.61","82.42","3.298","0.003","313.31","21.3","29.46","0.452","95.49","96.57","94.34","17.13","2","0.54","0.33","8.76","600","0.01","0.74","0","1","98.54","90.7","76.63","52.11","64.73","0.79","0.11","67.76","1.44","10.96","-13.92","97.84","1211.69","Coastal","56.38","1362.1","87.68","19",,"42.83","10.04","3.98","28.02",,"2","1","63.94","52.2","88.89","87.51","47.85","7448","0"
"EV108536","BYD","BE 6","Truck","2017","Northvolt","NMC","97.7","AWD","196785.6","9","Private","BAT-10008536","1350","70.97","94.96","48.77","70.06","3.678","0.0334","356.77","40.31","57.94","0.633","94.2","94.36","69.34","29.03","35","0.1","0.7","105.87","91.86","0.79",,"1","0","49.39","66.29","94.74",,,"0.58","0.06","67.93","28.06","40.33","13.36","49.98","277.17","Hilly","39.11","822.1","86.86","12","0","71.57","51.62","43.79","29.88","1","1","1","57.24","72.93","49.6","82.76","55.99","7160","1"
"EV114791","Renault",,,"2019","Guoxuan","NMC","36.03","AWD","234881.5","7.02","Private","BAT-10014791","1873","80.39","37.8","39.47","81.85","3.555","0.0012","295.06","10.28","15.98","0.458","96.23","96.35","28.96","19.61","14","0.42","0.58","25.33","98.01",,"0.91","1","0","38.35","83.68","66.98",,"80.4","0.5","0.19","54.11","-21.72","-3.28","-35.43","6.53","2606.54","Desert","49.08","1073","85.79","2","1","57.41","12.51","4.99","32.94","1","1","1","60.72",,"85.13",,"48.87","6666","0"
"EV109088","Rivian","R1T","Van","2016",,"LFP","133.06","RWD","143001.9","9.69","Fleet","BAT-10009088","1168","82.26","9.24","11.84","83.05","3.6","0.0008","277.2","11.76","26.02","0.349","96.35","94.21","109.46","17.74","1","0.13","0.81","20.27","496.43","0.52","0.33","1","2","55.58","105.06","97.35","73.24","88.85","0.57","0.88","67.33",,"29.88","4.05","65.8","1903.96","Desert","67.23","1442.4","87.11","18","1","33.97",,"3.3","8.29","0",,"0","40.5","71.38","93.17","81.35","51.93","9078","0"
"EV113318","Nissan","Leaf","Crossover","2020",,"NMC","63.75","FWD","127216","6.21","Fleet","BAT-10013318","896","86.4","61.41","26.74","84.93","3.558","0.0008","355.8","21.16","31.04","0.352","95.8","97.36","55.08","13.6","31","0.11","0.86","58.28","69.72","0.74",,"1","1","118.8","18","14.04","43.95","73.12","0.32","0.81","20.95","-24.88","-17.26","-38.41","92.31","353.49","Desert","96.91","1308.5","88.68","26","1","43.61","15.36","4.96","32.94","0","0","0",,"44.56","89.2","100","23.81","8377","0"
"EV111734","BMW","iX1","Hatchback",,"Panasonic","NCA","43.55","FWD","373065.5","6.55","Private","BAT-10011734","2398","78.69","3.62","29.87","77.71","3.583","0.0172","268.73","26.81","35.1","0.489","96.81","93.65","34.27","21.31","34","0.21","0.78","37.83","94.45","0.04","0.7","1","0","47.12","64","0.51","26.97","67.95","0.95","0.98","46.66","36.45","55.89","21.07","89.7","458.54","Coastal","65.3",,"77.13","11","0","99.11","17.94","22.87","0","2","2","1","13.01","84.09","84.69","93.26","20.21","8252","0"
"EV109244","Tata","Nexon EV","Truck","2024","CATL","LMO","28.49","AWD","193079.4","1.72","Fleet","BAT-10009244","1415","89.69","50.11","32.1","88.25","3.573","0.0195","267.98","27.22","35.15",,"97.95","95.64","25.55","10.31","39","0.39","0.52","35.96","73.78","0.87","0.04","5","1","113.17","18.06","12.88","61.69","40.93","0.87","0.81","11.84","44.2","63.42","36.92","63.67",,"Coastal","89.84","259.9","73.16","17","1","89","18.22","30.83","0","0","0","2","30.05","38.46","83.1","64.44","28.63","9221","0"
"EV102757","GM","Cadillac Lyriq","Truck","2023","Envision AESC","LMO","56.4","RWD",,"3.09","Private","BAT-10002757","2061","91.64","41.49","27.15","94.53","3.372","0.0004","283.25","35.19","45.25","0.218","97.51","95.14","51.68","8.36","16","0.4","0.41","32.85","118.83","0.74","0.28","2",,"39.47","137.88","91.96","23.58","71.71","0.29","0.87","67.33","10.11","17.26","-5.68","60.34","2177.41","Mountainous","14.51","1012.3","89.76","25","0","58.32","7.63",,"32.94","0","1","2","43.7","56.01",,"81.22","48.03","8876","0"
"EV108738","Volvo","XC40 Recharge","SUV","2021","CATL","LFP","88.5","RWD","301309.8","4.72","Private","BAT-10008738","2285","83.79","8.74","59.19","83.07","3.552","0.0042","291.26","33.22","50.98","0.428","96.41","95.67","74.15","16.21","41","0.21",,"45.95","93.42","0.4","0.73","0","1","79.79","7.13","12.81","74.03","46.88","0.99","0.46","12.16","40.47","57.23","31.22","92.76","1036.5","Flat","94.9","187.6","70.09","11","1","90.09","45.05","10.72","10.51","0","1","0","38.41","70.3","53.43","97.63","33.41","8008","0"
"EV110991","Audi","e-tron GT","SUV","2015","BYD Battery","LMO","79.07","AWD","325462.9","10.93","Fleet","BAT-10010991","2268","75.9","70.38","61.54",,"3.522","0.0066",,"27.41","47.73","0.548","94.89","94.17","60.01","24.1","28",,,"70.54","83.1","0.21","0.16","1","0","103.83","138.52","66.54","22.91","72.77","0.94","0.67","51.05","-15.97","-7.92","-20.51","92.56","1643.7","Coastal","79.42","615.4","91.43","23","0","77.51","27.76","11.49","32.94","0","1","0","53.44","93.19","75.84","89.75","32.69","6922","0"
"EV116976","Renault","Megane E-Tech","Sedan","2022","Guoxuan","NMC","97.73","FWD","128599.9","4.22","Private","BAT-10016976","996","87.26","22.21","61.2","88.47","3.604","0.0032","345.98","26.29","33.12","0.404","96.78","96.57","85.28","12.74","12","0.41","0.45","20.72","241.78","0.11","0.08","1","0",,"138.91",,"57.52","22.26","0.52","0.45",,"41.37","51.3","28.89","62.01","893.68",,"49.25","701.6","80.39","16","2","58.82","12.1","9.6","0","0",,"0","32.58","43.19","89.52","81.89","54.81","9721","0"
"EV105520","Lucid","Air","Crossover","2022","BYD Battery","LFP","41.51","RWD","200474","4.26","Private","BAT-10005520","1990","83.37","80.52","36.27","82.5","3.508","0.0104","270.12","24.77","34.33","0.501","96.71","95.93","34.61","16.63","3","0.16","0.8","43.1","97.62","0.36","0.52","2","1","48.83","135.34","69.72","74.27","39.12","0.16","0.13","133.84","39.63",,"35","68.34","710.26","Desert","14.38","167.4","75.91","18","2","93.9","12.87","21.5","0","1","1","0","37.49","67.52","86.83","85.44",,"8081","0"
"EV113789","Honda","Prologue","SUV","2018",,"LTO","114.3","FWD","171986.6","8.11","Private","BAT-10013789","1385","76","16.9","83.85","76.64","3.735","0.0131","287.59","18.51","28.44","0.473","95.96","93.25","86.87","24","32","0.23","0.65","23.18","435.37","0.16","0.9","1","0","25.08","139.01","98.83","77.59",,"0.43","0.55","99.48","-8.36","4.27","-17.55","80.13",,"Flat","88.42","985","92.58","6","1","57.97","20.87","21.4","32.94","0","1","0","60.01","76.69","81.97","100","73.12","6909","0"
"EV118904","Audi","e-tron GT","Hatchback","2022","BYD Battery","NMC","132.34","AWD","50954.9","4.21","Private","BAT-10018904","457","87.29","51.48","38.35","85.94","3.436","0.0051","312.68","24.78","34.84","0.334","96.01","95.34","115.52","12.71","5","0.45","0.52","31.76","416.62","0.23","0.08","0","1","86.6","117.62","66.72","71.02","34.96","0.14","0","112.28","15.6","27.49","-3.71",,"14.21","Flat","75.61","896.8","87.07","26","3","49.75","12.57","13.52","19.24","0","0",,"46.53","35.69","83.24","86.87","55.28","8851","0"
"EV103453","Mercedes-Benz","EQA","Crossover","2016","Envision AESC","LFP","95.98","RWD","163923.6","9.63","Private","BAT-10003453","1894","81.09","74.53","66.5","79.1","3.434","0.0026","315.93","25.71","33.31","0.541","96.87","96.01","77.83","18.91","33","0.08","0.75","38.29","198.62","0.41","0.5","2","1","27.49","72.39","80.41","73.39","58.85","0.53","0.77","53.39","-14.89","2.75","-21.11",,"1868.59","Mountainous","9.13","386.3","88.62","22","0","85.06","4.3","4.57","32.94","1","0","1","58.89","85.47","98.24","90.54","49.38","6612","0"
"EV117414",,"EX30","Sedan",,"SK On","NMC","143.79","RWD","205862.2","4.05","Private","BAT-10017414","1286","89.88","79.16","8.61","86.62","3.587","0.0001","373.05","55.28","64.95","0.27","96.88","95.32","129.24","10.12","36","0.28","0.65","61.36","130.71","0.16","0.78","0","0","14.71","134.02","1.33","66.89","2.48",,"0.56","138.42","6.82","26.39","-6.08","89.04","2447.23",,"46.33","548","87.39","25","0","76.56","55.54","3.3","32.94","3","1","0","32.58","44.71","45.27","96.56","41.87","10333","0"
"EV106420","Hyundai","Kona Electric","Crossover",,"Panasonic","LFP","114.49","RWD","153328.2","6.02","Fleet","BAT-10006420","1210","83.82",,"29.12","82.9","3.493","0.0009","289.92","9.47","25.61","0.464","95.53","95.14","95.97","16.18","9","0.19","0.56","15.84","466.31","0.32","0.38","0","1","117.19","119.3","82.94","88.27","69.94","0.22","0.82","57.76","28.28","45.5","20.77","49.01","1026.87","Hilly","20.46","380.6","94.27","7","2","76.53","4.35","7.94","0",,,"0","34.01","53.82","93.38",,"64.25","9442","0"
"EV114293","Lucid","Air","SUV","2021","BYD Battery","NMC","120.69","AWD","174584.4","4.58","Private","BAT-10014293","1211","92.13","94.97","54.97","91.15","3.578","0.012","343.49","40.1","49.28","0.323","97","97.92","111.19","7.87","12","0.47","0.42","63.32","104.72",,"0.62","2","1","27.1","133.43","73.41","89.79","93.8","0.4","0.1","127.7","-6.99","4.64","-23.45",,"1291.95","Flat","98.91","239.9","96.84","1","2","84.93","26.82","21.79","32.94","1","1","1","52.31",,"71.65","67.99","55.06",,"0"
"EV109396","Lucid","Air","Sedan","2022","CATL","NMC","106.66","FWD","196817.8","3.95","Fleet","BAT-10009396","1887","85.68","78.62","68.74","82.35","3.206","0.0132","266.1","37.5","58.91","0.382","96.9","97.05","91.39","14.32","24","0.32","0.48","22.32","240.87","0.45","0.95","1","0","63.66","65.82","93.59","81.73","41.65","0.19","0.26","57.11","38.67","52.54","21.64","21.79","574.46","Coastal","26.66","1397.8","76.07","22","0","43.29","46.81","20.33","20.24","2","0","2","54.13","55.55","49.73","91.27","59.42","8502","0"
"EV118717","Porsche","Macan Electric","SUV","2022","Northvolt","LFP","95.51","FWD","340970.7","4.25","Fleet","BAT-10018717","2336","87.04","14.88","30.43","89.05","3.432","0.0159","247.1","35.97","41.6","0.325","97.46","96.76","83.13","12.96","13","0.57","0.32","20.42","450.59","0.11","0.27","3","0","84.08","35.93","67.12","4.34","22.42","0.86","0.48","22.29","28.62","42.8","22.16","19.71","1158.06","Flat","42.4","533.2",,"17","0","82.45","6.27","23.15","12.98","0","3","2","43.5","64.47","92.48","70.3","40.68","8041","0"
"EV103967","Mercedes-Benz","EQA","Truck","2021","Guoxuan","LFP","48.68","AWD","255121.6","5.34","Private","BAT-10003967","2675","81.21","63.76","79.5","82.26","3.511","0.0389","249.28",,"32.58","0.406","95.66","94.73","39.53","18.79","27","0.1","0.67","10.99","447","0.43","0.42","1",,"67.76","15.14","3.75","35.16","62.84","0.58","0.77","20.79","-8.9","5.52","-18.97","43.16","2533.5","Mountainous","56.41","894.6","88.37","25","1","59.45","7.61","53.93","32.94","1","0","0","54.9","82.22","95.59","91.44","23.87","6508","0"
"EV109424","BYD","Seal","Hatchback",,"LG Energy Solution","NMC","92.26","AWD","203744.8","10.67","Private","BAT-10009424","1382","78.21","19.42","26.31","76.51","3.78","0.0036","381.78","36.48","44.49","0.585","96.2","94","72.16","21.79","22","0.42","0.52","19.96","368.6","0.66","0.59","0","0","18.63","121.62","76.43","18.43","17.08","0.69","0.43","205.3","12.08","28.66","5.17","56.57","2446.22","Mountainous","36.25","1455.8","86.96",,"0","46.9","22.57","4.95","32.41","1","0","0","52.63","77.64","75.97","98.92","62.22","7710","0"
"EV113316","Honda","Prologue","Hatchback","2024","CATL","NMC","113.8","RWD","337223.1","1.63","Private","BAT-10013316","2351","86.51","17.8","30.86","88.38","3.689","0.0139","350.46","18.95","36.38","0.436","97.32","96.92","98.45","13.49","41","0.3","0.65","55.52","148.38","0.5","0.35","0","0","108.6","26.06","2.89","13.73","72.64","0.53","0.71","33.87","-14.61","-9.02","-30.98","51.41","2575.88","Coastal","90.79","423.4","95.08","0","1","80.91","7.39","23.6","32.94","1","0","1","44.85","54.84","88.74","100","0","8297","0"
"EV109293","Ford","Mustang Mach-E","Crossover","2018","Northvolt","NMC","138.16","AWD","181386","8.06","Private","BAT-10009293","1741","67.02","24.19","64.48","67.21","3.533",,"353.3","23.88","45.69","0.744","94.88","92.61","92.59","32.98","16","0.31","0.46","35.36","270.79","0.39","0.63","1","1","75.32","39.09","58.79","17.7","6.93","0.89","0.33","33.87","-7.02","8.88","-17.4","10.11","2504.07","Mountainous","6.05","758.3","87.86","6","1","71.02","21.23","8.28","32.94","0","0","0","74.16","82.79","75.97","90.16","48.02","4403","0"
"EV101850","Tesla","Model 3","Hatchback","2020","Panasonic","NMC","72.19","FWD","294625.5","5.56","Fleet","BAT-10001850","1803","82.45","55.86","44.94",,"3.801","0.0009","387.7","29.15",,"0.586","96.73","95.54","59.52","17.55","4","0.26","0.68","57.7","67.01",,"0.57","1","1","38.68","10.54","99.07",,"2.26",,"0.23","4.65","44.97","62.66","33.23","94.87","202.7","Hilly","97.86","1396.4","67.78","3","0","44.59","19.4","3.24","0","0","2","0","37.14","66.99","80.17","89.34","55.55","7762","0"
"EV115839","Ford","Mustang Mach-E","SUV","2024","SK On","LFP","74.49","RWD","175393.7","2.19","Fleet","BAT-10015839","1168","91.43","43.39","32.45","92.37","3.635","0.0023","341.69","12.45","28.39","0.311","96.65","97.29","68.11","8.57","37","0.59","0.26","40.54","180.13",,"0.94","2","0","89.81","56.53","84.1","83.6","94.53","0.38","0.4","30.96","3.33","19.96","-8.45","77.4","2332.58","Desert","19.97","676.1","94.55","10","0","64.93","2.02","4.4","25.06","1","3","2","48.76","30.76","95.46","80.8","41.02","8416","0"
"EV109513","Tesla","Model Y","Truck","2020","SK On","NMC","110.76","AWD","226027.3","5.62","Fleet","BAT-10009513","1672","87.02","8.49","28.94","85.51","3.238","0.0346","307.61","34.78","51.02","0.377","96.88","97.37","96.38","12.98","37","0.54","0.38","44.06","206.12","0.89","0.53","2","0","109.49","52.81","29.53","49.71","74.99","0.53","0.84","38","-14.24","1.73","-21.69","13","2253.38","Hilly","0.26","689.6","97.56","12","0","71.95","24.32","47.65","32.94","1","3","1","46.46","60.09","79.67","77.36","31.38","8907","0"
"EV111101","Volkswagen","ID.4","Sedan","2021","SK On","LMO","75.49","RWD","113385.6","5.21","Private","BAT-10011101","1006","80.02","59.57","49.54","81.17","3.669","0.0019","297.19","13.09","23.88","0.503","96.33","93.99","60.41","19.98","15",,"0.7","64.56","91.54","0.43","0.21","0","1","83.05","77.98","62.23","87.52","75.1","0.75","0.8","60.7","-15.57","-7.88","-23.5","42.13","847.35","Mountainous","78.58","634.1","85.91","0","1","72.71","10.15","7.13","32.94","1","1","0","63.64","46.92","91.2","89.9","42.77","6719","0"
"EV102212","Mercedes-Benz","EQE","Van","2023","Envision AESC","LFP","35.78","RWD","114595.3","2.66","Private","BAT-10002212",,"97","79.4","27.42","98.31","3.628","0.0036","308.38","25.72","32.01","0.152","97.51","97.55","34.71","3","35","0.32","0.64","32.62","64.67","0.59","0.87","1","0","70.5","138.53","74.74","55.45","69.93","0.65","0.53","65.98","-21.26","-11.91","-28.02","86.47","2314.57","Mountainous","20.59","1188.4","93.79","18",,"46.96","7.15","6.14","32.94","0","1","0","45.83","36.47","89.96","92.7",,"9652","0"
"EV115948","Audi","Q4 e-tron","SUV","2022","CATL","LMO","77.4","FWD","91252.1","3.59","Private","BAT-10015948","559","94.43","76.28","35.32","92.86","3.539",,"254.81","41.86","51.87","0.203","96.61","98.27","73.09","5.57","33","0.1","0.75","47.45","111.53","0.62","0.06","0","0","112.17","41.31","42.35","97.59","61.03","0.94","0.89","16.02","-4.87","10.03","-15.95","9.97","1048.66","Coastal","83.29","1225.9","88.63","3","2","48.89","40.23","19.63","32.94","1","0","2","39.41","25.03","55.83",,"38.9","10975","0"
"EV112695","Hyundai",,"Crossover","2024",,"NMC","27.9","FWD","93083.6","1.99","Private","BAT-10012695","624","92.87",,"21.5","93.65","3.49","0.0035","293.16","47.52","63.92","0.222","97.16","97.09","25.91","7.13","40","0.24","0.62","27.05","89.34","0.19","0.89","1","1","55.71","120","54.19","73.09","64.03","0.35","0.89","84.1",,"38.02","22.07","29.21","2411.09","Mountainous","88.52","1416.9","93.84","18","0","42","55.2","6.33","32.94","2","0","0","44.49","23.8","43.16","89.18","49.54","10664","0"
"EV109661","Lucid","Air","Crossover","2015","Envision AESC","NMC","103.33","FWD","92639.6","10.97","Private","BAT-10009661","1146","77.02","39.69","26.96","77.41","3.625","0.0026","297.25","18.02","26.01","0.586","94.87","94.53","79.58","22.98","40","0.08","0.71","41.26","207.67","0.08","0.02","0","1","116.71","39.12","17.15",,"60.95","0.44","0.26","30.08","19.14","37.98","1.97","23.58","673.99","Hilly","82.57","1343.1",,,"0","36.12","13.4","4.29","6.87","1","3","0","24.63","81.68","89.99","99.62","39.9","7536","0"
"EV103330","MG","ZS EV","Crossover","2020","Guoxuan","NMC","44.29","FWD","138389.2","5.91","Private","BAT-10003330","1097","83.95","60.65","80.94","83.93","3.733","0.0009","313.57","28.31","42.48","0.31","95.45","96.87","37.18","16.05","11","0.35","0.44","65.98","42.38","0.84","0.3","0","0","111.79","68.47","52.04","49.37","57.07","0.34","0.72","77.24","-4.08","11.84","-10.79","20.42","1937.01","Coastal","80.45","94.6","97.04","8","0","100","12.83","3.09","32.94","0","0","1","65.25","42.86","88.01","91.05","43.1","7908","0"
"EV104575","Tesla","Model S","Van","2021","SK On","NMC","107.99","AWD","181532.1","5.67","Private","BAT-10004575",,"91.37","99.61","51.21","91.71","3.586","0.003","251.02","34.52","51.1","0.166","96.34","96.93","98.67","8.63","9","0.3","0.66","15.85","501.51","0.17","0.22","2","0","76.34","73.73",,"21.49","83.58","0.79","0.08","72.12","31.62","46.53","17.33","62.16","1986.23","Mountainous","63.86","202.4","95.65","14","1","94.06","32.04","6.08","19.48","0","0","1","35.97","57.3","69.07","84.22","15.81",,"0"
"EV109676","Rivian","R1S","Van",,"LG Energy Solution","NMC","80","FWD","175830.7","9.06","Private","BAT-10009676","1433","67.43","94.49","52.56","64.95","3.681","0.005","261.35","22.41","35.92","0.622","94.53","93.84","53.94","32.57","14","0.25",,"258.1","22.94","0.47",,"1","2","31.66","74.4","80.15","57.37","33","0.14","0.16",,"-20.36","-5.43","-30.02","76.53","1652.07","Coastal","54.53","636.5","90.01","26","0","69.88","7.18","8.28","32.94","0","0","2","75.56","80.57","95.55","74.5","55.14","5260","0"
"EV119552","GM","Chevrolet Bolt","Van","2019",,"LFP","59.57","RWD",,"7.08","Fleet","BAT-10019552","1022","91.22","35.29","52.53","91.09","3.747","0.0011","281.02","25.35","45.21","0.179","96.99","95.16",,"8.78","2","0.14","0.62",,"123.55","0.58","0.66","0","1","88.66",,"78.39","77.02","73.4","0.8","0.29","87","-18.28","-12.7","-36.78","39.26","766.89","Mountainous","64.11","68.9","94.04","16","2","84.9","14.36","6.73","32.94","1","0","0",,"58.01",,"92.21","52.33","8614","0"
"EV113690","Honda","e:N1","SUV","2017","Northvolt","LFP","117.71","FWD","119198.7","9.1","Private","BAT-10013690","945","83.51","95.03","58.14","83.65","3.675","0.001","323.4","26.49","43.95","0.318","95.43","95.37","98.3","16.49","14","0.43","0.52","87.98","96.88","0.43","0.75","0","0","49","130.71","28.98","94.32","55.54",,"0.58","97.18","22.15","40.78","6.21","28.82","1938.1","Coastal","40.44","858.5","86.95","29","0","68.29","19.47","1.43","21.8","2","0","0",,"63.28","81.74","98.21","47.41","8393","0"
"EV112903","Hyundai","Kona Electric","SUV","2024","Northvolt","LTO","94.46","FWD","148983.7","1.96","Private","BAT-10012903","777","96.97","2.68","85.09","97.05","3.666","0.0278","348.27","26.33","40.04","0.197","97.37","97.75","91.6","3.03","9","0.33","0.62","25.18","182.26","0.29","0.03","2","1","80.14","118.13","97.66","81.09","6.24","0.51","0.16","56.66","45.02","61.37","30.13","13.2","2092.13","Flat","81.32","1360.8","76.76","23","0","50.51","21.97","39.71","0","1","2","1","43.4","25.49","78.64","79.11","67.28","10427","0"
"EV114030","Mahindra","BE 6","SUV",,"LG Energy Solution","LMO","134.17","FWD","203704.7","5.06","Private","BAT-10014030","1303","96.73","17.55","40.19","100","3.751",,"266.32","10.7","29.86","0.272","98.33","98.3","129.78","3.27","1","0.17","0.73","48.64","224.96","0.86","0.3","1","1","83.79","121.58","26.89","7.43","43.19","0.08","0.98","195.85","6.74","16.86","-9.66","6.62","2449.7","Desert","5.86","67.6","96.71","28","4","79.35","1.06","24.34","23.12","1","0","0","34.1","48.93","100","94.17","38.68",,"0"
"EV115281","Audi","e-tron GT","Crossover","2015","LG Energy Solution","LTO","145.53","AWD","362020.8","11.23","Private","BAT-10015281","2135","64.28","65.35","35.26","63.98","3.666","0.0256","351.94","18.45","30.11",,"94.11","93.92","93.55","35.72","9","0.33","0.61","20.74","441.16","0.35","0.25","0","1","60.34","47.85","48.5","92.85","28.52","0.39","0.54","35.36","-14.06","2.12","-29.91","53.19","1142.24","Desert","22.65","1023.7","81.64","18","1","58.58","12.51","38.25","32.94","2","1","0","60.29","100","87.87","84.27","41.04","4518","0"
"EV101720","Renault","Megane E-Tech","Hatchback","2024","Northvolt","NMC","52.32","AWD","70832.9","1.86","Private","BAT-10001720","651","95.91","17.5","71.57","96.55","3.786","0.0015","355.88","39.63","54.24","0.176","96.76","97.44","50.18","4.09","30","0.69","0.28","28.45","124.33","0.75","0.63","0",,"88.16","137.81","81.29","18.5","51.13","0.91","0.79","153.62","6.39","14.46","-1.47","69.3","221.94","Hilly","35.66","1026.9",,,"0","68.63","43.52","2.76","32.94",,"2","1",,"23.42","53.45",,"54.51","9925","0"
"EV115969","Kia","EV6","SUV","2023","Guoxuan","NMC","54.39","FWD","197583.7","3.39","Private","BAT-10015969","1661","84.45","34.55","38.45","84.53","3.85","0.0096","361.9","24.63","40.34","0.439",,"95.94","45.93","15.55","39","0.28","0.55","27.24","203.34","0.11","0.13","2","1","67.13","56.76","62.21","54.28","36.78","0.39","0.93","51.33","3.4","18.29","-3.86","53.66","553.3",,"94.91","904.6","86.06","30","2","60.57","16.19","18.86","32.94","2","1","1","55.12","55.51","84.15","76.09","45.69","7918","0"
"EV104124","Ford","F-150 Lightning","Crossover","2021","Envision AESC","LFP","103.45","FWD","188554.1","5","Private","BAT-10004124","1563","79.62",,"36.05","78.16","3.63","0.0354","373.89","21.79","36.54","0.492",,"94.64","82.37","20.38","24","0.24","0.74","8.71","600","0.71","0.88","0","0","84.26","79.4","4.48","13.73","19.15","0.26","0.34","109.64","23.81","41.67","9.96","23.79","2354.11","Flat",,"892.9","86.01","6","0","65.78","14.11","46.82",,"0","3","1","34.39","58.47","90.45","96.61","30.19","9021","0"
"EV111063","Tesla","Model Y","SUV","2023","BYD Battery",,"132.26","AWD","98165","3.31","Private","BAT-10011063","797",,"34.64","19.41","85.04","3.552","0.0385","362.3","15.56","34.64","0.369","96.65","95.81","114.47","13.45","31","0.15","0.63","35.22","348.9","0.21","0.21","1","1","107.22","83.26","7.7","46.87","93.95","0.4","0.19","96.03","4.71","19.77","-9.09","9.03","1967.69","Desert","64.41","391.7",,"30",,"65.41","10.46","57.78","29.93","0","2","1","41.29","35.12","91.02","86.05","22.4","8817","0"
"EV110688","Audi","e-tron GT","Hatchback","2021","CATL","LFP","64.03","AWD","173330.4","5.17","Private","BAT-10010688","1207",,,"44.61","77.24","3.714",,"323.12","37.96","59.13","0.496","96.13","94.56","50.58","21","32","0.7","0.05","37.7","144.35","0.89","0","1","2","103.92","142.73","67.15","17.99","43.53","0.92","0.28","93.64","17.61","27.35","6.28","11.51","2409.45","Desert","49.99","620.1","86.9","11","0","80.06","57.78","7.07","32.94","1","3","0","68.87","63.44","39.28","66.51","40.73","6481","1"
"EV103939","Rivian","R1S","SUV","2018","LG Energy Solution","LFP","54.6","RWD","294497.8","8.12","Fleet","BAT-10003939","2211","64.09","94.49","72.19","64.35","3.567","0.0035","299.63","27.27","47.08","0.73","94.12","91.98","34.99","35.91","41","0.3","0.46","81.87","34.25","0.72",,"2",,"17.72","35","69.41","13.31","68.76","0.72","0.15","60.28","-13.12","-7.42","-26.47","78.66","2206.02","Coastal","17.84","332.6","93","15","1","80.55","25.99","9.69","32.94","1","2","1","67.92","88.76","69.43","79.74","42",,"1"
"EV109791","Lucid","Air","Sedan","2019","Panasonic","NMC","94.28",,"145309","6.95","Private","BAT-10009791","1759","76.18","55.37","29.88","75.6","3.566","0.0004","328.07","24.54","42.44","0.503","95.5","93.76","71.82","23.82","17","0.45","0.45","24.46","321.33","0.28","0.14","1","3","54.73","103.37","29.42","23.29","61.93","0.39","0.63","83.69","44.72","50.2","34.7","11.75","1798.51","Mountainous","94.9","657.8","82.94","18","0","68.32","8.18","1.25","0","0","0","0","52.68","73.73","88.23","73.89","24.23","7007","0"
"EV106339","Honda","Prologue","Hatchback","2020","Panasonic","NMC","130.44","AWD","49598.5","5.69","Private","BAT-10006339","701","81.61","75.62","27.96","81.69","3.555","0.0007","362.61","11.76","21.14","0.431","97.06","93.88",,"18.39","21","0.22","0.61","58.46","174.81","0.42","0.34","1","1","99.25","132.12","33.45","23.6",,"0.45","0.6","133.41","-19.65","-2.52","-37.96","30.38","1923.4","Coastal","80.13","745.5","92.78","11","1","66.11",,"4.61","32.94","1","1","1","52.53","45.56","83.9","91.75","40.08","8326","0"
"EV108653","Volvo","XC40 Recharge","Hatchback","2016","BYD Battery","LFP","88.03","AWD","193806.8","10.14",,"BAT-10008653","1565","67.2","78.37","64","65.03","3.605","0.0112","335.26","34.73","49.25","0.777","95.31","94.2","59.16",,"9","0.26","0.56","20.49","351.03","0.05","0.21","1","0","101.84","102.03","36.98","21.89","14.05","0.57","0.43","95.9","33.47","53.37","18.79","39.19","1019.3","Coastal","47.72","27.9","72.72","2","1",,"35.06","19.47","15.78","1","3","0","49.58","91.43","67.94","86.26","37.74","6094","1"
"EV109596","Volkswagen","ID.3","Hatchback","2021","SK On","NMC","129.75","FWD","191376.9","4.64","Fleet","BAT-10009596","1551","88.09","74.34","72.25","86.65","3.639","0.0015","345.7","30.9","41.51","0.252","96.29","95.48","114.3","11.91","11","0.37","0.5","18.99","496.5","0.24","0.32","1","0","102.51","47.83","24.89","67.53","82.12","0.13","0.23","84.36","10.25","26.81","-9.41","19.9","2282.41","Flat","71.35","804.4","93.82","17","3","56.37","20.16","10.6","31.26","0","1","0","54.01","55.43","79.55","81.02","28.88","7783","0"
"EV117514","Nissan","Leaf","Van","2022","BYD Battery","LMO","42.18","AWD","151573.1","3.89","Private","BAT-10017514","1242","80.93","81.28","42.33","80.1","3.85","0.0009","284.9","15.65","29.42","0.465","95.29","94.57","34.14","19.07","31","0.05","0.87","28.85","138.29","0.53","0.93","1","0",,"124.83",,"44.17","43.57","0.29","0.9","205.3","1.69","20.9","-12.74","93.6","2323.15",,"56.96",,"91.81","11","0","72.96","11.44","3.92","27.73","0","3","0","37.43","48","90.58","100","48.48","9765","0"
"EV119052","Kia","EV6","Van","2016","Panasonic","LFP","41.86",,"119902.9","9.96","Fleet","BAT-10019052","1113","59.66","62.14","23.72","61.62","3.846","0.0013","307.68","33.54","43.26","1.015","94.4","93.82","24.97","40.34","14",,"0.36",,"141.57","0.91","0.77","0","0","95.62","60.91","19.37","84.09",,"0.66","0.09","48.04","7.36","17.13","2.06","74.47","2017.14",,"92.6","181.1","82.44","7","4","83.29","23.65","11.47","32.94","2","3","0","62.94","75.34","74.07","90.57","37.75","5306","1"
"EV107343","BMW","i4","Crossover","2017","Panasonic","LMO","129.42","RWD","273861.8","9.28","Private","BAT-10007343","1662","84.97","10.35","18.69","85.33","3.503","0.0195","311.77","19.56","34.96","0.334","96.99","95.64","109.97","15.03","25","0.2","0.7",,"82.23","0.1","0.39","0","3","54.55","79.14","42.06","41.79","18.92","0.06","0.11",,"30.8","46.6",,"86.24","1107.39","Desert","88.01","465.2","83.49","7","2","76.74","3.33","32.62","4.16",,"0","0",,"79.91","95.69","78.76","38.97","7938","0"